week_ending,store_id,sku,qty_sold
2026-04-12,S013,SKU00057,1
2026-04-05,S013,SKU00057,2
2026-03-29,S013,SKU00057,1
2026-03-22,S013,SKU00057,1
2026-03-15,S013,SKU00057,1
2026-03-08,S013,SKU00057,1
2026-03-01,S013,SKU00057,1
2026-02-22,S013,SKU00057,2
2026-04-12,S044,SKU00033,16
2026-04-05,S044,SKU00033,10
2026-03-29,S044,SKU00033,11
2026-03-22,S044,SKU00033,11
2026-03-15,S044,SKU00033,16
2026-03-08,S044,SKU00033,10
2026-03-01,S044,SKU00033,6
2026-02-22,S044,SKU00033,10
2026-04-12,S040,SKU00062,1
2026-04-05,S040,SKU00062,1
2026-03-22,S040,SKU00062,2
2026-03-15,S040,SKU00062,1
2026-03-08,S040,SKU00062,1
2026-03-01,S040,SKU00062,2
2026-02-22,S040,SKU00062,3
2026-04-12,S064,SKU00033,3
2026-04-05,S064,SKU00033,6
2026-03-29,S064,SKU00033,1
2026-03-22,S064,SKU00033,2
2026-03-15,S064,SKU00033,5
2026-03-08,S064,SKU00033,3
2026-03-01,S064,SKU00033,1
2026-02-22,S064,SKU00033,4
2026-04-12,S028,SKU00054,2
2026-04-05,S028,SKU00054,1
2026-03-29,S028,SKU00054,1
2026-03-22,S028,SKU00054,1
2026-03-08,S028,SKU00054,1
2026-03-01,S028,SKU00054,2
2026-02-22,S028,SKU00054,2
2026-04-12,S021,SKU00004,19
2026-04-05,S021,SKU00004,14
2026-03-29,S021,SKU00004,27
2026-03-22,S021,SKU00004,23
2026-03-15,S021,SKU00004,23
2026-03-08,S021,SKU00004,21
2026-03-01,S021,SKU00004,18
2026-02-22,S021,SKU00004,7
2026-04-12,S026,SKU00016,3
2026-04-05,S026,SKU00016,2
2026-03-29,S026,SKU00016,4
2026-03-22,S026,SKU00016,3
2026-03-15,S026,SKU00016,3
2026-03-08,S026,SKU00016,2
2026-03-01,S026,SKU00016,2
2026-02-22,S026,SKU00016,3
2026-04-12,S018,SKU00038,23
2026-04-05,S018,SKU00038,16
2026-03-29,S018,SKU00038,17
2026-03-22,S018,SKU00038,18
2026-03-15,S018,SKU00038,22
2026-03-08,S018,SKU00038,15
2026-03-01,S018,SKU00038,17
2026-02-22,S018,SKU00038,13
2026-04-12,S040,SKU00042,2
2026-04-05,S040,SKU00042,2
2026-03-29,S040,SKU00042,4
2026-03-22,S040,SKU00042,2
2026-03-15,S040,SKU00042,2
2026-03-08,S040,SKU00042,2
2026-03-01,S040,SKU00042,3
2026-02-22,S040,SKU00042,3
2026-04-12,S018,SKU00025,20
2026-04-05,S018,SKU00025,20
2026-03-29,S018,SKU00025,19
2026-03-22,S018,SKU00025,18
2026-03-15,S018,SKU00025,20
2026-03-08,S018,SKU00025,20
2026-03-01,S018,SKU00025,16
2026-02-22,S018,SKU00025,17
2026-04-12,S007,SKU00070,2
2026-04-05,S007,SKU00070,3
2026-03-29,S007,SKU00070,1
2026-03-22,S007,SKU00070,2
2026-03-15,S007,SKU00070,2
2026-03-08,S007,SKU00070,2
2026-03-01,S007,SKU00070,2
2026-02-22,S007,SKU00070,2
2026-04-05,S027,SKU00015,11
2026-03-29,S027,SKU00015,11
2026-03-22,S027,SKU00015,8
2026-03-15,S027,SKU00015,5
2026-03-08,S027,SKU00015,13
2026-03-01,S027,SKU00015,12
2026-02-22,S027,SKU00015,17
2026-04-12,S001,SKU00008,11
2026-04-05,S001,SKU00008,10
2026-03-29,S001,SKU00008,12
2026-03-22,S001,SKU00008,12
2026-03-15,S001,SKU00008,10
2026-03-08,S001,SKU00008,14
2026-03-01,S001,SKU00008,11
2026-02-22,S001,SKU00008,8
2026-04-12,S001,SKU00063,2
2026-04-05,S001,SKU00063,2
2026-03-29,S001,SKU00063,2
2026-03-22,S001,SKU00063,2
2026-03-15,S001,SKU00063,2
2026-03-08,S001,SKU00063,2
2026-03-01,S001,SKU00063,1
2026-02-22,S001,SKU00063,1
2026-04-12,S043,SKU00056,2
2026-04-05,S043,SKU00056,1
2026-03-29,S043,SKU00056,2
2026-03-22,S043,SKU00056,1
2026-03-15,S043,SKU00056,2
2026-03-01,S043,SKU00056,1
2026-02-22,S043,SKU00056,1
2026-04-12,S045,SKU00036,2
2026-04-05,S045,SKU00036,4
2026-03-29,S045,SKU00036,3
2026-03-22,S045,SKU00036,1
2026-03-15,S045,SKU00036,3
2026-03-08,S045,SKU00036,3
2026-03-01,S045,SKU00036,2
2026-02-22,S045,SKU00036,4
2026-03-29,S016,SKU00066,1
2026-03-22,S016,SKU00066,1
2026-03-15,S016,SKU00066,1
2026-03-08,S016,SKU00066,1
2026-03-01,S016,SKU00066,1
2026-02-22,S016,SKU00066,1
2026-04-12,S007,SKU00004,8
2026-04-05,S007,SKU00004,7
2026-03-29,S007,SKU00004,4
2026-03-22,S007,SKU00004,3
2026-03-15,S007,SKU00004,7
2026-03-08,S007,SKU00004,4
2026-03-01,S007,SKU00004,5
2026-02-22,S007,SKU00004,4
2026-04-12,S037,SKU00050,5
2026-04-05,S037,SKU00050,3
2026-03-22,S037,SKU00050,6
2026-03-15,S037,SKU00050,15
2026-03-08,S037,SKU00050,6
2026-03-01,S037,SKU00050,10
2026-02-22,S037,SKU00050,14
2026-04-12,S035,SKU00002,18
2026-04-05,S035,SKU00002,13
2026-03-29,S035,SKU00002,7
2026-03-22,S035,SKU00002,19
2026-03-15,S035,SKU00002,15
2026-03-08,S035,SKU00002,11
2026-03-01,S035,SKU00002,16
2026-02-22,S035,SKU00002,16
2026-04-12,S019,SKU00036,17
2026-04-05,S019,SKU00036,19
2026-03-29,S019,SKU00036,20
2026-03-22,S019,SKU00036,17
2026-03-15,S019,SKU00036,14
2026-03-08,S019,SKU00036,19
2026-03-01,S019,SKU00036,22
2026-02-22,S019,SKU00036,16
2026-04-12,S045,SKU00045,5
2026-04-05,S045,SKU00045,6
2026-03-29,S045,SKU00045,4
2026-03-22,S045,SKU00045,6
2026-03-15,S045,SKU00045,6
2026-03-08,S045,SKU00045,3
2026-03-01,S045,SKU00045,4
2026-02-22,S045,SKU00045,4
2026-04-05,S047,SKU00040,6
2026-03-29,S047,SKU00040,6
2026-03-22,S047,SKU00040,7
2026-03-15,S047,SKU00040,7
2026-03-08,S047,SKU00040,2
2026-03-01,S047,SKU00040,3
2026-02-22,S047,SKU00040,8
2026-04-05,S036,SKU00067,2
2026-03-29,S036,SKU00067,1
2026-03-22,S036,SKU00067,2
2026-03-15,S036,SKU00067,3
2026-03-08,S036,SKU00067,1
2026-03-01,S036,SKU00067,3
2026-02-22,S036,SKU00067,1
2026-04-12,S020,SKU00035,4
2026-04-05,S020,SKU00035,3
2026-03-29,S020,SKU00035,2
2026-03-22,S020,SKU00035,3
2026-03-15,S020,SKU00035,3
2026-03-08,S020,SKU00035,4
2026-03-01,S020,SKU00035,3
2026-02-22,S020,SKU00035,4
2026-04-12,S020,SKU00030,7
2026-04-05,S020,SKU00030,16
2026-03-29,S020,SKU00030,22
2026-03-22,S020,SKU00030,20
2026-03-15,S020,SKU00030,19
2026-03-08,S020,SKU00030,12
2026-03-01,S020,SKU00030,18
2026-02-22,S020,SKU00030,19
2026-03-15,S044,SKU00058,1
2026-03-08,S044,SKU00058,1
2026-03-01,S044,SKU00058,1
2026-04-12,S019,SKU00045,6
2026-04-05,S019,SKU00045,7
2026-03-29,S019,SKU00045,9
2026-03-22,S019,SKU00045,8
2026-03-15,S019,SKU00045,7
2026-03-08,S019,SKU00045,9
2026-03-01,S019,SKU00045,8
2026-02-22,S019,SKU00045,6
2026-04-12,S028,SKU00008,18
2026-04-05,S028,SKU00008,13
2026-03-29,S028,SKU00008,12
2026-03-22,S028,SKU00008,11
2026-03-15,S028,SKU00008,13
2026-03-08,S028,SKU00008,4
2026-03-01,S028,SKU00008,4
2026-02-22,S028,SKU00008,12
2026-04-12,S006,SKU00038,9
2026-04-05,S006,SKU00038,13
2026-03-29,S006,SKU00038,19
2026-03-22,S006,SKU00038,18
2026-03-15,S006,SKU00038,15
2026-03-08,S006,SKU00038,13
2026-03-01,S006,SKU00038,18
2026-02-22,S006,SKU00038,17
2026-04-12,S003,SKU00060,2
2026-04-05,S003,SKU00060,3
2026-03-29,S003,SKU00060,2
2026-03-22,S003,SKU00060,3
2026-03-15,S003,SKU00060,2
2026-03-08,S003,SKU00060,2
2026-03-01,S003,SKU00060,1
2026-02-22,S003,SKU00060,2
2026-04-12,S024,SKU00014,3
2026-04-05,S024,SKU00014,2
2026-03-29,S024,SKU00014,3
2026-03-22,S024,SKU00014,2
2026-03-15,S024,SKU00014,4
2026-03-01,S024,SKU00014,2
2026-02-22,S024,SKU00014,2
2026-04-12,S006,SKU00025,29
2026-04-05,S006,SKU00025,30
2026-03-29,S006,SKU00025,26
2026-03-22,S006,SKU00025,17
2026-03-15,S006,SKU00025,21
2026-03-08,S006,SKU00025,22
2026-03-01,S006,SKU00025,26
2026-02-22,S006,SKU00025,26
2026-04-12,S016,SKU00021,10
2026-04-05,S016,SKU00021,12
2026-03-29,S016,SKU00021,13
2026-03-22,S016,SKU00021,12
2026-03-15,S016,SKU00021,16
2026-03-08,S016,SKU00021,15
2026-03-01,S016,SKU00021,10
2026-02-22,S016,SKU00021,10
2026-04-12,S025,SKU00002,2
2026-04-05,S025,SKU00002,2
2026-03-29,S025,SKU00002,2
2026-03-22,S025,SKU00002,2
2026-03-15,S025,SKU00002,2
2026-03-08,S025,SKU00002,1
2026-03-01,S025,SKU00002,2
2026-02-22,S025,SKU00002,1
2026-04-12,S005,SKU00036,12
2026-04-05,S005,SKU00036,11
2026-03-29,S005,SKU00036,8
2026-03-22,S005,SKU00036,19
2026-03-15,S005,SKU00036,14
2026-03-08,S005,SKU00036,14
2026-03-01,S005,SKU00036,16
2026-02-22,S005,SKU00036,18
2026-04-12,S013,SKU00059,5
2026-04-05,S013,SKU00059,4
2026-03-29,S013,SKU00059,5
2026-03-22,S013,SKU00059,4
2026-03-15,S013,SKU00059,5
2026-03-08,S013,SKU00059,5
2026-03-01,S013,SKU00059,5
2026-02-22,S013,SKU00059,5
2026-04-12,S006,SKU00007,20
2026-04-05,S006,SKU00007,25
2026-03-29,S006,SKU00007,17
2026-03-22,S006,SKU00007,16
2026-03-15,S006,SKU00007,21
2026-03-08,S006,SKU00007,25
2026-03-01,S006,SKU00007,15
2026-02-22,S006,SKU00007,10
2026-04-12,S022,SKU00033,6
2026-04-05,S022,SKU00033,5
2026-03-29,S022,SKU00033,5
2026-03-22,S022,SKU00033,4
2026-03-15,S022,SKU00033,4
2026-03-08,S022,SKU00033,7
2026-03-01,S022,SKU00033,7
2026-02-22,S022,SKU00033,2
2026-04-12,S038,SKU00004,3
2026-04-05,S038,SKU00004,2
2026-03-29,S038,SKU00004,3
2026-03-22,S038,SKU00004,2
2026-03-15,S038,SKU00004,4
2026-03-08,S038,SKU00004,4
2026-03-01,S038,SKU00004,2
2026-02-22,S038,SKU00004,1
2026-04-12,S050,SKU00018,1
2026-04-05,S050,SKU00018,1
2026-03-29,S050,SKU00018,2
2026-03-15,S050,SKU00018,4
2026-03-08,S050,SKU00018,4
2026-03-01,S050,SKU00018,3
2026-02-22,S050,SKU00018,1
2026-03-29,S029,SKU00052,1
2026-03-22,S029,SKU00052,1
2026-03-01,S029,SKU00052,1
2026-02-22,S029,SKU00052,1
2026-04-12,S007,SKU00015,20
2026-04-05,S007,SKU00015,21
2026-03-29,S007,SKU00015,19
2026-03-22,S007,SKU00015,19
2026-03-15,S007,SKU00015,24
2026-03-08,S007,SKU00015,24
2026-03-01,S007,SKU00015,18
2026-02-22,S007,SKU00015,20
2026-04-12,S005,SKU00045,9
2026-04-05,S005,SKU00045,10
2026-03-29,S005,SKU00045,10
2026-03-22,S005,SKU00045,10
2026-03-15,S005,SKU00045,14
2026-03-08,S005,SKU00045,16
2026-03-01,S005,SKU00045,12
2026-02-22,S005,SKU00045,11
2026-04-12,S040,SKU00003,18
2026-04-05,S040,SKU00003,12
2026-03-29,S040,SKU00003,14
2026-03-22,S040,SKU00003,10
2026-03-15,S040,SKU00003,12
2026-03-08,S040,SKU00003,6
2026-03-01,S040,SKU00003,13
2026-02-22,S040,SKU00003,16
2026-04-12,S035,SKU00064,1
2026-04-05,S035,SKU00064,2
2026-03-29,S035,SKU00064,2
2026-03-22,S035,SKU00064,2
2026-03-15,S035,SKU00064,2
2026-03-08,S035,SKU00064,2
2026-03-01,S035,SKU00064,1
2026-02-22,S035,SKU00064,2
2026-04-12,S006,SKU00073,3
2026-04-05,S006,SKU00073,4
2026-03-29,S006,SKU00073,4
2026-03-22,S006,SKU00073,4
2026-03-15,S006,SKU00073,3
2026-03-08,S006,SKU00073,4
2026-03-01,S006,SKU00073,4
2026-02-22,S006,SKU00073,2
2026-04-12,S010,SKU00017,3
2026-04-05,S010,SKU00017,2
2026-03-29,S010,SKU00017,2
2026-03-22,S010,SKU00017,4
2026-03-15,S010,SKU00017,3
2026-03-08,S010,SKU00017,4
2026-03-01,S010,SKU00017,2
2026-02-22,S010,SKU00017,2
2026-04-12,S047,SKU00001,2
2026-04-05,S047,SKU00001,1
2026-03-29,S047,SKU00001,3
2026-03-22,S047,SKU00001,1
2026-03-15,S047,SKU00001,2
2026-03-08,S047,SKU00001,1
2026-03-01,S047,SKU00001,1
2026-02-22,S047,SKU00001,3
2026-04-12,S026,SKU00025,4
2026-04-05,S026,SKU00025,5
2026-03-29,S026,SKU00025,5
2026-03-22,S026,SKU00025,4
2026-03-15,S026,SKU00025,6
2026-03-08,S026,SKU00025,5
2026-03-01,S026,SKU00025,7
2026-02-22,S026,SKU00025,6
2026-04-12,S026,SKU00007,17
2026-04-05,S026,SKU00007,14
2026-03-29,S026,SKU00007,14
2026-03-22,S026,SKU00007,11
2026-03-15,S026,SKU00007,12
2026-03-08,S026,SKU00007,17
2026-03-01,S026,SKU00007,13
2026-02-22,S026,SKU00007,11
2026-04-12,S001,SKU00040,3
2026-04-05,S001,SKU00040,4
2026-03-29,S001,SKU00040,5
2026-03-22,S001,SKU00040,5
2026-03-15,S001,SKU00040,3
2026-03-08,S001,SKU00040,3
2026-03-01,S001,SKU00040,3
2026-02-22,S001,SKU00040,5
2026-04-12,S047,SKU00062,2
2026-03-29,S047,SKU00062,3
2026-03-22,S047,SKU00062,2
2026-03-15,S047,SKU00062,1
2026-03-08,S047,SKU00062,1
2026-03-01,S047,SKU00062,2
2026-02-22,S047,SKU00062,1
2026-04-12,S020,SKU00020,17
2026-04-05,S020,SKU00020,25
2026-03-29,S020,SKU00020,9
2026-03-22,S020,SKU00020,18
2026-03-15,S020,SKU00020,12
2026-03-08,S020,SKU00020,17
2026-03-01,S020,SKU00020,15
2026-02-22,S020,SKU00020,29
2026-04-12,S020,SKU00053,1
2026-04-05,S020,SKU00053,2
2026-03-29,S020,SKU00053,1
2026-03-22,S020,SKU00053,1
2026-03-15,S020,SKU00053,3
2026-03-08,S020,SKU00053,2
2026-03-01,S020,SKU00053,2
2026-02-22,S020,SKU00053,3
2026-04-12,S051,SKU00041,2
2026-04-05,S051,SKU00041,8
2026-03-29,S051,SKU00041,3
2026-03-22,S051,SKU00041,8
2026-03-15,S051,SKU00041,3
2026-03-01,S051,SKU00041,2
2026-02-22,S051,SKU00041,6
2026-04-12,S009,SKU00041,7
2026-04-05,S009,SKU00041,7
2026-03-29,S009,SKU00041,10
2026-03-22,S009,SKU00041,7
2026-03-15,S009,SKU00041,7
2026-03-08,S009,SKU00041,6
2026-03-01,S009,SKU00041,8
2026-02-22,S009,SKU00041,8
2026-04-12,S006,SKU00036,10
2026-04-05,S006,SKU00036,17
2026-03-29,S006,SKU00036,9
2026-03-22,S006,SKU00036,13
2026-03-15,S006,SKU00036,13
2026-03-08,S006,SKU00036,14
2026-03-01,S006,SKU00036,11
2026-02-22,S006,SKU00036,12
2026-04-12,S013,SKU00047,20
2026-04-05,S013,SKU00047,27
2026-03-29,S013,SKU00047,20
2026-03-22,S013,SKU00047,23
2026-03-15,S013,SKU00047,32
2026-03-08,S013,SKU00047,19
2026-03-01,S013,SKU00047,21
2026-02-22,S013,SKU00047,22
2026-04-05,S053,SKU00072,1
2026-03-29,S053,SKU00072,1
2026-03-15,S053,SKU00072,1
2026-03-08,S053,SKU00072,1
2026-03-01,S053,SKU00072,1
2026-02-22,S053,SKU00072,1
2026-04-12,S064,SKU00014,7
2026-04-05,S064,SKU00014,7
2026-03-29,S064,SKU00014,3
2026-03-22,S064,SKU00014,2
2026-03-15,S064,SKU00014,8
2026-03-08,S064,SKU00014,15
2026-03-01,S064,SKU00014,6
2026-02-22,S064,SKU00014,7
2026-04-12,S026,SKU00073,1
2026-04-05,S026,SKU00073,1
2026-03-29,S026,SKU00073,1
2026-03-22,S026,SKU00073,1
2026-03-15,S026,SKU00073,1
2026-03-08,S026,SKU00073,2
2026-03-01,S026,SKU00073,2
2026-02-22,S026,SKU00073,1
2026-04-12,S012,SKU00033,9
2026-04-05,S012,SKU00033,7
2026-03-29,S012,SKU00033,7
2026-03-22,S012,SKU00033,10
2026-03-15,S012,SKU00033,5
2026-03-08,S012,SKU00033,13
2026-03-01,S012,SKU00033,9
2026-02-22,S012,SKU00033,8
2026-04-12,S051,SKU00039,12
2026-04-05,S051,SKU00039,5
2026-03-29,S051,SKU00039,4
2026-03-22,S051,SKU00039,12
2026-03-15,S051,SKU00039,9
2026-03-08,S051,SKU00039,5
2026-03-01,S051,SKU00039,7
2026-02-22,S051,SKU00039,4
2026-04-12,S064,SKU00032,4
2026-04-05,S064,SKU00032,6
2026-03-29,S064,SKU00032,9
2026-03-15,S064,SKU00032,10
2026-03-08,S064,SKU00032,6
2026-03-01,S064,SKU00032,3
2026-02-22,S064,SKU00032,2
2026-04-12,S004,SKU00043,11
2026-04-05,S004,SKU00043,15
2026-03-29,S004,SKU00043,13
2026-03-22,S004,SKU00043,10
2026-03-15,S004,SKU00043,15
2026-03-08,S004,SKU00043,15
2026-03-01,S004,SKU00043,12
2026-02-22,S004,SKU00043,16
2026-04-12,S008,SKU00016,15
2026-04-05,S008,SKU00016,13
2026-03-29,S008,SKU00016,16
2026-03-22,S008,SKU00016,22
2026-03-15,S008,SKU00016,19
2026-03-08,S008,SKU00016,17
2026-03-01,S008,SKU00016,22
2026-02-22,S008,SKU00016,22
2026-04-12,S025,SKU00037,10
2026-04-05,S025,SKU00037,5
2026-03-29,S025,SKU00037,2
2026-03-22,S025,SKU00037,7
2026-03-15,S025,SKU00037,7
2026-03-08,S025,SKU00037,7
2026-03-01,S025,SKU00037,10
2026-02-22,S025,SKU00037,8
2026-04-12,S061,SKU00023,5
2026-04-05,S061,SKU00023,3
2026-03-29,S061,SKU00023,7
2026-03-22,S061,SKU00023,5
2026-03-15,S061,SKU00023,6
2026-03-08,S061,SKU00023,4
2026-03-01,S061,SKU00023,6
2026-02-22,S061,SKU00023,6
2026-04-12,S006,SKU00045,13
2026-04-05,S006,SKU00045,15
2026-03-29,S006,SKU00045,9
2026-03-22,S006,SKU00045,13
2026-03-15,S006,SKU00045,10
2026-03-08,S006,SKU00045,14
2026-03-01,S006,SKU00045,14
2026-02-22,S006,SKU00045,15
2026-04-12,S028,SKU00040,16
2026-04-05,S028,SKU00040,7
2026-03-29,S028,SKU00040,10
2026-03-22,S028,SKU00040,9
2026-03-15,S028,SKU00040,9
2026-03-08,S028,SKU00040,7
2026-03-01,S028,SKU00040,15
2026-02-22,S028,SKU00040,14
2026-04-12,S034,SKU00035,5
2026-04-05,S034,SKU00035,8
2026-03-29,S034,SKU00035,5
2026-03-22,S034,SKU00035,9
2026-03-15,S034,SKU00035,10
2026-03-08,S034,SKU00035,8
2026-03-01,S034,SKU00035,10
2026-02-22,S034,SKU00035,11
2026-04-12,S034,SKU00030,3
2026-04-05,S034,SKU00030,3
2026-03-29,S034,SKU00030,3
2026-03-22,S034,SKU00030,5
2026-03-15,S034,SKU00030,3
2026-03-08,S034,SKU00030,4
2026-03-01,S034,SKU00030,6
2026-02-22,S034,SKU00030,6
2026-04-12,S058,SKU00015,3
2026-04-05,S058,SKU00015,1
2026-03-29,S058,SKU00015,1
2026-03-22,S058,SKU00015,2
2026-03-15,S058,SKU00015,2
2026-02-22,S058,SKU00015,1
2026-04-12,S004,SKU00016,14
2026-04-05,S004,SKU00016,12
2026-03-29,S004,SKU00016,12
2026-03-22,S004,SKU00016,15
2026-03-15,S004,SKU00016,12
2026-03-08,S004,SKU00016,12
2026-03-01,S004,SKU00016,12
2026-02-22,S004,SKU00016,12
2026-04-12,S031,SKU00023,3
2026-04-05,S031,SKU00023,3
2026-03-29,S031,SKU00023,3
2026-03-22,S031,SKU00023,1
2026-03-15,S031,SKU00023,3
2026-03-08,S031,SKU00023,3
2026-03-01,S031,SKU00023,3
2026-02-22,S031,SKU00023,2
2026-04-12,S007,SKU00022,3
2026-04-05,S007,SKU00022,3
2026-03-29,S007,SKU00022,2
2026-03-22,S007,SKU00022,2
2026-03-15,S007,SKU00022,3
2026-03-08,S007,SKU00022,1
2026-03-01,S007,SKU00022,4
2026-02-22,S007,SKU00022,5
2026-04-12,S032,SKU00018,7
2026-04-05,S032,SKU00018,6
2026-03-29,S032,SKU00018,6
2026-03-22,S032,SKU00018,5
2026-03-15,S032,SKU00018,5
2026-03-08,S032,SKU00018,6
2026-03-01,S032,SKU00018,6
2026-02-22,S032,SKU00018,4
2026-04-12,S002,SKU00041,19
2026-04-05,S002,SKU00041,23
2026-03-29,S002,SKU00041,17
2026-03-22,S002,SKU00041,14
2026-03-15,S002,SKU00041,14
2026-03-08,S002,SKU00041,16
2026-03-01,S002,SKU00041,21
2026-02-22,S002,SKU00041,18
2026-04-12,S037,SKU00067,1
2026-04-05,S037,SKU00067,1
2026-03-29,S037,SKU00067,1
2026-03-22,S037,SKU00067,1
2026-03-15,S037,SKU00067,1
2026-03-08,S037,SKU00067,1
2026-03-01,S037,SKU00067,1
2026-02-22,S037,SKU00067,1
2026-04-12,S065,SKU00035,9
2026-04-05,S065,SKU00035,7
2026-03-29,S065,SKU00035,8
2026-03-22,S065,SKU00035,8
2026-03-15,S065,SKU00035,4
2026-03-08,S065,SKU00035,4
2026-03-01,S065,SKU00035,10
2026-02-22,S065,SKU00035,5
2026-04-12,S039,SKU00068,1
2026-04-05,S039,SKU00068,1
2026-03-29,S039,SKU00068,2
2026-03-22,S039,SKU00068,1
2026-03-08,S039,SKU00068,1
2026-03-01,S039,SKU00068,2
2026-02-22,S039,SKU00068,3
2026-04-12,S010,SKU00032,7
2026-04-05,S010,SKU00032,12
2026-03-29,S010,SKU00032,11
2026-03-22,S010,SKU00032,11
2026-03-15,S010,SKU00032,8
2026-03-08,S010,SKU00032,12
2026-03-01,S010,SKU00032,15
2026-02-22,S010,SKU00032,14
2026-04-12,S041,SKU00041,14
2026-04-05,S041,SKU00041,10
2026-03-22,S041,SKU00041,3
2026-03-15,S041,SKU00041,16
2026-03-08,S041,SKU00041,16
2026-03-01,S041,SKU00041,10
2026-02-22,S041,SKU00041,7
2026-04-12,S002,SKU00017,17
2026-04-05,S002,SKU00017,24
2026-03-29,S002,SKU00017,16
2026-03-22,S002,SKU00017,16
2026-03-15,S002,SKU00017,14
2026-03-08,S002,SKU00017,19
2026-03-01,S002,SKU00017,15
2026-02-22,S002,SKU00017,20
2026-04-12,S002,SKU00039,11
2026-04-05,S002,SKU00039,11
2026-03-29,S002,SKU00039,7
2026-03-22,S002,SKU00039,10
2026-03-15,S002,SKU00039,10
2026-03-08,S002,SKU00039,10
2026-03-01,S002,SKU00039,10
2026-02-22,S002,SKU00039,10
2026-04-12,S030,SKU00011,10
2026-04-05,S030,SKU00011,17
2026-03-29,S030,SKU00011,16
2026-03-22,S030,SKU00011,17
2026-03-15,S030,SKU00011,14
2026-03-08,S030,SKU00011,14
2026-03-01,S030,SKU00011,13
2026-02-22,S030,SKU00011,8
2026-04-12,S017,SKU00010,14
2026-04-05,S017,SKU00010,13
2026-03-29,S017,SKU00010,16
2026-03-22,S017,SKU00010,20
2026-03-15,S017,SKU00010,19
2026-03-08,S017,SKU00010,13
2026-03-01,S017,SKU00010,17
2026-02-22,S017,SKU00010,16
2026-04-12,S001,SKU00062,2
2026-04-05,S001,SKU00062,2
2026-03-29,S001,SKU00062,2
2026-03-22,S001,SKU00062,3
2026-03-15,S001,SKU00062,3
2026-03-08,S001,SKU00062,2
2026-03-01,S001,SKU00062,2
2026-02-22,S001,SKU00062,2
2026-04-12,S020,SKU00064,4
2026-04-05,S020,SKU00064,4
2026-03-29,S020,SKU00064,3
2026-03-22,S020,SKU00064,3
2026-03-15,S020,SKU00064,3
2026-03-08,S020,SKU00064,2
2026-03-01,S020,SKU00064,3
2026-02-22,S020,SKU00064,2
2026-04-12,S051,SKU00006,3
2026-04-05,S051,SKU00006,5
2026-03-22,S051,SKU00006,6
2026-03-15,S051,SKU00006,4
2026-03-08,S051,SKU00006,4
2026-03-01,S051,SKU00006,8
2026-02-22,S051,SKU00006,5
2026-04-12,S041,SKU00017,2
2026-04-05,S041,SKU00017,1
2026-03-29,S041,SKU00017,1
2026-03-22,S041,SKU00017,1
2026-03-15,S041,SKU00017,2
2026-03-08,S041,SKU00017,1
2026-03-01,S041,SKU00017,2
2026-02-22,S041,SKU00017,2
2026-04-12,S054,SKU00012,2
2026-04-05,S054,SKU00012,1
2026-03-29,S054,SKU00012,1
2026-03-22,S054,SKU00012,1
2026-03-15,S054,SKU00012,3
2026-03-08,S054,SKU00012,2
2026-03-01,S054,SKU00012,2
2026-02-22,S054,SKU00012,4
2026-04-12,S009,SKU00006,1
2026-04-05,S009,SKU00006,3
2026-03-29,S009,SKU00006,1
2026-03-22,S009,SKU00006,2
2026-03-15,S009,SKU00006,3
2026-03-08,S009,SKU00006,4
2026-03-01,S009,SKU00006,1
2026-02-22,S009,SKU00006,2
2026-04-12,S010,SKU00061,1
2026-04-05,S010,SKU00061,1
2026-03-29,S010,SKU00061,2
2026-03-22,S010,SKU00061,2
2026-03-15,S010,SKU00061,1
2026-03-08,S010,SKU00061,2
2026-03-01,S010,SKU00061,1
2026-02-22,S010,SKU00061,1
2026-04-12,S027,SKU00072,1
2026-04-05,S027,SKU00072,2
2026-03-29,S027,SKU00072,2
2026-03-15,S027,SKU00072,2
2026-03-08,S027,SKU00072,1
2026-03-01,S027,SKU00072,1
2026-02-22,S027,SKU00072,1
2026-04-12,S035,SKU00074,3
2026-04-05,S035,SKU00074,4
2026-03-29,S035,SKU00074,4
2026-03-22,S035,SKU00074,3
2026-03-15,S035,SKU00074,3
2026-03-08,S035,SKU00074,3
2026-03-01,S035,SKU00074,4
2026-02-22,S035,SKU00074,3
2026-04-12,S012,SKU00058,2
2026-04-05,S012,SKU00058,1
2026-03-29,S012,SKU00058,1
2026-03-22,S012,SKU00058,2
2026-03-15,S012,SKU00058,1
2026-03-08,S012,SKU00058,2
2026-03-01,S012,SKU00058,2
2026-02-22,S012,SKU00058,2
2026-04-12,S041,SKU00039,10
2026-04-05,S041,SKU00039,7
2026-03-29,S041,SKU00039,14
2026-03-22,S041,SKU00039,10
2026-03-15,S041,SKU00039,12
2026-03-08,S041,SKU00039,6
2026-03-01,S041,SKU00039,11
2026-02-22,S041,SKU00039,17
2026-04-12,S042,SKU00054,3
2026-04-05,S042,SKU00054,1
2026-03-29,S042,SKU00054,1
2026-03-22,S042,SKU00054,1
2026-03-15,S042,SKU00054,1
2026-03-08,S042,SKU00054,2
2026-03-01,S042,SKU00054,1
2026-02-22,S042,SKU00054,1
2026-04-12,S045,SKU00041,7
2026-04-05,S045,SKU00041,7
2026-03-29,S045,SKU00041,4
2026-03-22,S045,SKU00041,7
2026-03-15,S045,SKU00041,3
2026-03-08,S045,SKU00041,8
2026-03-01,S045,SKU00041,6
2026-02-22,S045,SKU00041,5
2026-04-12,S001,SKU00042,12
2026-04-05,S001,SKU00042,12
2026-03-29,S001,SKU00042,11
2026-03-22,S001,SKU00042,12
2026-03-15,S001,SKU00042,14
2026-03-08,S001,SKU00042,14
2026-03-01,S001,SKU00042,13
2026-02-22,S001,SKU00042,17
2026-04-12,S018,SKU00018,10
2026-04-05,S018,SKU00018,14
2026-03-29,S018,SKU00018,14
2026-03-22,S018,SKU00018,13
2026-03-15,S018,SKU00018,14
2026-03-08,S018,SKU00018,14
2026-03-01,S018,SKU00018,14
2026-02-22,S018,SKU00018,9
2026-04-12,S038,SKU00022,6
2026-04-05,S038,SKU00022,4
2026-03-29,S038,SKU00022,7
2026-03-22,S038,SKU00022,5
2026-03-15,S038,SKU00022,6
2026-03-08,S038,SKU00022,6
2026-03-01,S038,SKU00022,7
2026-02-22,S038,SKU00022,3
2026-04-12,S022,SKU00014,6
2026-04-05,S022,SKU00014,5
2026-03-29,S022,SKU00014,9
2026-03-22,S022,SKU00014,5
2026-03-15,S022,SKU00014,7
2026-03-08,S022,SKU00014,7
2026-03-01,S022,SKU00014,6
2026-02-22,S022,SKU00014,1
2026-04-12,S019,SKU00066,4
2026-04-05,S019,SKU00066,2
2026-03-29,S019,SKU00066,3
2026-03-22,S019,SKU00066,4
2026-03-15,S019,SKU00066,3
2026-03-08,S019,SKU00066,3
2026-03-01,S019,SKU00066,3
2026-02-22,S019,SKU00066,2
2026-04-12,S015,SKU00060,2
2026-04-05,S015,SKU00060,2
2026-03-29,S015,SKU00060,2
2026-03-22,S015,SKU00060,2
2026-03-15,S015,SKU00060,3
2026-03-08,S015,SKU00060,4
2026-03-01,S015,SKU00060,2
2026-02-22,S015,SKU00060,2
2026-04-05,S025,SKU00069,2
2026-03-29,S025,SKU00069,1
2026-03-22,S025,SKU00069,2
2026-03-15,S025,SKU00069,1
2026-03-01,S025,SKU00069,2
2026-04-12,S016,SKU00052,2
2026-04-05,S016,SKU00052,2
2026-03-29,S016,SKU00052,2
2026-03-22,S016,SKU00052,2
2026-03-15,S016,SKU00052,2
2026-03-08,S016,SKU00052,1
2026-03-01,S016,SKU00052,2
2026-02-22,S016,SKU00052,1
2026-03-29,S052,SKU00054,1
2026-03-15,S052,SKU00054,1
2026-03-01,S052,SKU00054,1
2026-04-05,S060,SKU00014,8
2026-03-29,S060,SKU00014,5
2026-03-22,S060,SKU00014,6
2026-03-15,S060,SKU00014,6
2026-03-08,S060,SKU00014,3
2026-03-01,S060,SKU00014,6
2026-02-22,S060,SKU00014,9
2026-04-12,S036,SKU00001,20
2026-04-05,S036,SKU00001,10
2026-03-29,S036,SKU00001,14
2026-03-22,S036,SKU00001,15
2026-03-15,S036,SKU00001,20
2026-03-08,S036,SKU00001,9
2026-03-01,S036,SKU00001,19
2026-02-22,S036,SKU00001,13
2026-04-12,S032,SKU00017,7
2026-04-05,S032,SKU00017,4
2026-03-29,S032,SKU00017,10
2026-03-22,S032,SKU00017,5
2026-03-15,S032,SKU00017,8
2026-03-08,S032,SKU00017,6
2026-03-01,S032,SKU00017,7
2026-02-22,S032,SKU00017,11
2026-04-12,S025,SKU00074,2
2026-04-05,S025,SKU00074,2
2026-03-29,S025,SKU00074,3
2026-03-22,S025,SKU00074,3
2026-03-15,S025,SKU00074,1
2026-03-08,S025,SKU00074,1
2026-03-01,S025,SKU00074,3
2026-02-22,S025,SKU00074,3
2026-04-12,S049,SKU00020,6
2026-04-05,S049,SKU00020,5
2026-03-22,S049,SKU00020,3
2026-03-15,S049,SKU00020,7
2026-03-01,S049,SKU00020,7
2026-04-05,S050,SKU00061,1
2026-03-29,S050,SKU00061,1
2026-03-22,S050,SKU00061,2
2026-03-15,S050,SKU00061,1
2026-03-01,S050,SKU00061,1
2026-02-22,S050,SKU00061,1
2026-04-12,S028,SKU00062,1
2026-03-22,S028,SKU00062,1
2026-03-15,S028,SKU00062,1
2026-04-12,S037,SKU00011,11
2026-04-05,S037,SKU00011,9
2026-03-29,S037,SKU00011,8
2026-03-22,S037,SKU00011,14
2026-03-15,S037,SKU00011,11
2026-03-08,S037,SKU00011,13
2026-03-01,S037,SKU00011,4
2026-02-22,S037,SKU00011,19
2026-04-05,S056,SKU00056,1
2026-03-29,S056,SKU00056,1
2026-03-15,S056,SKU00056,1
2026-03-08,S056,SKU00056,1
2026-04-12,S008,SKU00038,9
2026-04-05,S008,SKU00038,11
2026-03-29,S008,SKU00038,6
2026-03-22,S008,SKU00038,6
2026-03-15,S008,SKU00038,7
2026-03-08,S008,SKU00038,12
2026-03-01,S008,SKU00038,9
2026-02-22,S008,SKU00038,9
2026-04-12,S028,SKU00042,2
2026-04-05,S028,SKU00042,1
2026-03-29,S028,SKU00042,2
2026-03-22,S028,SKU00042,1
2026-03-15,S028,SKU00042,3
2026-03-08,S028,SKU00042,2
2026-03-01,S028,SKU00042,3
2026-02-22,S028,SKU00042,3
2026-04-12,S025,SKU00009,10
2026-04-05,S025,SKU00009,1
2026-03-29,S025,SKU00009,9
2026-03-22,S025,SKU00009,3
2026-03-15,S025,SKU00009,2
2026-03-08,S025,SKU00009,3
2026-03-01,S025,SKU00009,6
2026-02-22,S025,SKU00009,5
2026-04-12,S005,SKU00066,2
2026-04-05,S005,SKU00066,3
2026-03-29,S005,SKU00066,3
2026-03-22,S005,SKU00066,2
2026-03-15,S005,SKU00066,2
2026-03-08,S005,SKU00066,2
2026-03-01,S005,SKU00066,1
2026-02-22,S005,SKU00066,2
2026-04-12,S003,SKU00007,15
2026-04-05,S003,SKU00007,22
2026-03-29,S003,SKU00007,18
2026-03-22,S003,SKU00007,19
2026-03-15,S003,SKU00007,19
2026-03-08,S003,SKU00007,18
2026-03-01,S003,SKU00007,22
2026-02-22,S003,SKU00007,11
2026-04-12,S008,SKU00025,21
2026-04-05,S008,SKU00025,29
2026-03-29,S008,SKU00025,18
2026-03-22,S008,SKU00025,18
2026-03-15,S008,SKU00025,22
2026-03-08,S008,SKU00025,25
2026-03-01,S008,SKU00025,25
2026-02-22,S008,SKU00025,20
2026-04-12,S011,SKU00067,6
2026-04-05,S011,SKU00067,6
2026-03-29,S011,SKU00067,4
2026-03-22,S011,SKU00067,4
2026-03-15,S011,SKU00067,5
2026-03-08,S011,SKU00067,5
2026-03-01,S011,SKU00067,5
2026-02-22,S011,SKU00067,5
2026-04-12,S042,SKU00008,17
2026-04-05,S042,SKU00008,17
2026-03-29,S042,SKU00008,17
2026-03-22,S042,SKU00008,14
2026-03-15,S042,SKU00008,18
2026-03-08,S042,SKU00008,19
2026-03-01,S042,SKU00008,14
2026-02-22,S042,SKU00008,23
2026-04-12,S014,SKU00033,19
2026-04-05,S014,SKU00033,15
2026-03-29,S014,SKU00033,13
2026-03-22,S014,SKU00033,14
2026-03-15,S014,SKU00033,20
2026-03-08,S014,SKU00033,18
2026-03-01,S014,SKU00033,13
2026-02-22,S014,SKU00033,10
2026-04-12,S042,SKU00063,2
2026-04-05,S042,SKU00063,1
2026-03-29,S042,SKU00063,3
2026-03-22,S042,SKU00063,2
2026-03-15,S042,SKU00063,1
2026-03-01,S042,SKU00063,1
2026-02-22,S042,SKU00063,2
2026-04-12,S019,SKU00021,20
2026-04-05,S019,SKU00021,21
2026-03-29,S019,SKU00021,27
2026-03-22,S019,SKU00021,24
2026-03-15,S019,SKU00021,22
2026-03-08,S019,SKU00021,23
2026-03-01,S019,SKU00021,30
2026-02-22,S019,SKU00021,26
2026-04-12,S022,SKU00049,8
2026-04-05,S022,SKU00049,11
2026-03-29,S022,SKU00049,7
2026-03-22,S022,SKU00049,5
2026-03-15,S022,SKU00049,7
2026-03-08,S022,SKU00049,5
2026-03-01,S022,SKU00049,6
2026-02-22,S022,SKU00049,4
2026-04-12,S023,SKU00012,15
2026-04-05,S023,SKU00012,15
2026-03-29,S023,SKU00012,7
2026-03-22,S023,SKU00012,15
2026-03-15,S023,SKU00012,10
2026-03-08,S023,SKU00012,17
2026-03-01,S023,SKU00012,16
2026-02-22,S023,SKU00012,16
2026-04-12,S028,SKU00027,4
2026-04-05,S028,SKU00027,13
2026-03-29,S028,SKU00027,8
2026-03-22,S028,SKU00027,13
2026-03-15,S028,SKU00027,7
2026-03-08,S028,SKU00027,15
2026-03-01,S028,SKU00027,14
2026-02-22,S028,SKU00027,7
2026-04-12,S002,SKU00032,13
2026-04-05,S002,SKU00032,12
2026-03-29,S002,SKU00032,10
2026-03-22,S002,SKU00032,12
2026-03-15,S002,SKU00032,11
2026-03-08,S002,SKU00032,10
2026-03-01,S002,SKU00032,8
2026-02-22,S002,SKU00032,11
2026-04-12,S018,SKU00017,7
2026-04-05,S018,SKU00017,14
2026-03-29,S018,SKU00017,11
2026-03-22,S018,SKU00017,12
2026-03-15,S018,SKU00017,16
2026-03-08,S018,SKU00017,16
2026-03-01,S018,SKU00017,14
2026-02-22,S018,SKU00017,9
2026-04-12,S036,SKU00005,4
2026-04-05,S036,SKU00005,4
2026-03-29,S036,SKU00005,5
2026-03-22,S036,SKU00005,5
2026-03-15,S036,SKU00005,6
2026-03-08,S036,SKU00005,5
2026-03-01,S036,SKU00005,3
2026-02-22,S036,SKU00005,3
2026-04-12,S056,SKU00019,1
2026-04-05,S056,SKU00019,1
2026-03-29,S056,SKU00019,1
2026-03-15,S056,SKU00019,2
2026-03-08,S056,SKU00019,3
2026-03-01,S056,SKU00019,4
2026-02-22,S056,SKU00019,3
2026-04-12,S017,SKU00018,7
2026-04-05,S017,SKU00018,10
2026-03-29,S017,SKU00018,8
2026-03-22,S017,SKU00018,8
2026-03-15,S017,SKU00018,13
2026-03-08,S017,SKU00018,9
2026-03-01,S017,SKU00018,10
2026-02-22,S017,SKU00018,10
2026-04-12,S019,SKU00006,20
2026-04-05,S019,SKU00006,18
2026-03-29,S019,SKU00006,19
2026-03-22,S019,SKU00006,19
2026-03-15,S019,SKU00006,21
2026-03-08,S019,SKU00006,21
2026-03-01,S019,SKU00006,14
2026-02-22,S019,SKU00006,20
2026-04-12,S012,SKU00014,22
2026-04-05,S012,SKU00014,23
2026-03-29,S012,SKU00014,18
2026-03-22,S012,SKU00014,18
2026-03-15,S012,SKU00014,22
2026-03-08,S012,SKU00014,30
2026-03-01,S012,SKU00014,24
2026-02-22,S012,SKU00014,22
2026-04-12,S030,SKU00024,5
2026-04-05,S030,SKU00024,4
2026-03-29,S030,SKU00024,9
2026-03-22,S030,SKU00024,5
2026-03-15,S030,SKU00024,5
2026-03-08,S030,SKU00024,3
2026-03-01,S030,SKU00024,3
2026-02-22,S030,SKU00024,2
2026-04-12,S021,SKU00069,1
2026-04-05,S021,SKU00069,1
2026-03-29,S021,SKU00069,1
2026-03-22,S021,SKU00069,1
2026-03-15,S021,SKU00069,1
2026-03-08,S021,SKU00069,1
2026-03-01,S021,SKU00069,1
2026-02-22,S021,SKU00069,1
2026-04-12,S001,SKU00003,15
2026-04-05,S001,SKU00003,23
2026-03-29,S001,SKU00003,20
2026-03-22,S001,SKU00003,20
2026-03-15,S001,SKU00003,16
2026-03-08,S001,SKU00003,19
2026-03-01,S001,SKU00003,22
2026-02-22,S001,SKU00003,22
2026-04-12,S005,SKU00021,23
2026-04-05,S005,SKU00021,17
2026-03-29,S005,SKU00021,17
2026-03-22,S005,SKU00021,13
2026-03-15,S005,SKU00021,15
2026-03-08,S005,SKU00021,17
2026-03-01,S005,SKU00021,14
2026-02-22,S005,SKU00021,18
2026-04-12,S029,SKU00054,1
2026-04-05,S029,SKU00054,1
2026-03-29,S029,SKU00054,1
2026-03-22,S029,SKU00054,2
2026-03-15,S029,SKU00054,1
2026-03-08,S029,SKU00054,1
2026-03-01,S029,SKU00054,1
2026-02-22,S029,SKU00054,2
2026-04-12,S007,SKU00012,16
2026-04-05,S007,SKU00012,21
2026-03-29,S007,SKU00012,24
2026-03-22,S007,SKU00012,19
2026-03-15,S007,SKU00012,20
2026-03-08,S007,SKU00012,20
2026-03-01,S007,SKU00012,20
2026-02-22,S007,SKU00012,23
2026-04-12,S017,SKU00021,9
2026-04-05,S017,SKU00021,13
2026-03-29,S017,SKU00021,7
2026-03-22,S017,SKU00021,11
2026-03-15,S017,SKU00021,10
2026-03-08,S017,SKU00021,6
2026-03-01,S017,SKU00021,10
2026-02-22,S017,SKU00021,10
2026-04-12,S030,SKU00029,16
2026-04-05,S030,SKU00029,9
2026-03-29,S030,SKU00029,13
2026-03-22,S030,SKU00029,8
2026-03-15,S030,SKU00029,16
2026-03-08,S030,SKU00029,8
2026-03-01,S030,SKU00029,12
2026-02-22,S030,SKU00029,12
2026-04-12,S020,SKU00072,4
2026-04-05,S020,SKU00072,4
2026-03-29,S020,SKU00072,3
2026-03-22,S020,SKU00072,3
2026-03-15,S020,SKU00072,2
2026-03-08,S020,SKU00072,5
2026-03-01,S020,SKU00072,3
2026-02-22,S020,SKU00072,4
2026-04-12,S047,SKU00048,3
2026-04-05,S047,SKU00048,5
2026-03-29,S047,SKU00048,2
2026-03-22,S047,SKU00048,5
2026-03-15,S047,SKU00048,9
2026-03-08,S047,SKU00048,5
2026-03-01,S047,SKU00048,3
2026-02-22,S047,SKU00048,5
2026-04-12,S011,SKU00011,15
2026-04-05,S011,SKU00011,13
2026-03-29,S011,SKU00011,20
2026-03-22,S011,SKU00011,16
2026-03-15,S011,SKU00011,11
2026-03-08,S011,SKU00011,19
2026-03-01,S011,SKU00011,18
2026-02-22,S011,SKU00011,18
2026-04-12,S027,SKU00033,16
2026-04-05,S027,SKU00033,9
2026-03-29,S027,SKU00033,12
2026-03-22,S027,SKU00033,11
2026-03-15,S027,SKU00033,7
2026-03-08,S027,SKU00033,7
2026-03-01,S027,SKU00033,13
2026-02-22,S027,SKU00033,10
2026-03-29,S030,SKU00051,1
2026-03-22,S030,SKU00051,1
2026-03-08,S030,SKU00051,1
2026-03-01,S030,SKU00051,1
2026-04-12,S006,SKU00041,13
2026-04-05,S006,SKU00041,17
2026-03-29,S006,SKU00041,12
2026-03-22,S006,SKU00041,15
2026-03-15,S006,SKU00041,15
2026-03-08,S006,SKU00041,14
2026-03-01,S006,SKU00041,13
2026-02-22,S006,SKU00041,11
2026-04-12,S013,SKU00043,14
2026-04-05,S013,SKU00043,10
2026-03-29,S013,SKU00043,14
2026-03-22,S013,SKU00043,19
2026-03-15,S013,SKU00043,11
2026-03-08,S013,SKU00043,15
2026-03-01,S013,SKU00043,8
2026-02-22,S013,SKU00043,15
2026-04-12,S021,SKU00009,13
2026-04-05,S021,SKU00009,11
2026-03-29,S021,SKU00009,17
2026-03-22,S021,SKU00009,11
2026-03-15,S021,SKU00009,12
2026-03-08,S021,SKU00009,10
2026-03-01,S021,SKU00009,7
2026-02-22,S021,SKU00009,20
2026-04-12,S030,SKU00046,3
2026-04-05,S030,SKU00046,1
2026-03-29,S030,SKU00046,1
2026-03-15,S030,SKU00046,4
2026-03-08,S030,SKU00046,3
2026-03-01,S030,SKU00046,2
2026-02-22,S030,SKU00046,1
2026-04-05,S055,SKU00064,1
2026-03-01,S055,SKU00064,1
2026-04-12,S065,SKU00064,1
2026-03-29,S065,SKU00064,1
2026-03-22,S065,SKU00064,1
2026-03-15,S065,SKU00064,1
2026-04-12,S003,SKU00045,19
2026-04-05,S003,SKU00045,21
2026-03-29,S003,SKU00045,21
2026-03-22,S003,SKU00045,19
2026-03-15,S003,SKU00045,17
2026-03-08,S003,SKU00045,12
2026-03-01,S003,SKU00045,26
2026-02-22,S003,SKU00045,26
2026-03-15,S032,SKU00061,1
2026-04-12,S006,SKU00039,23
2026-04-05,S006,SKU00039,21
2026-03-29,S006,SKU00039,24
2026-03-22,S006,SKU00039,22
2026-03-15,S006,SKU00039,19
2026-03-08,S006,SKU00039,19
2026-03-01,S006,SKU00039,26
2026-02-22,S006,SKU00039,23
2026-04-12,S028,SKU00003,3
2026-04-05,S028,SKU00003,1
2026-03-29,S028,SKU00003,5
2026-03-22,S028,SKU00003,2
2026-03-15,S028,SKU00003,4
2026-03-08,S028,SKU00003,3
2026-03-01,S028,SKU00003,4
2026-02-22,S028,SKU00003,2
2026-04-12,S012,SKU00049,13
2026-04-05,S012,SKU00049,16
2026-03-29,S012,SKU00049,15
2026-03-22,S012,SKU00049,10
2026-03-15,S012,SKU00049,12
2026-03-08,S012,SKU00049,11
2026-03-01,S012,SKU00049,12
2026-02-22,S012,SKU00049,14
2026-04-12,S029,SKU00067,1
2026-03-29,S029,SKU00067,1
2026-03-22,S029,SKU00067,1
2026-03-15,S029,SKU00067,1
2026-03-08,S029,SKU00067,1
2026-03-01,S029,SKU00067,1
2026-02-22,S029,SKU00067,1
2026-04-12,S040,SKU00002,5
2026-04-05,S040,SKU00002,10
2026-03-29,S040,SKU00002,5
2026-03-22,S040,SKU00002,6
2026-03-15,S040,SKU00002,6
2026-03-08,S040,SKU00002,9
2026-03-01,S040,SKU00002,5
2026-02-22,S040,SKU00002,7
2026-04-12,S013,SKU00016,8
2026-04-05,S013,SKU00016,15
2026-03-29,S013,SKU00016,15
2026-03-22,S013,SKU00016,13
2026-03-15,S013,SKU00016,17
2026-03-08,S013,SKU00016,17
2026-03-01,S013,SKU00016,17
2026-02-22,S013,SKU00016,17
2026-04-12,S036,SKU00003,11
2026-04-05,S036,SKU00003,14
2026-03-29,S036,SKU00003,9
2026-03-15,S036,SKU00003,3
2026-03-08,S036,SKU00003,17
2026-03-01,S036,SKU00003,6
2026-02-22,S036,SKU00003,7
2026-04-12,S023,SKU00033,11
2026-04-05,S023,SKU00033,3
2026-03-29,S023,SKU00033,8
2026-03-22,S023,SKU00033,12
2026-03-15,S023,SKU00033,5
2026-03-08,S023,SKU00033,7
2026-03-01,S023,SKU00033,3
2026-02-22,S023,SKU00033,11
2026-04-05,S025,SKU00059,1
2026-03-29,S025,SKU00059,1
2026-03-15,S025,SKU00059,1
2026-03-01,S025,SKU00059,1
2026-04-12,S038,SKU00012,3
2026-04-05,S038,SKU00012,9
2026-03-29,S038,SKU00012,5
2026-03-22,S038,SKU00012,11
2026-03-15,S038,SKU00012,6
2026-03-08,S038,SKU00012,5
2026-03-01,S038,SKU00012,8
2026-02-22,S038,SKU00012,10
2026-04-12,S018,SKU00032,21
2026-04-05,S018,SKU00032,14
2026-03-29,S018,SKU00032,14
2026-03-22,S018,SKU00032,13
2026-03-15,S018,SKU00032,16
2026-03-08,S018,SKU00032,14
2026-03-01,S018,SKU00032,18
2026-02-22,S018,SKU00032,13
2026-04-12,S037,SKU00051,1
2026-04-05,S037,SKU00051,1
2026-03-15,S037,SKU00051,2
2026-03-08,S037,SKU00051,1
2026-03-01,S037,SKU00051,1
2026-02-22,S037,SKU00051,1
2026-04-12,S026,SKU00041,12
2026-04-05,S026,SKU00041,9
2026-03-29,S026,SKU00041,17
2026-03-22,S026,SKU00041,11
2026-03-15,S026,SKU00041,10
2026-03-08,S026,SKU00041,16
2026-03-01,S026,SKU00041,13
2026-02-22,S026,SKU00041,7
2026-04-12,S042,SKU00040,12
2026-04-05,S042,SKU00040,13
2026-03-29,S042,SKU00040,13
2026-03-22,S042,SKU00040,12
2026-03-15,S042,SKU00040,9
2026-03-08,S042,SKU00040,14
2026-03-01,S042,SKU00040,15
2026-02-22,S042,SKU00040,10
2026-04-12,S035,SKU00013,4
2026-04-05,S035,SKU00013,4
2026-03-29,S035,SKU00013,4
2026-03-22,S035,SKU00013,5
2026-03-15,S035,SKU00013,5
2026-03-08,S035,SKU00013,4
2026-03-01,S035,SKU00013,3
2026-02-22,S035,SKU00013,4
2026-04-12,S030,SKU00005,9
2026-04-05,S030,SKU00005,9
2026-03-29,S030,SKU00005,6
2026-03-22,S030,SKU00005,10
2026-03-15,S030,SKU00005,6
2026-03-08,S030,SKU00005,10
2026-03-01,S030,SKU00005,4
2026-02-22,S030,SKU00005,12
2026-04-12,S018,SKU00061,1
2026-04-05,S018,SKU00061,2
2026-03-29,S018,SKU00061,2
2026-03-22,S018,SKU00061,1
2026-03-15,S018,SKU00061,2
2026-03-08,S018,SKU00061,1
2026-03-01,S018,SKU00061,2
2026-02-22,S018,SKU00061,2
2026-04-12,S059,SKU00021,4
2026-04-05,S059,SKU00021,6
2026-03-29,S059,SKU00021,3
2026-03-22,S059,SKU00021,3
2026-03-15,S059,SKU00021,8
2026-03-08,S059,SKU00021,4
2026-03-01,S059,SKU00021,11
2026-02-22,S059,SKU00021,4
2026-04-12,S026,SKU00039,11
2026-04-05,S026,SKU00039,7
2026-03-29,S026,SKU00039,11
2026-03-22,S026,SKU00039,8
2026-03-15,S026,SKU00039,9
2026-03-08,S026,SKU00039,6
2026-03-01,S026,SKU00039,8
2026-02-22,S026,SKU00039,8
2026-04-12,S007,SKU00033,15
2026-04-05,S007,SKU00033,17
2026-03-29,S007,SKU00033,19
2026-03-22,S007,SKU00033,25
2026-03-15,S007,SKU00033,18
2026-03-08,S007,SKU00033,18
2026-03-01,S007,SKU00033,21
2026-02-22,S007,SKU00033,22
2026-04-12,S062,SKU00066,1
2026-04-05,S062,SKU00066,1
2026-03-29,S062,SKU00066,1
2026-03-22,S062,SKU00066,1
2026-03-08,S062,SKU00066,1
2026-02-22,S062,SKU00066,1
2026-04-12,S043,SKU00046,11
2026-04-05,S043,SKU00046,9
2026-03-29,S043,SKU00046,12
2026-03-22,S043,SKU00046,20
2026-03-15,S043,SKU00046,9
2026-03-08,S043,SKU00046,13
2026-03-01,S043,SKU00046,16
2026-02-22,S043,SKU00046,12
2026-04-12,S006,SKU00006,17
2026-04-05,S006,SKU00006,13
2026-03-29,S006,SKU00006,13
2026-03-22,S006,SKU00006,13
2026-03-15,S006,SKU00006,8
2026-03-08,S006,SKU00006,14
2026-03-01,S006,SKU00006,12
2026-02-22,S006,SKU00006,11
2026-04-12,S058,SKU00012,9
2026-04-05,S058,SKU00012,3
2026-03-29,S058,SKU00012,10
2026-03-22,S058,SKU00012,3
2026-03-15,S058,SKU00012,9
2026-03-08,S058,SKU00012,9
2026-03-01,S058,SKU00012,11
2026-02-22,S058,SKU00012,3
2026-04-12,S039,SKU00021,12
2026-04-05,S039,SKU00021,4
2026-03-29,S039,SKU00021,8
2026-03-22,S039,SKU00021,11
2026-03-15,S039,SKU00021,10
2026-03-08,S039,SKU00021,4
2026-03-01,S039,SKU00021,13
2026-02-22,S039,SKU00021,9
2026-04-12,S061,SKU00070,1
2026-04-05,S061,SKU00070,1
2026-03-29,S061,SKU00070,1
2026-03-22,S061,SKU00070,3
2026-03-15,S061,SKU00070,1
2026-03-08,S061,SKU00070,1
2026-02-22,S061,SKU00070,1
2026-04-12,S001,SKU00048,12
2026-04-05,S001,SKU00048,15
2026-03-29,S001,SKU00048,14
2026-03-22,S001,SKU00048,22
2026-03-15,S001,SKU00048,15
2026-03-08,S001,SKU00048,13
2026-03-01,S001,SKU00048,17
2026-02-22,S001,SKU00048,21
2026-04-12,S060,SKU00043,2
2026-04-05,S060,SKU00043,4
2026-03-29,S060,SKU00043,2
2026-03-22,S060,SKU00043,4
2026-03-15,S060,SKU00043,2
2026-03-08,S060,SKU00043,3
2026-03-01,S060,SKU00043,4
2026-02-22,S060,SKU00043,4
2026-04-12,S025,SKU00013,11
2026-04-05,S025,SKU00013,15
2026-03-29,S025,SKU00013,3
2026-03-22,S025,SKU00013,13
2026-03-15,S025,SKU00013,6
2026-03-08,S025,SKU00013,5
2026-03-01,S025,SKU00013,18
2026-02-22,S025,SKU00013,13
2026-04-12,S023,SKU00058,1
2026-04-05,S023,SKU00058,2
2026-03-29,S023,SKU00058,1
2026-03-22,S023,SKU00058,1
2026-03-15,S023,SKU00058,1
2026-03-01,S023,SKU00058,1
2026-02-22,S023,SKU00058,2
2026-04-12,S031,SKU00030,8
2026-04-05,S031,SKU00030,7
2026-03-29,S031,SKU00030,9
2026-03-22,S031,SKU00030,8
2026-03-15,S031,SKU00030,10
2026-03-08,S031,SKU00030,7
2026-03-01,S031,SKU00030,9
2026-02-22,S031,SKU00030,6
2026-04-12,S011,SKU00024,4
2026-04-05,S011,SKU00024,4
2026-03-29,S011,SKU00024,3
2026-03-22,S011,SKU00024,3
2026-03-15,S011,SKU00024,2
2026-03-08,S011,SKU00024,4
2026-03-01,S011,SKU00024,3
2026-02-22,S011,SKU00024,3
2026-04-12,S025,SKU00047,6
2026-04-05,S025,SKU00047,6
2026-03-29,S025,SKU00047,5
2026-03-22,S025,SKU00047,5
2026-03-15,S025,SKU00047,3
2026-03-08,S025,SKU00047,8
2026-03-01,S025,SKU00047,8
2026-02-22,S025,SKU00047,4
2026-04-12,S010,SKU00019,15
2026-04-05,S010,SKU00019,15
2026-03-29,S010,SKU00019,19
2026-03-22,S010,SKU00019,18
2026-03-15,S010,SKU00019,20
2026-03-08,S010,SKU00019,18
2026-03-01,S010,SKU00019,18
2026-02-22,S010,SKU00019,17
2026-04-12,S037,SKU00005,3
2026-04-05,S037,SKU00005,4
2026-03-29,S037,SKU00005,4
2026-03-22,S037,SKU00005,4
2026-03-15,S037,SKU00005,3
2026-03-08,S037,SKU00005,3
2026-03-01,S037,SKU00005,4
2026-02-22,S037,SKU00005,5
2026-04-12,S057,SKU00037,5
2026-04-05,S057,SKU00037,2
2026-03-29,S057,SKU00037,4
2026-03-22,S057,SKU00037,6
2026-03-15,S057,SKU00037,6
2026-03-08,S057,SKU00037,6
2026-03-01,S057,SKU00037,8
2026-02-22,S057,SKU00037,6
2026-04-12,S009,SKU00056,2
2026-04-05,S009,SKU00056,1
2026-03-29,S009,SKU00056,1
2026-03-22,S009,SKU00056,2
2026-03-15,S009,SKU00056,1
2026-03-08,S009,SKU00056,1
2026-03-01,S009,SKU00056,1
2026-02-22,S009,SKU00056,1
2026-04-12,S040,SKU00037,2
2026-04-05,S040,SKU00037,3
2026-03-29,S040,SKU00037,7
2026-03-22,S040,SKU00037,5
2026-03-15,S040,SKU00037,6
2026-03-08,S040,SKU00037,1
2026-03-01,S040,SKU00037,3
2026-02-22,S040,SKU00037,5
2026-04-12,S010,SKU00055,1
2026-04-05,S010,SKU00055,1
2026-03-29,S010,SKU00055,1
2026-03-22,S010,SKU00055,1
2026-03-15,S010,SKU00055,1
2026-03-08,S010,SKU00055,1
2026-03-01,S010,SKU00055,1
2026-02-22,S010,SKU00055,1
2026-04-12,S034,SKU00072,2
2026-04-05,S034,SKU00072,3
2026-03-29,S034,SKU00072,1
2026-03-22,S034,SKU00072,3
2026-03-15,S034,SKU00072,3
2026-03-08,S034,SKU00072,3
2026-03-01,S034,SKU00072,3
2026-02-22,S034,SKU00072,3
2026-04-12,S054,SKU00014,3
2026-04-05,S054,SKU00014,5
2026-03-29,S054,SKU00014,4
2026-03-22,S054,SKU00014,2
2026-03-15,S054,SKU00014,2
2026-03-08,S054,SKU00014,2
2026-03-01,S054,SKU00014,4
2026-02-22,S054,SKU00014,7
2026-04-12,S026,SKU00006,5
2026-04-05,S026,SKU00006,5
2026-03-29,S026,SKU00006,4
2026-03-22,S026,SKU00006,6
2026-03-15,S026,SKU00006,2
2026-03-08,S026,SKU00006,3
2026-03-01,S026,SKU00006,5
2026-02-22,S026,SKU00006,5
2026-04-12,S038,SKU00033,5
2026-04-05,S038,SKU00033,2
2026-03-29,S038,SKU00033,2
2026-03-22,S038,SKU00033,5
2026-03-15,S038,SKU00033,3
2026-03-08,S038,SKU00033,3
2026-03-01,S038,SKU00033,5
2026-02-22,S038,SKU00033,1
2026-04-12,S044,SKU00036,1
2026-04-05,S044,SKU00036,3
2026-03-29,S044,SKU00036,3
2026-03-22,S044,SKU00036,3
2026-03-15,S044,SKU00036,2
2026-03-08,S044,SKU00036,2
2026-03-01,S044,SKU00036,2
2026-02-22,S044,SKU00036,1
2026-04-12,S010,SKU00054,7
2026-04-05,S010,SKU00054,5
2026-03-29,S010,SKU00054,5
2026-03-22,S010,SKU00054,5
2026-03-15,S010,SKU00054,6
2026-03-08,S010,SKU00054,7
2026-03-01,S010,SKU00054,5
2026-02-22,S010,SKU00054,5
2026-04-12,S011,SKU00051,1
2026-04-05,S011,SKU00051,1
2026-03-29,S011,SKU00051,1
2026-03-22,S011,SKU00051,2
2026-03-15,S011,SKU00051,1
2026-03-08,S011,SKU00051,1
2026-03-01,S011,SKU00051,1
2026-02-22,S011,SKU00051,1
2026-04-12,S064,SKU00036,3
2026-03-29,S064,SKU00036,4
2026-03-15,S064,SKU00036,3
2026-03-08,S064,SKU00036,1
2026-03-01,S064,SKU00036,3
2026-02-22,S064,SKU00036,3
2026-04-05,S023,SKU00071,1
2026-03-29,S023,SKU00071,1
2026-03-08,S023,SKU00071,1
2026-03-01,S023,SKU00071,1
2026-02-22,S023,SKU00071,2
2026-04-12,S043,SKU00028,9
2026-04-05,S043,SKU00028,12
2026-03-29,S043,SKU00028,6
2026-03-22,S043,SKU00028,16
2026-03-15,S043,SKU00028,11
2026-03-08,S043,SKU00028,12
2026-03-01,S043,SKU00028,12
2026-02-22,S043,SKU00028,14
2026-04-12,S009,SKU00050,17
2026-04-05,S009,SKU00050,27
2026-03-29,S009,SKU00050,11
2026-03-22,S009,SKU00050,16
2026-03-15,S009,SKU00050,16
2026-03-08,S009,SKU00050,23
2026-03-01,S009,SKU00050,21
2026-02-22,S009,SKU00050,21
2026-04-05,S042,SKU00062,1
2026-03-22,S042,SKU00062,1
2026-03-08,S042,SKU00062,1
2026-03-01,S042,SKU00062,1
2026-04-12,S007,SKU00058,1
2026-04-05,S007,SKU00058,2
2026-03-29,S007,SKU00058,1
2026-03-22,S007,SKU00058,1
2026-03-15,S007,SKU00058,1
2026-03-08,S007,SKU00058,1
2026-03-01,S007,SKU00058,1
2026-02-22,S007,SKU00058,1
2026-04-12,S011,SKU00001,19
2026-04-05,S011,SKU00001,18
2026-03-29,S011,SKU00001,18
2026-03-22,S011,SKU00001,20
2026-03-15,S011,SKU00001,16
2026-03-08,S011,SKU00001,21
2026-03-01,S011,SKU00001,20
2026-02-22,S011,SKU00001,12
2026-04-12,S046,SKU00011,9
2026-04-05,S046,SKU00011,3
2026-03-29,S046,SKU00011,3
2026-03-15,S046,SKU00011,3
2026-03-08,S046,SKU00011,3
2026-03-01,S046,SKU00011,2
2026-02-22,S046,SKU00011,6
2026-04-12,S017,SKU00061,2
2026-04-05,S017,SKU00061,4
2026-03-29,S017,SKU00061,3
2026-03-22,S017,SKU00061,2
2026-03-15,S017,SKU00061,2
2026-03-08,S017,SKU00061,3
2026-03-01,S017,SKU00061,4
2026-02-22,S017,SKU00061,4
2026-04-05,S021,SKU00071,1
2026-03-29,S021,SKU00071,1
2026-03-01,S021,SKU00071,1
2026-04-12,S044,SKU00045,4
2026-04-05,S044,SKU00045,4
2026-03-29,S044,SKU00045,3
2026-03-22,S044,SKU00045,5
2026-03-15,S044,SKU00045,3
2026-03-08,S044,SKU00045,6
2026-03-01,S044,SKU00045,7
2026-02-22,S044,SKU00045,7
2026-04-12,S042,SKU00042,3
2026-04-05,S042,SKU00042,2
2026-03-29,S042,SKU00042,3
2026-03-22,S042,SKU00042,2
2026-03-15,S042,SKU00042,2
2026-03-08,S042,SKU00042,2
2026-03-01,S042,SKU00042,1
2026-02-22,S042,SKU00042,1
2026-04-12,S001,SKU00030,15
2026-04-05,S001,SKU00030,23
2026-03-29,S001,SKU00030,20
2026-03-22,S001,SKU00030,22
2026-03-15,S001,SKU00030,15
2026-03-08,S001,SKU00030,18
2026-03-01,S001,SKU00030,21
2026-02-22,S001,SKU00030,18
2026-04-12,S008,SKU00018,7
2026-04-05,S008,SKU00018,5
2026-03-29,S008,SKU00018,4
2026-03-22,S008,SKU00018,5
2026-03-15,S008,SKU00018,7
2026-03-08,S008,SKU00018,6
2026-03-01,S008,SKU00018,5
2026-02-22,S008,SKU00018,6
2026-04-12,S017,SKU00052,3
2026-04-05,S017,SKU00052,2
2026-03-29,S017,SKU00052,3
2026-03-22,S017,SKU00052,3
2026-03-15,S017,SKU00052,2
2026-03-08,S017,SKU00052,2
2026-03-01,S017,SKU00052,3
2026-02-22,S017,SKU00052,3
2026-04-12,S029,SKU00040,10
2026-04-05,S029,SKU00040,4
2026-03-29,S029,SKU00040,7
2026-03-22,S029,SKU00040,7
2026-03-15,S029,SKU00040,2
2026-03-08,S029,SKU00040,7
2026-03-01,S029,SKU00040,2
2026-02-22,S029,SKU00040,6
2026-04-12,S027,SKU00014,8
2026-04-05,S027,SKU00014,14
2026-03-29,S027,SKU00014,14
2026-03-22,S027,SKU00014,15
2026-03-15,S027,SKU00014,15
2026-03-08,S027,SKU00014,16
2026-03-01,S027,SKU00014,8
2026-02-22,S027,SKU00014,19
2026-04-12,S052,SKU00062,1
2026-03-15,S052,SKU00062,1
2026-03-08,S052,SKU00062,2
2026-02-22,S052,SKU00062,1
2026-04-12,S002,SKU00056,2
2026-04-05,S002,SKU00056,2
2026-03-29,S002,SKU00056,3
2026-03-22,S002,SKU00056,3
2026-03-15,S002,SKU00056,4
2026-03-08,S002,SKU00056,2
2026-03-01,S002,SKU00056,1
2026-02-22,S002,SKU00056,3
2026-04-05,S061,SKU00015,4
2026-03-29,S061,SKU00015,2
2026-03-22,S061,SKU00015,5
2026-03-15,S061,SKU00015,2
2026-03-08,S061,SKU00015,4
2026-03-01,S061,SKU00015,1
2026-02-22,S061,SKU00015,5
2026-04-12,S043,SKU00034,13
2026-04-05,S043,SKU00034,16
2026-03-29,S043,SKU00034,16
2026-03-22,S043,SKU00034,12
2026-03-15,S043,SKU00034,13
2026-03-08,S043,SKU00034,12
2026-03-01,S043,SKU00034,17
2026-02-22,S043,SKU00034,16
2026-04-12,S020,SKU00013,9
2026-04-05,S020,SKU00013,11
2026-03-29,S020,SKU00013,9
2026-03-22,S020,SKU00013,9
2026-03-15,S020,SKU00013,8
2026-03-08,S020,SKU00013,6
2026-03-01,S020,SKU00013,7
2026-02-22,S020,SKU00013,11
2026-04-12,S050,SKU00054,1
2026-04-05,S050,SKU00054,1
2026-03-29,S050,SKU00054,1
2026-03-15,S050,SKU00054,1
2026-03-01,S050,SKU00054,2
2026-02-22,S050,SKU00054,1
2026-04-12,S024,SKU00010,8
2026-04-05,S024,SKU00010,8
2026-03-29,S024,SKU00010,7
2026-03-22,S024,SKU00010,5
2026-03-15,S024,SKU00010,7
2026-03-08,S024,SKU00010,6
2026-03-01,S024,SKU00010,6
2026-02-22,S024,SKU00010,8
2026-04-12,S054,SKU00049,2
2026-03-29,S054,SKU00049,3
2026-03-22,S054,SKU00049,4
2026-03-15,S054,SKU00049,2
2026-03-08,S054,SKU00049,2
2026-03-01,S054,SKU00049,1
2026-02-22,S054,SKU00049,1
2026-04-12,S004,SKU00018,22
2026-04-05,S004,SKU00018,16
2026-03-29,S004,SKU00018,19
2026-03-22,S004,SKU00018,13
2026-03-15,S004,SKU00018,18
2026-03-08,S004,SKU00018,22
2026-03-01,S004,SKU00018,20
2026-02-22,S004,SKU00018,20
2026-04-12,S007,SKU00071,4
2026-04-05,S007,SKU00071,3
2026-03-29,S007,SKU00071,4
2026-03-22,S007,SKU00071,4
2026-03-15,S007,SKU00071,2
2026-03-08,S007,SKU00071,5
2026-03-01,S007,SKU00071,4
2026-02-22,S007,SKU00071,4
2026-04-12,S015,SKU00036,18
2026-04-05,S015,SKU00036,10
2026-03-29,S015,SKU00036,15
2026-03-22,S015,SKU00036,13
2026-03-15,S015,SKU00036,16
2026-03-08,S015,SKU00036,17
2026-03-01,S015,SKU00036,16
2026-02-22,S015,SKU00036,16
2026-04-12,S033,SKU00062,1
2026-04-05,S033,SKU00062,2
2026-03-29,S033,SKU00062,1
2026-03-22,S033,SKU00062,1
2026-03-15,S033,SKU00062,1
2026-03-08,S033,SKU00062,1
2026-03-01,S033,SKU00062,1
2026-02-22,S033,SKU00062,1
2026-04-12,S037,SKU00003,5
2026-04-05,S037,SKU00003,5
2026-03-29,S037,SKU00003,6
2026-03-22,S037,SKU00003,3
2026-03-15,S037,SKU00003,5
2026-03-08,S037,SKU00003,6
2026-03-01,S037,SKU00003,6
2026-02-22,S037,SKU00003,7
2026-04-12,S031,SKU00015,15
2026-04-05,S031,SKU00015,14
2026-03-29,S031,SKU00015,18
2026-03-22,S031,SKU00015,12
2026-03-15,S031,SKU00015,16
2026-03-08,S031,SKU00015,19
2026-03-01,S031,SKU00015,5
2026-02-22,S031,SKU00015,7
2026-04-12,S031,SKU00020,17
2026-04-05,S031,SKU00020,11
2026-03-29,S031,SKU00020,9
2026-03-22,S031,SKU00020,16
2026-03-15,S031,SKU00020,14
2026-03-08,S031,SKU00020,10
2026-03-01,S031,SKU00020,14
2026-02-22,S031,SKU00020,9
2026-04-12,S016,SKU00067,1
2026-04-05,S016,SKU00067,1
2026-03-29,S016,SKU00067,1
2026-03-22,S016,SKU00067,1
2026-03-15,S016,SKU00067,1
2026-03-08,S016,SKU00067,1
2026-03-01,S016,SKU00067,1
2026-02-22,S016,SKU00067,2
2026-04-12,S063,SKU00014,5
2026-03-29,S063,SKU00014,5
2026-03-22,S063,SKU00014,5
2026-03-15,S063,SKU00014,3
2026-03-08,S063,SKU00014,8
2026-03-01,S063,SKU00014,7
2026-02-22,S063,SKU00014,8
2026-04-12,S033,SKU00042,15
2026-04-05,S033,SKU00042,16
2026-03-29,S033,SKU00042,18
2026-03-22,S033,SKU00042,12
2026-03-15,S033,SKU00042,16
2026-03-08,S033,SKU00042,21
2026-03-01,S033,SKU00042,21
2026-02-22,S033,SKU00042,12
2026-04-12,S011,SKU00005,8
2026-04-05,S011,SKU00005,7
2026-03-29,S011,SKU00005,8
2026-03-22,S011,SKU00005,10
2026-03-15,S011,SKU00005,8
2026-03-08,S011,SKU00005,9
2026-03-01,S011,SKU00005,9
2026-02-22,S011,SKU00005,8
2026-04-12,S015,SKU00045,16
2026-04-05,S015,SKU00045,14
2026-03-29,S015,SKU00045,17
2026-03-22,S015,SKU00045,18
2026-03-15,S015,SKU00045,15
2026-03-08,S015,SKU00045,20
2026-03-01,S015,SKU00045,14
2026-02-22,S015,SKU00045,14
2026-04-12,S010,SKU00008,18
2026-04-05,S010,SKU00008,14
2026-03-29,S010,SKU00008,17
2026-03-22,S010,SKU00008,18
2026-03-15,S010,SKU00008,9
2026-03-08,S010,SKU00008,15
2026-03-01,S010,SKU00008,15
2026-02-22,S010,SKU00008,8
2026-04-12,S010,SKU00063,1
2026-04-05,S010,SKU00063,3
2026-03-29,S010,SKU00063,3
2026-03-22,S010,SKU00063,1
2026-03-15,S010,SKU00063,2
2026-03-08,S010,SKU00063,2
2026-03-01,S010,SKU00063,2
2026-02-22,S010,SKU00063,2
2026-04-12,S009,SKU00065,1
2026-04-05,S009,SKU00065,2
2026-03-29,S009,SKU00065,2
2026-03-22,S009,SKU00065,2
2026-03-15,S009,SKU00065,2
2026-03-08,S009,SKU00065,2
2026-03-01,S009,SKU00065,2
2026-02-22,S009,SKU00065,2
2026-04-12,S003,SKU00041,9
2026-04-05,S003,SKU00041,15
2026-03-29,S003,SKU00041,21
2026-03-22,S003,SKU00041,12
2026-03-15,S003,SKU00041,13
2026-03-08,S003,SKU00041,17
2026-03-01,S003,SKU00041,12
2026-02-22,S003,SKU00041,12
2026-04-12,S002,SKU00019,10
2026-04-05,S002,SKU00019,7
2026-03-29,S002,SKU00019,7
2026-03-22,S002,SKU00019,8
2026-03-15,S002,SKU00019,7
2026-03-08,S002,SKU00019,9
2026-03-01,S002,SKU00019,12
2026-02-22,S002,SKU00019,7
2026-04-12,S035,SKU00060,1
2026-03-15,S035,SKU00060,1
2026-03-08,S035,SKU00060,1
2026-03-01,S035,SKU00060,2
2026-02-22,S035,SKU00060,1
2026-04-12,S040,SKU00074,1
2026-04-05,S040,SKU00074,1
2026-03-29,S040,SKU00074,2
2026-03-22,S040,SKU00074,2
2026-03-15,S040,SKU00074,1
2026-03-08,S040,SKU00074,1
2026-03-01,S040,SKU00074,1
2026-02-22,S040,SKU00074,1
2026-04-12,S002,SKU00055,3
2026-04-05,S002,SKU00055,1
2026-03-29,S002,SKU00055,3
2026-03-22,S002,SKU00055,2
2026-03-15,S002,SKU00055,1
2026-03-08,S002,SKU00055,2
2026-03-01,S002,SKU00055,2
2026-02-22,S002,SKU00055,3
2026-04-12,S041,SKU00019,8
2026-04-05,S041,SKU00019,10
2026-03-29,S041,SKU00019,12
2026-03-22,S041,SKU00019,8
2026-03-15,S041,SKU00019,7
2026-03-08,S041,SKU00019,10
2026-03-01,S041,SKU00019,5
2026-02-22,S041,SKU00019,11
2026-04-12,S045,SKU00050,4
2026-04-05,S045,SKU00050,4
2026-03-29,S045,SKU00050,7
2026-03-22,S045,SKU00050,10
2026-03-15,S045,SKU00050,8
2026-03-01,S045,SKU00050,6
2026-02-22,S045,SKU00050,10
2026-04-12,S003,SKU00039,29
2026-04-05,S003,SKU00039,27
2026-03-29,S003,SKU00039,25
2026-03-22,S003,SKU00039,22
2026-03-15,S003,SKU00039,23
2026-03-08,S003,SKU00039,21
2026-03-01,S003,SKU00039,29
2026-02-22,S003,SKU00039,31
2026-04-12,S057,SKU00009,7
2026-04-05,S057,SKU00009,11
2026-03-22,S057,SKU00009,6
2026-03-15,S057,SKU00009,4
2026-03-08,S057,SKU00009,5
2026-03-01,S057,SKU00009,6
2026-02-22,S057,SKU00009,9
2026-04-05,S041,SKU00055,1
2026-03-15,S041,SKU00055,1
2026-03-08,S041,SKU00055,1
2026-02-22,S041,SKU00055,1
2026-04-12,S008,SKU00017,7
2026-04-05,S008,SKU00017,11
2026-03-29,S008,SKU00017,11
2026-03-22,S008,SKU00017,11
2026-03-15,S008,SKU00017,10
2026-03-08,S008,SKU00017,10
2026-03-01,S008,SKU00017,5
2026-02-22,S008,SKU00017,7
2026-04-12,S029,SKU00001,4
2026-04-05,S029,SKU00001,3
2026-03-29,S029,SKU00001,4
2026-03-22,S029,SKU00001,3
2026-03-15,S029,SKU00001,4
2026-03-08,S029,SKU00001,2
2026-03-01,S029,SKU00001,2
2026-02-22,S029,SKU00001,4
2026-04-12,S019,SKU00050,16
2026-04-05,S019,SKU00050,13
2026-03-29,S019,SKU00050,15
2026-03-22,S019,SKU00050,11
2026-03-15,S019,SKU00050,12
2026-03-08,S019,SKU00050,13
2026-03-01,S019,SKU00050,11
2026-02-22,S019,SKU00050,14
2026-04-12,S007,SKU00014,4
2026-04-05,S007,SKU00014,3
2026-03-29,S007,SKU00014,5
2026-03-22,S007,SKU00014,4
2026-03-15,S007,SKU00014,3
2026-03-08,S007,SKU00014,3
2026-03-01,S007,SKU00014,4
2026-02-22,S007,SKU00014,6
2026-04-12,S050,SKU00008,2
2026-04-05,S050,SKU00008,2
2026-03-29,S050,SKU00008,2
2026-03-22,S050,SKU00008,6
2026-03-15,S050,SKU00008,10
2026-03-08,S050,SKU00008,16
2026-03-01,S050,SKU00008,12
2026-02-22,S050,SKU00008,4
2026-04-12,S059,SKU00052,2
2026-03-29,S059,SKU00052,1
2026-03-15,S059,SKU00052,1
2026-03-01,S059,SKU00052,1
2026-02-22,S059,SKU00052,1
2026-04-12,S022,SKU00068,2
2026-04-05,S022,SKU00068,1
2026-03-29,S022,SKU00068,2
2026-03-22,S022,SKU00068,2
2026-03-15,S022,SKU00068,1
2026-03-08,S022,SKU00068,2
2026-02-22,S022,SKU00068,1
2026-04-12,S030,SKU00048,5
2026-04-05,S030,SKU00048,5
2026-03-29,S030,SKU00048,4
2026-03-22,S030,SKU00048,4
2026-03-15,S030,SKU00048,4
2026-03-08,S030,SKU00048,2
2026-03-01,S030,SKU00048,5
2026-02-22,S030,SKU00048,4
2026-04-12,S004,SKU00017,21
2026-04-05,S004,SKU00017,11
2026-03-29,S004,SKU00017,15
2026-03-22,S004,SKU00017,12
2026-03-15,S004,SKU00017,14
2026-03-08,S004,SKU00017,18
2026-03-01,S004,SKU00017,16
2026-02-22,S004,SKU00017,13
2026-04-12,S023,SKU00049,7
2026-04-05,S023,SKU00049,5
2026-03-29,S023,SKU00049,6
2026-03-22,S023,SKU00049,5
2026-03-15,S023,SKU00049,10
2026-03-08,S023,SKU00049,4
2026-03-01,S023,SKU00049,7
2026-02-22,S023,SKU00049,8
2026-04-12,S009,SKU00044,10
2026-04-05,S009,SKU00044,15
2026-03-29,S009,SKU00044,11
2026-03-22,S009,SKU00044,13
2026-03-15,S009,SKU00044,18
2026-03-08,S009,SKU00044,11
2026-03-01,S009,SKU00044,10
2026-02-22,S009,SKU00044,13
2026-04-12,S016,SKU00011,10
2026-04-05,S016,SKU00011,8
2026-03-29,S016,SKU00011,11
2026-03-22,S016,SKU00011,9
2026-03-15,S016,SKU00011,9
2026-03-08,S016,SKU00011,21
2026-03-01,S016,SKU00011,20
2026-02-22,S016,SKU00011,19
2026-04-12,S039,SKU00052,2
2026-04-05,S039,SKU00052,1
2026-03-29,S039,SKU00052,1
2026-03-22,S039,SKU00052,1
2026-03-15,S039,SKU00052,2
2026-03-08,S039,SKU00052,2
2026-03-01,S039,SKU00052,2
2026-02-22,S039,SKU00052,1
2026-04-12,S046,SKU00024,7
2026-04-05,S046,SKU00024,7
2026-03-29,S046,SKU00024,9
2026-03-22,S046,SKU00024,6
2026-03-15,S046,SKU00024,4
2026-03-08,S046,SKU00024,8
2026-03-01,S046,SKU00024,13
2026-02-22,S046,SKU00024,7
2026-04-12,S047,SKU00037,6
2026-04-05,S047,SKU00037,9
2026-03-29,S047,SKU00037,5
2026-03-15,S047,SKU00037,10
2026-03-08,S047,SKU00037,6
2026-03-01,S047,SKU00037,7
2026-02-22,S047,SKU00037,9
2026-04-12,S032,SKU00019,11
2026-04-05,S032,SKU00019,6
2026-03-29,S032,SKU00019,12
2026-03-22,S032,SKU00019,13
2026-03-15,S032,SKU00019,3
2026-03-08,S032,SKU00019,6
2026-03-01,S032,SKU00019,12
2026-02-22,S032,SKU00019,4
2026-04-12,S055,SKU00059,1
2026-04-05,S055,SKU00059,1
2026-03-08,S055,SKU00059,1
2026-04-12,S021,SKU00049,7
2026-04-05,S021,SKU00049,2
2026-03-29,S021,SKU00049,17
2026-03-22,S021,SKU00049,18
2026-03-15,S021,SKU00049,6
2026-03-08,S021,SKU00049,14
2026-03-01,S021,SKU00049,13
2026-02-22,S021,SKU00049,11
2026-04-12,S029,SKU00042,23
2026-04-05,S029,SKU00042,15
2026-03-29,S029,SKU00042,8
2026-03-22,S029,SKU00042,7
2026-03-15,S029,SKU00042,17
2026-03-08,S029,SKU00042,10
2026-03-01,S029,SKU00042,10
2026-02-22,S029,SKU00042,12
2026-04-12,S011,SKU00003,6
2026-04-05,S011,SKU00003,4
2026-03-29,S011,SKU00003,7
2026-03-22,S011,SKU00003,6
2026-03-15,S011,SKU00003,7
2026-03-08,S011,SKU00003,5
2026-03-01,S011,SKU00003,6
2026-02-22,S011,SKU00003,5
2026-04-12,S056,SKU00023,7
2026-04-05,S056,SKU00023,13
2026-03-29,S056,SKU00023,6
2026-03-22,S056,SKU00023,9
2026-03-15,S056,SKU00023,12
2026-03-08,S056,SKU00023,10
2026-03-01,S056,SKU00023,5
2026-02-22,S056,SKU00023,4
2026-04-05,S052,SKU00003,1
2026-03-29,S052,SKU00003,1
2026-03-15,S052,SKU00003,1
2026-03-08,S052,SKU00003,2
2026-04-12,S005,SKU00050,17
2026-04-05,S005,SKU00050,14
2026-03-29,S005,SKU00050,12
2026-03-22,S005,SKU00050,10
2026-03-15,S005,SKU00050,12
2026-03-08,S005,SKU00050,11
2026-03-01,S005,SKU00050,8
2026-02-22,S005,SKU00050,10
2026-04-12,S038,SKU00047,7
2026-04-05,S038,SKU00047,11
2026-03-29,S038,SKU00047,10
2026-03-22,S038,SKU00047,5
2026-03-15,S038,SKU00047,16
2026-03-08,S038,SKU00047,16
2026-03-01,S038,SKU00047,20
2026-02-22,S038,SKU00047,10
2026-04-12,S003,SKU00006,8
2026-04-05,S003,SKU00006,8
2026-03-29,S003,SKU00006,7
2026-03-22,S003,SKU00006,6
2026-03-15,S003,SKU00006,7
2026-03-08,S003,SKU00006,7
2026-03-01,S003,SKU00006,8
2026-02-22,S003,SKU00006,8
2026-04-12,S045,SKU00065,2
2026-04-05,S045,SKU00065,1
2026-03-29,S045,SKU00065,1
2026-03-22,S045,SKU00065,2
2026-03-08,S045,SKU00065,2
2026-03-01,S045,SKU00065,2
2026-02-22,S045,SKU00065,1
2026-04-12,S032,SKU00054,3
2026-04-05,S032,SKU00054,1
2026-03-29,S032,SKU00054,1
2026-03-22,S032,SKU00054,3
2026-03-15,S032,SKU00054,2
2026-03-08,S032,SKU00054,1
2026-03-01,S032,SKU00054,3
2026-02-22,S032,SKU00054,2
2026-04-12,S038,SKU00014,11
2026-04-05,S038,SKU00014,10
2026-03-29,S038,SKU00014,7
2026-03-22,S038,SKU00014,9
2026-03-15,S038,SKU00014,5
2026-03-08,S038,SKU00014,12
2026-03-01,S038,SKU00014,10
2026-02-22,S038,SKU00014,6
2026-04-12,S033,SKU00003,5
2026-04-05,S033,SKU00003,5
2026-03-29,S033,SKU00003,5
2026-03-22,S033,SKU00003,4
2026-03-15,S033,SKU00003,2
2026-03-08,S033,SKU00003,6
2026-03-01,S033,SKU00003,3
2026-02-22,S033,SKU00003,4
2026-04-12,S007,SKU00049,7
2026-04-05,S007,SKU00049,6
2026-03-29,S007,SKU00049,10
2026-03-22,S007,SKU00049,9
2026-03-15,S007,SKU00049,10
2026-03-08,S007,SKU00049,8
2026-03-01,S007,SKU00049,8
2026-02-22,S007,SKU00049,9
2026-04-12,S037,SKU00048,9
2026-04-05,S037,SKU00048,10
2026-03-29,S037,SKU00048,18
2026-03-22,S037,SKU00048,20
2026-03-15,S037,SKU00048,11
2026-03-08,S037,SKU00048,12
2026-03-01,S037,SKU00048,11
2026-02-22,S037,SKU00048,11
2026-04-05,S046,SKU00046,1
2026-03-08,S046,SKU00046,2
2026-03-01,S046,SKU00046,1
2026-04-12,S028,SKU00002,6
2026-04-05,S028,SKU00002,3
2026-03-29,S028,SKU00002,5
2026-03-22,S028,SKU00002,7
2026-03-15,S028,SKU00002,9
2026-03-08,S028,SKU00002,7
2026-03-01,S028,SKU00002,10
2026-02-22,S028,SKU00002,7
2026-04-12,S002,SKU00008,13
2026-04-05,S002,SKU00008,11
2026-03-29,S002,SKU00008,8
2026-03-22,S002,SKU00008,9
2026-03-15,S002,SKU00008,10
2026-03-08,S002,SKU00008,11
2026-03-01,S002,SKU00008,13
2026-02-22,S002,SKU00008,11
2026-04-05,S002,SKU00063,1
2026-03-29,S002,SKU00063,1
2026-03-15,S002,SKU00063,1
2026-02-22,S002,SKU00063,1
2026-04-12,S035,SKU00016,15
2026-04-05,S035,SKU00016,8
2026-03-29,S035,SKU00016,6
2026-03-22,S035,SKU00016,9
2026-03-15,S035,SKU00016,1
2026-03-08,S035,SKU00016,12
2026-03-01,S035,SKU00016,13
2026-02-22,S035,SKU00016,4
2026-04-12,S018,SKU00019,12
2026-04-05,S018,SKU00019,10
2026-03-29,S018,SKU00019,10
2026-03-22,S018,SKU00019,11
2026-03-15,S018,SKU00019,13
2026-03-08,S018,SKU00019,12
2026-03-01,S018,SKU00019,12
2026-02-22,S018,SKU00019,10
2026-04-12,S036,SKU00002,2
2026-04-05,S036,SKU00002,2
2026-03-29,S036,SKU00002,4
2026-03-22,S036,SKU00002,1
2026-03-15,S036,SKU00002,2
2026-03-08,S036,SKU00002,3
2026-03-01,S036,SKU00002,3
2026-02-22,S036,SKU00002,2
2026-04-12,S041,SKU00044,14
2026-04-05,S041,SKU00044,8
2026-03-29,S041,SKU00044,8
2026-03-22,S041,SKU00044,13
2026-03-15,S041,SKU00044,14
2026-03-08,S041,SKU00044,8
2026-03-01,S041,SKU00044,10
2026-02-22,S041,SKU00044,7
2026-04-12,S018,SKU00055,3
2026-04-05,S018,SKU00055,1
2026-03-29,S018,SKU00055,3
2026-03-22,S018,SKU00055,1
2026-03-15,S018,SKU00055,2
2026-03-08,S018,SKU00055,3
2026-03-01,S018,SKU00055,1
2026-02-22,S018,SKU00055,2
2026-04-12,S010,SKU00040,18
2026-04-05,S010,SKU00040,20
2026-03-29,S010,SKU00040,26
2026-03-22,S010,SKU00040,23
2026-03-15,S010,SKU00040,12
2026-03-08,S010,SKU00040,19
2026-03-01,S010,SKU00040,17
2026-02-22,S010,SKU00040,21
2026-04-12,S043,SKU00004,6
2026-04-05,S043,SKU00004,4
2026-03-29,S043,SKU00004,1
2026-03-22,S043,SKU00004,4
2026-03-15,S043,SKU00004,6
2026-03-08,S043,SKU00004,6
2026-03-01,S043,SKU00004,4
2026-02-22,S043,SKU00004,6
2026-04-12,S008,SKU00032,19
2026-04-05,S008,SKU00032,22
2026-03-29,S008,SKU00032,23
2026-03-22,S008,SKU00032,17
2026-03-15,S008,SKU00032,19
2026-03-08,S008,SKU00032,18
2026-03-01,S008,SKU00032,14
2026-02-22,S008,SKU00032,20
2026-04-12,S001,SKU00064,2
2026-04-05,S001,SKU00064,2
2026-03-29,S001,SKU00064,2
2026-03-22,S001,SKU00064,2
2026-03-15,S001,SKU00064,2
2026-03-08,S001,SKU00064,2
2026-03-01,S001,SKU00064,2
2026-02-22,S001,SKU00064,2
2026-04-12,S006,SKU00056,1
2026-04-05,S006,SKU00056,1
2026-03-29,S006,SKU00056,2
2026-03-22,S006,SKU00056,2
2026-03-15,S006,SKU00056,2
2026-03-08,S006,SKU00056,2
2026-03-01,S006,SKU00056,2
2026-02-22,S006,SKU00056,2
2026-04-12,S012,SKU00068,1
2026-04-05,S012,SKU00068,2
2026-03-29,S012,SKU00068,1
2026-03-22,S012,SKU00068,1
2026-03-15,S012,SKU00068,1
2026-03-08,S012,SKU00068,1
2026-03-01,S012,SKU00068,1
2026-02-22,S012,SKU00068,1
2026-04-12,S020,SKU00060,2
2026-04-05,S020,SKU00060,2
2026-03-29,S020,SKU00060,2
2026-03-22,S020,SKU00060,2
2026-03-15,S020,SKU00060,2
2026-03-08,S020,SKU00060,1
2026-03-01,S020,SKU00060,2
2026-02-22,S020,SKU00060,2
2026-04-12,S055,SKU00013,4
2026-04-05,S055,SKU00013,7
2026-03-22,S055,SKU00013,3
2026-03-15,S055,SKU00013,4
2026-03-08,S055,SKU00013,3
2026-03-01,S055,SKU00013,5
2026-04-12,S057,SKU00059,1
2026-03-29,S057,SKU00059,1
2026-03-22,S057,SKU00059,1
2026-03-15,S057,SKU00059,1
2026-03-08,S057,SKU00059,1
2026-02-22,S057,SKU00059,1
2026-04-12,S045,SKU00044,3
2026-04-05,S045,SKU00044,9
2026-03-29,S045,SKU00044,5
2026-03-22,S045,SKU00044,3
2026-03-15,S045,SKU00044,5
2026-03-08,S045,SKU00044,7
2026-03-01,S045,SKU00044,5
2026-02-22,S045,SKU00044,4
2026-04-12,S005,SKU00065,1
2026-04-05,S005,SKU00065,1
2026-03-29,S005,SKU00065,1
2026-03-15,S005,SKU00065,1
2026-03-08,S005,SKU00065,1
2026-03-01,S005,SKU00065,1
2026-02-22,S005,SKU00065,1
2026-04-12,S025,SKU00016,11
2026-04-05,S025,SKU00016,14
2026-03-29,S025,SKU00016,19
2026-03-22,S025,SKU00016,13
2026-03-15,S025,SKU00016,12
2026-03-08,S025,SKU00016,12
2026-03-01,S025,SKU00016,14
2026-02-22,S025,SKU00016,14
2026-04-12,S040,SKU00059,2
2026-04-05,S040,SKU00059,4
2026-03-29,S040,SKU00059,3
2026-03-22,S040,SKU00059,3
2026-03-15,S040,SKU00059,3
2026-03-08,S040,SKU00059,4
2026-03-01,S040,SKU00059,3
2026-02-22,S040,SKU00059,3
2026-04-12,S004,SKU00032,9
2026-04-05,S004,SKU00032,9
2026-03-29,S004,SKU00032,5
2026-03-22,S004,SKU00032,8
2026-03-15,S004,SKU00032,8
2026-03-08,S004,SKU00032,12
2026-03-01,S004,SKU00032,7
2026-02-22,S004,SKU00032,12
2026-04-12,S053,SKU00007,3
2026-04-05,S053,SKU00007,2
2026-03-22,S053,SKU00007,8
2026-03-15,S053,SKU00007,7
2026-03-08,S053,SKU00007,7
2026-03-01,S053,SKU00007,6
2026-02-22,S053,SKU00007,6
2026-04-12,S032,SKU00008,17
2026-04-05,S032,SKU00008,21
2026-03-29,S032,SKU00008,16
2026-03-22,S032,SKU00008,14
2026-03-15,S032,SKU00008,11
2026-03-08,S032,SKU00008,14
2026-03-01,S032,SKU00008,13
2026-02-22,S032,SKU00008,2
2026-04-12,S022,SKU00010,6
2026-04-05,S022,SKU00010,5
2026-03-29,S022,SKU00010,4
2026-03-22,S022,SKU00010,4
2026-03-15,S022,SKU00010,7
2026-03-08,S022,SKU00010,3
2026-03-01,S022,SKU00010,8
2026-02-22,S022,SKU00010,3
2026-04-12,S019,SKU00044,19
2026-04-05,S019,SKU00044,12
2026-03-29,S019,SKU00044,25
2026-03-22,S019,SKU00044,23
2026-03-15,S019,SKU00044,25
2026-03-08,S019,SKU00044,19
2026-03-01,S019,SKU00044,26
2026-02-22,S019,SKU00044,22
2026-04-12,S032,SKU00063,2
2026-04-05,S032,SKU00063,1
2026-03-29,S032,SKU00063,1
2026-03-15,S032,SKU00063,1
2026-03-08,S032,SKU00063,1
2026-03-01,S032,SKU00063,1
2026-04-12,S047,SKU00074,1
2026-03-29,S047,SKU00074,1
2026-03-15,S047,SKU00074,1
2026-03-08,S047,SKU00074,1
2026-03-01,S047,SKU00074,1
2026-02-22,S047,SKU00074,1
2026-04-12,S042,SKU00048,14
2026-04-05,S042,SKU00048,10
2026-03-29,S042,SKU00048,12
2026-03-22,S042,SKU00048,9
2026-03-15,S042,SKU00048,12
2026-03-08,S042,SKU00048,15
2026-03-01,S042,SKU00048,12
2026-02-22,S042,SKU00048,9
2026-04-12,S016,SKU00024,5
2026-04-05,S016,SKU00024,5
2026-03-29,S016,SKU00024,6
2026-03-22,S016,SKU00024,7
2026-03-15,S016,SKU00024,6
2026-03-08,S016,SKU00024,4
2026-03-01,S016,SKU00024,5
2026-02-22,S016,SKU00024,3
2026-04-12,S004,SKU00061,1
2026-04-05,S004,SKU00061,1
2026-03-29,S004,SKU00061,1
2026-03-22,S004,SKU00061,1
2026-03-15,S004,SKU00061,1
2026-03-08,S004,SKU00061,1
2026-03-01,S004,SKU00061,1
2026-02-22,S004,SKU00061,1
2026-04-12,S006,SKU00019,15
2026-04-05,S006,SKU00019,15
2026-03-29,S006,SKU00019,23
2026-03-22,S006,SKU00019,19
2026-03-15,S006,SKU00019,18
2026-03-08,S006,SKU00019,15
2026-03-01,S006,SKU00019,19
2026-02-22,S006,SKU00019,16
2026-04-12,S028,SKU00064,4
2026-04-05,S028,SKU00064,2
2026-03-29,S028,SKU00064,3
2026-03-22,S028,SKU00064,2
2026-03-15,S028,SKU00064,2
2026-03-08,S028,SKU00064,2
2026-03-01,S028,SKU00064,1
2026-02-22,S028,SKU00064,1
2026-04-12,S026,SKU00056,2
2026-04-05,S026,SKU00056,1
2026-03-29,S026,SKU00056,1
2026-03-22,S026,SKU00056,2
2026-03-15,S026,SKU00056,2
2026-03-08,S026,SKU00056,1
2026-03-01,S026,SKU00056,2
2026-02-22,S026,SKU00056,2
2026-04-12,S061,SKU00072,1
2026-03-29,S061,SKU00072,1
2026-03-22,S061,SKU00072,1
2026-03-15,S061,SKU00072,1
2026-02-22,S061,SKU00072,1
2026-04-12,S006,SKU00055,2
2026-04-05,S006,SKU00055,2
2026-03-29,S006,SKU00055,1
2026-03-22,S006,SKU00055,2
2026-03-15,S006,SKU00055,2
2026-03-08,S006,SKU00055,2
2026-03-01,S006,SKU00055,2
2026-02-22,S006,SKU00055,3
2026-04-12,S013,SKU00018,11
2026-04-05,S013,SKU00018,17
2026-03-29,S013,SKU00018,20
2026-03-22,S013,SKU00018,13
2026-03-15,S013,SKU00018,18
2026-03-08,S013,SKU00018,19
2026-03-01,S013,SKU00018,22
2026-02-22,S013,SKU00018,12
2026-04-12,S039,SKU00050,7
2026-04-05,S039,SKU00050,8
2026-03-29,S039,SKU00050,10
2026-03-22,S039,SKU00050,10
2026-03-15,S039,SKU00050,15
2026-03-08,S039,SKU00050,8
2026-03-01,S039,SKU00050,8
2026-02-22,S039,SKU00050,7
2026-04-12,S011,SKU00048,16
2026-04-05,S011,SKU00048,14
2026-03-29,S011,SKU00048,12
2026-03-22,S011,SKU00048,17
2026-03-15,S011,SKU00048,15
2026-03-08,S011,SKU00048,17
2026-03-01,S011,SKU00048,16
2026-02-22,S011,SKU00048,18
2026-04-12,S043,SKU00015,2
2026-04-05,S043,SKU00015,2
2026-03-29,S043,SKU00015,3
2026-03-22,S043,SKU00015,2
2026-03-15,S043,SKU00015,2
2026-03-08,S043,SKU00015,3
2026-03-01,S043,SKU00015,3
2026-02-22,S043,SKU00015,2
2026-04-12,S015,SKU00041,14
2026-04-05,S015,SKU00041,17
2026-03-29,S015,SKU00041,15
2026-03-22,S015,SKU00041,14
2026-03-15,S015,SKU00041,19
2026-03-08,S015,SKU00041,14
2026-03-01,S015,SKU00041,22
2026-02-22,S015,SKU00041,11
2026-04-12,S044,SKU00021,3
2026-04-05,S044,SKU00021,3
2026-03-29,S044,SKU00021,3
2026-03-22,S044,SKU00021,2
2026-03-15,S044,SKU00021,2
2026-03-08,S044,SKU00021,2
2026-03-01,S044,SKU00021,4
2026-02-22,S044,SKU00021,1
2026-04-12,S058,SKU00049,10
2026-04-05,S058,SKU00049,12
2026-03-29,S058,SKU00049,3
2026-03-22,S058,SKU00049,4
2026-03-15,S058,SKU00049,11
2026-03-08,S058,SKU00049,13
2026-03-01,S058,SKU00049,5
2026-02-22,S058,SKU00049,15
2026-04-12,S016,SKU00051,1
2026-04-05,S016,SKU00051,1
2026-03-29,S016,SKU00051,2
2026-03-22,S016,SKU00051,1
2026-03-15,S016,SKU00051,1
2026-03-08,S016,SKU00051,1
2026-03-01,S016,SKU00051,2
2026-02-22,S016,SKU00051,1
2026-04-12,S028,SKU00037,3
2026-04-05,S028,SKU00037,5
2026-03-29,S028,SKU00037,3
2026-03-22,S028,SKU00037,2
2026-03-15,S028,SKU00037,3
2026-03-08,S028,SKU00037,4
2026-03-01,S028,SKU00037,1
2026-02-22,S028,SKU00037,2
2026-04-12,S064,SKU00021,3
2026-04-05,S064,SKU00021,1
2026-03-22,S064,SKU00021,2
2026-03-08,S064,SKU00021,3
2026-02-22,S064,SKU00021,3
2026-04-05,S057,SKU00013,2
2026-03-29,S057,SKU00013,4
2026-03-15,S057,SKU00013,4
2026-03-08,S057,SKU00013,5
2026-03-01,S057,SKU00013,5
2026-02-22,S057,SKU00013,4
2026-04-12,S016,SKU00001,19
2026-04-05,S016,SKU00001,17
2026-03-29,S016,SKU00001,15
2026-03-22,S016,SKU00001,22
2026-03-15,S016,SKU00001,21
2026-03-08,S016,SKU00001,14
2026-03-01,S016,SKU00001,17
2026-02-22,S016,SKU00001,19
2026-04-12,S018,SKU00063,5
2026-04-05,S018,SKU00063,4
2026-03-29,S018,SKU00063,5
2026-03-22,S018,SKU00063,4
2026-03-15,S018,SKU00063,6
2026-03-08,S018,SKU00063,6
2026-03-01,S018,SKU00063,4
2026-02-22,S018,SKU00063,4
2026-04-12,S021,SKU00043,2
2026-04-05,S021,SKU00043,3
2026-03-29,S021,SKU00043,2
2026-03-22,S021,SKU00043,2
2026-03-15,S021,SKU00043,3
2026-03-08,S021,SKU00043,1
2026-03-01,S021,SKU00043,3
2026-02-22,S021,SKU00043,3
2026-04-05,S028,SKU00026,1
2026-03-29,S028,SKU00026,2
2026-03-22,S028,SKU00026,2
2026-03-15,S028,SKU00026,2
2026-03-01,S028,SKU00026,2
2026-02-22,S028,SKU00026,1
2026-04-12,S033,SKU00048,7
2026-04-05,S033,SKU00048,3
2026-03-29,S033,SKU00048,6
2026-03-22,S033,SKU00048,7
2026-03-15,S033,SKU00048,7
2026-03-08,S033,SKU00048,6
2026-03-01,S033,SKU00048,6
2026-02-22,S033,SKU00048,4
2026-04-12,S036,SKU00037,2
2026-04-05,S036,SKU00037,1
2026-03-29,S036,SKU00037,1
2026-03-22,S036,SKU00037,2
2026-03-15,S036,SKU00037,3
2026-03-08,S036,SKU00037,2
2026-03-01,S036,SKU00037,2
2026-02-22,S036,SKU00037,1
2026-04-05,S010,SKU00062,1
2026-03-29,S010,SKU00062,1
2026-03-22,S010,SKU00062,1
2026-03-15,S010,SKU00062,1
2026-03-08,S010,SKU00062,1
2026-03-01,S010,SKU00062,1
2026-02-22,S010,SKU00062,1
2026-04-12,S036,SKU00026,12
2026-04-05,S036,SKU00026,8
2026-03-29,S036,SKU00026,9
2026-03-22,S036,SKU00026,14
2026-03-15,S036,SKU00026,11
2026-03-08,S036,SKU00026,9
2026-03-01,S036,SKU00026,12
2026-02-22,S036,SKU00026,7
2026-04-12,S017,SKU00054,1
2026-04-05,S017,SKU00054,1
2026-03-08,S017,SKU00054,1
2026-03-01,S017,SKU00054,1
2026-02-22,S017,SKU00054,1
2026-04-12,S030,SKU00002,5
2026-04-05,S030,SKU00002,8
2026-03-29,S030,SKU00002,13
2026-03-22,S030,SKU00002,11
2026-03-15,S030,SKU00002,15
2026-03-08,S030,SKU00002,9
2026-03-01,S030,SKU00002,4
2026-02-22,S030,SKU00002,8
2026-04-12,S035,SKU00038,2
2026-04-05,S035,SKU00038,2
2026-03-29,S035,SKU00038,1
2026-03-22,S035,SKU00038,2
2026-03-15,S035,SKU00038,1
2026-03-08,S035,SKU00038,2
2026-03-01,S035,SKU00038,2
2026-02-22,S035,SKU00038,1
2026-04-12,S026,SKU00019,20
2026-04-05,S026,SKU00019,19
2026-03-29,S026,SKU00019,16
2026-03-22,S026,SKU00019,14
2026-03-15,S026,SKU00019,17
2026-03-08,S026,SKU00019,14
2026-03-01,S026,SKU00019,12
2026-02-22,S026,SKU00019,14
2026-04-12,S010,SKU00042,17
2026-04-05,S010,SKU00042,19
2026-03-29,S010,SKU00042,12
2026-03-22,S010,SKU00042,19
2026-03-15,S010,SKU00042,21
2026-03-08,S010,SKU00042,20
2026-03-01,S010,SKU00042,22
2026-02-22,S010,SKU00042,14
2026-04-12,S053,SKU00036,11
2026-04-05,S053,SKU00036,14
2026-03-29,S053,SKU00036,2
2026-03-22,S053,SKU00036,6
2026-03-15,S053,SKU00036,2
2026-03-08,S053,SKU00036,1
2026-03-01,S053,SKU00036,4
2026-02-22,S053,SKU00036,11
2026-04-12,S022,SKU00066,1
2026-03-29,S022,SKU00066,1
2026-03-08,S022,SKU00066,1
2026-04-12,S042,SKU00030,3
2026-04-05,S042,SKU00030,2
2026-03-29,S042,SKU00030,2
2026-03-22,S042,SKU00030,3
2026-03-15,S042,SKU00030,3
2026-03-08,S042,SKU00030,3
2026-03-01,S042,SKU00030,2
2026-02-22,S042,SKU00030,2
2026-04-12,S012,SKU00010,13
2026-04-05,S012,SKU00010,8
2026-03-29,S012,SKU00010,12
2026-03-22,S012,SKU00010,12
2026-03-15,S012,SKU00010,10
2026-03-08,S012,SKU00010,11
2026-03-01,S012,SKU00010,13
2026-02-22,S012,SKU00010,9
2026-04-12,S014,SKU00036,28
2026-04-05,S014,SKU00036,28
2026-03-29,S014,SKU00036,30
2026-03-22,S014,SKU00036,17
2026-03-15,S014,SKU00036,21
2026-03-08,S014,SKU00036,29
2026-03-01,S014,SKU00036,22
2026-02-22,S014,SKU00036,25
2026-04-12,S053,SKU00045,4
2026-04-05,S053,SKU00045,4
2026-03-29,S053,SKU00045,8
2026-03-22,S053,SKU00045,5
2026-03-15,S053,SKU00045,8
2026-03-08,S053,SKU00045,8
2026-03-01,S053,SKU00045,10
2026-02-22,S053,SKU00045,5
2026-04-12,S010,SKU00027,7
2026-04-05,S010,SKU00027,4
2026-03-29,S010,SKU00027,5
2026-03-22,S010,SKU00027,4
2026-03-15,S010,SKU00027,5
2026-03-08,S010,SKU00027,6
2026-03-01,S010,SKU00027,6
2026-02-22,S010,SKU00027,5
2026-04-12,S005,SKU00067,3
2026-04-05,S005,SKU00067,3
2026-03-29,S005,SKU00067,3
2026-03-22,S005,SKU00067,4
2026-03-15,S005,SKU00067,3
2026-03-08,S005,SKU00067,2
2026-03-01,S005,SKU00067,4
2026-02-22,S005,SKU00067,3
2026-04-12,S048,SKU00036,3
2026-04-05,S048,SKU00036,7
2026-03-29,S048,SKU00036,4
2026-03-22,S048,SKU00036,5
2026-03-15,S048,SKU00036,8
2026-03-08,S048,SKU00036,1
2026-03-01,S048,SKU00036,4
2026-02-22,S048,SKU00036,3
2026-04-12,S013,SKU00017,15
2026-04-05,S013,SKU00017,14
2026-03-29,S013,SKU00017,11
2026-03-22,S013,SKU00017,17
2026-03-15,S013,SKU00017,15
2026-03-08,S013,SKU00017,10
2026-03-01,S013,SKU00017,11
2026-02-22,S013,SKU00017,10
2026-04-12,S001,SKU00072,3
2026-04-05,S001,SKU00072,2
2026-03-29,S001,SKU00072,3
2026-03-22,S001,SKU00072,2
2026-03-15,S001,SKU00072,2
2026-03-08,S001,SKU00072,3
2026-03-01,S001,SKU00072,2
2026-02-22,S001,SKU00072,3
2026-04-12,S014,SKU00045,6
2026-04-05,S014,SKU00045,8
2026-03-29,S014,SKU00045,7
2026-03-22,S014,SKU00045,7
2026-03-15,S014,SKU00045,7
2026-03-08,S014,SKU00045,5
2026-03-01,S014,SKU00045,8
2026-02-22,S014,SKU00045,8
2026-04-12,S025,SKU00038,16
2026-04-05,S025,SKU00038,8
2026-03-29,S025,SKU00038,8
2026-03-22,S025,SKU00038,4
2026-03-15,S025,SKU00038,8
2026-03-08,S025,SKU00038,10
2026-03-01,S025,SKU00038,7
2026-02-22,S025,SKU00038,9
2026-04-12,S016,SKU00005,21
2026-04-05,S016,SKU00005,16
2026-03-29,S016,SKU00005,16
2026-03-22,S016,SKU00005,17
2026-03-15,S016,SKU00005,9
2026-03-08,S016,SKU00005,19
2026-03-01,S016,SKU00005,20
2026-02-22,S016,SKU00005,20
2026-04-12,S034,SKU00060,2
2026-04-05,S034,SKU00060,4
2026-03-29,S034,SKU00060,1
2026-03-22,S034,SKU00060,2
2026-03-15,S034,SKU00060,2
2026-03-08,S034,SKU00060,2
2026-02-22,S034,SKU00060,3
2026-04-12,S050,SKU00042,16
2026-04-05,S050,SKU00042,9
2026-03-29,S050,SKU00042,17
2026-03-22,S050,SKU00042,9
2026-03-08,S050,SKU00042,8
2026-03-01,S050,SKU00042,6
2026-02-22,S050,SKU00042,2
2026-04-12,S025,SKU00025,5
2026-04-05,S025,SKU00025,9
2026-03-29,S025,SKU00025,3
2026-03-22,S025,SKU00025,6
2026-03-15,S025,SKU00025,8
2026-03-08,S025,SKU00025,8
2026-03-01,S025,SKU00025,6
2026-02-22,S025,SKU00025,8
2026-04-12,S015,SKU00006,11
2026-04-05,S015,SKU00006,19
2026-03-29,S015,SKU00006,14
2026-03-22,S015,SKU00006,13
2026-03-15,S015,SKU00006,15
2026-03-08,S015,SKU00006,19
2026-03-01,S015,SKU00006,21
2026-02-22,S015,SKU00006,13
2026-04-12,S006,SKU00044,32
2026-04-05,S006,SKU00044,31
2026-03-29,S006,SKU00044,24
2026-03-22,S006,SKU00044,24
2026-03-15,S006,SKU00044,20
2026-03-08,S006,SKU00044,27
2026-03-01,S006,SKU00044,29
2026-02-22,S006,SKU00044,26
2026-04-12,S035,SKU00073,1
2026-04-05,S035,SKU00073,1
2026-03-29,S035,SKU00073,1
2026-03-22,S035,SKU00073,1
2026-03-15,S035,SKU00073,1
2026-03-08,S035,SKU00073,1
2026-03-01,S035,SKU00073,1
2026-02-22,S035,SKU00073,1
2026-04-12,S037,SKU00002,5
2026-04-05,S037,SKU00002,4
2026-03-29,S037,SKU00002,5
2026-03-22,S037,SKU00002,3
2026-03-15,S037,SKU00002,4
2026-03-08,S037,SKU00002,4
2026-03-01,S037,SKU00002,4
2026-02-22,S037,SKU00002,5
2026-04-12,S022,SKU00021,6
2026-04-05,S022,SKU00021,10
2026-03-29,S022,SKU00021,7
2026-03-22,S022,SKU00021,5
2026-03-15,S022,SKU00021,7
2026-03-08,S022,SKU00021,10
2026-03-01,S022,SKU00021,6
2026-02-22,S022,SKU00021,7
2026-04-12,S043,SKU00022,6
2026-04-05,S043,SKU00022,2
2026-03-29,S043,SKU00022,4
2026-03-22,S043,SKU00022,4
2026-03-15,S043,SKU00022,2
2026-03-08,S043,SKU00022,2
2026-03-01,S043,SKU00022,6
2026-02-22,S043,SKU00022,7
2026-04-12,S054,SKU00068,1
2026-04-05,S054,SKU00068,1
2026-03-15,S054,SKU00068,1
2026-04-12,S038,SKU00043,12
2026-04-05,S038,SKU00043,12
2026-03-29,S038,SKU00043,8
2026-03-22,S038,SKU00043,13
2026-03-15,S038,SKU00043,11
2026-03-08,S038,SKU00043,11
2026-03-01,S038,SKU00043,10
2026-02-22,S038,SKU00043,5
2026-04-12,S009,SKU00024,4
2026-04-05,S009,SKU00024,4
2026-03-29,S009,SKU00024,3
2026-03-22,S009,SKU00024,4
2026-03-15,S009,SKU00024,4
2026-03-08,S009,SKU00024,5
2026-03-01,S009,SKU00024,5
2026-02-22,S009,SKU00024,4
2026-04-12,S028,SKU00074,1
2026-03-29,S028,SKU00074,1
2026-03-15,S028,SKU00074,1
2026-03-08,S028,SKU00074,2
2026-04-05,S028,SKU00072,1
2026-03-29,S028,SKU00072,1
2026-03-22,S028,SKU00072,1
2026-03-15,S028,SKU00072,1
2026-03-08,S028,SKU00072,1
2026-02-22,S028,SKU00072,1
2026-04-12,S036,SKU00074,2
2026-04-05,S036,SKU00074,2
2026-03-29,S036,SKU00074,4
2026-03-22,S036,SKU00074,3
2026-03-15,S036,SKU00074,3
2026-03-08,S036,SKU00074,2
2026-03-01,S036,SKU00074,1
2026-02-22,S036,SKU00074,2
2026-04-12,S009,SKU00029,25
2026-04-05,S009,SKU00029,26
2026-03-29,S009,SKU00029,27
2026-03-22,S009,SKU00029,30
2026-03-15,S009,SKU00029,24
2026-03-08,S009,SKU00029,24
2026-03-01,S009,SKU00029,38
2026-02-22,S009,SKU00029,23
2026-04-12,S012,SKU00066,2
2026-04-05,S012,SKU00066,2
2026-03-29,S012,SKU00066,2
2026-03-22,S012,SKU00066,1
2026-03-15,S012,SKU00066,2
2026-03-08,S012,SKU00066,2
2026-03-01,S012,SKU00066,3
2026-02-22,S012,SKU00066,2
2026-04-12,S061,SKU00033,3
2026-04-05,S061,SKU00033,3
2026-03-29,S061,SKU00033,2
2026-03-22,S061,SKU00033,3
2026-03-15,S061,SKU00033,2
2026-03-01,S061,SKU00033,2
2026-02-22,S061,SKU00033,4
2026-04-12,S026,SKU00044,9
2026-04-05,S026,SKU00044,11
2026-03-29,S026,SKU00044,12
2026-03-22,S026,SKU00044,8
2026-03-15,S026,SKU00044,8
2026-03-08,S026,SKU00044,12
2026-03-01,S026,SKU00044,14
2026-02-22,S026,SKU00044,15
2026-04-12,S009,SKU00051,3
2026-04-05,S009,SKU00051,4
2026-03-29,S009,SKU00051,3
2026-03-22,S009,SKU00051,3
2026-03-15,S009,SKU00051,3
2026-03-08,S009,SKU00051,5
2026-03-01,S009,SKU00051,4
2026-02-22,S009,SKU00051,3
2026-04-12,S018,SKU00040,20
2026-04-05,S018,SKU00040,13
2026-03-29,S018,SKU00040,16
2026-03-22,S018,SKU00040,16
2026-03-15,S018,SKU00040,16
2026-03-08,S018,SKU00040,22
2026-03-01,S018,SKU00040,16
2026-02-22,S018,SKU00040,24
2026-04-12,S027,SKU00045,3
2026-04-05,S027,SKU00045,2
2026-03-29,S027,SKU00045,1
2026-03-22,S027,SKU00045,1
2026-03-15,S027,SKU00045,2
2026-03-08,S027,SKU00045,1
2026-03-01,S027,SKU00045,3
2026-02-22,S027,SKU00045,2
2026-04-12,S030,SKU00026,1
2026-04-05,S030,SKU00026,3
2026-03-29,S030,SKU00026,1
2026-03-22,S030,SKU00026,2
2026-03-15,S030,SKU00026,1
2026-03-08,S030,SKU00026,1
2026-03-01,S030,SKU00026,1
2026-02-22,S030,SKU00026,1
2026-04-12,S036,SKU00009,3
2026-04-05,S036,SKU00009,6
2026-03-29,S036,SKU00009,5
2026-03-15,S036,SKU00009,2
2026-03-08,S036,SKU00009,3
2026-03-01,S036,SKU00009,2
2026-02-22,S036,SKU00009,2
2026-03-29,S051,SKU00046,1
2026-03-22,S051,SKU00046,1
2026-03-15,S051,SKU00046,2
2026-03-01,S051,SKU00046,1
2026-04-12,S017,SKU00011,9
2026-04-05,S017,SKU00011,6
2026-03-29,S017,SKU00011,10
2026-03-22,S017,SKU00011,8
2026-03-15,S017,SKU00011,9
2026-03-08,S017,SKU00011,9
2026-03-01,S017,SKU00011,7
2026-02-22,S017,SKU00011,9
2026-04-12,S002,SKU00023,10
2026-04-05,S002,SKU00023,9
2026-03-29,S002,SKU00023,19
2026-03-22,S002,SKU00023,13
2026-03-15,S002,SKU00023,12
2026-03-08,S002,SKU00023,18
2026-03-01,S002,SKU00023,8
2026-02-22,S002,SKU00023,17
2026-04-12,S016,SKU00003,16
2026-04-05,S016,SKU00003,15
2026-03-29,S016,SKU00003,23
2026-03-22,S016,SKU00003,21
2026-03-15,S016,SKU00003,16
2026-03-08,S016,SKU00003,13
2026-03-01,S016,SKU00003,17
2026-02-22,S016,SKU00003,12
2026-04-12,S003,SKU00056,2
2026-04-05,S003,SKU00056,2
2026-03-29,S003,SKU00056,2
2026-03-22,S003,SKU00056,2
2026-03-15,S003,SKU00056,3
2026-03-08,S003,SKU00056,1
2026-03-01,S003,SKU00056,2
2026-02-22,S003,SKU00056,2
2026-04-12,S020,SKU00038,12
2026-04-05,S020,SKU00038,12
2026-03-29,S020,SKU00038,14
2026-03-22,S020,SKU00038,13
2026-03-15,S020,SKU00038,11
2026-03-08,S020,SKU00038,9
2026-03-01,S020,SKU00038,13
2026-02-22,S020,SKU00038,13
2026-04-12,S041,SKU00023,22
2026-04-05,S041,SKU00023,5
2026-03-29,S041,SKU00023,20
2026-03-22,S041,SKU00023,9
2026-03-15,S041,SKU00023,12
2026-03-08,S041,SKU00023,19
2026-03-01,S041,SKU00023,20
2026-02-22,S041,SKU00023,19
2026-04-12,S020,SKU00025,3
2026-04-05,S020,SKU00025,3
2026-03-29,S020,SKU00025,4
2026-03-22,S020,SKU00025,4
2026-03-15,S020,SKU00025,4
2026-03-08,S020,SKU00025,5
2026-03-01,S020,SKU00025,5
2026-02-22,S020,SKU00025,5
2026-04-12,S013,SKU00032,26
2026-04-05,S013,SKU00032,21
2026-03-29,S013,SKU00032,20
2026-03-22,S013,SKU00032,23
2026-03-15,S013,SKU00032,17
2026-03-08,S013,SKU00032,21
2026-03-01,S013,SKU00032,17
2026-02-22,S013,SKU00032,14
2026-04-12,S056,SKU00035,4
2026-04-05,S056,SKU00035,5
2026-03-29,S056,SKU00035,3
2026-03-22,S056,SKU00035,4
2026-03-08,S056,SKU00035,2
2026-03-01,S056,SKU00035,2
2026-02-22,S056,SKU00035,1
2026-04-12,S020,SKU00007,6
2026-04-05,S020,SKU00007,5
2026-03-29,S020,SKU00007,6
2026-03-22,S020,SKU00007,5
2026-03-15,S020,SKU00007,6
2026-03-08,S020,SKU00007,5
2026-03-01,S020,SKU00007,6
2026-02-22,S020,SKU00007,6
2026-04-12,S063,SKU00068,1
2026-03-22,S063,SKU00068,1
2026-03-15,S063,SKU00068,1
2026-03-08,S063,SKU00068,1
2026-03-01,S063,SKU00068,1
2026-04-12,S056,SKU00070,1
2026-03-29,S056,SKU00070,1
2026-03-08,S056,SKU00070,1
2026-02-22,S056,SKU00070,1
2026-04-12,S039,SKU00067,2
2026-03-29,S039,SKU00067,1
2026-03-22,S039,SKU00067,2
2026-03-15,S039,SKU00067,1
2026-03-08,S039,SKU00067,1
2026-03-01,S039,SKU00067,1
2026-02-22,S039,SKU00067,1
2026-04-12,S011,SKU00002,12
2026-04-05,S011,SKU00002,11
2026-03-29,S011,SKU00002,11
2026-03-22,S011,SKU00002,12
2026-03-15,S011,SKU00002,10
2026-03-08,S011,SKU00002,10
2026-03-01,S011,SKU00002,10
2026-02-22,S011,SKU00002,11
2026-04-12,S003,SKU00050,16
2026-04-05,S003,SKU00050,19
2026-03-29,S003,SKU00050,15
2026-03-22,S003,SKU00050,21
2026-03-15,S003,SKU00050,15
2026-03-08,S003,SKU00050,17
2026-03-01,S003,SKU00050,14
2026-02-22,S003,SKU00050,20
2026-04-12,S023,SKU00068,2
2026-04-05,S023,SKU00068,2
2026-03-29,S023,SKU00068,3
2026-03-22,S023,SKU00068,2
2026-03-15,S023,SKU00068,2
2026-03-08,S023,SKU00068,2
2026-03-01,S023,SKU00068,2
2026-02-22,S023,SKU00068,3
2026-04-12,S037,SKU00037,15
2026-04-05,S037,SKU00037,13
2026-03-29,S037,SKU00037,12
2026-03-22,S037,SKU00037,8
2026-03-15,S037,SKU00037,12
2026-03-08,S037,SKU00037,16
2026-03-01,S037,SKU00037,8
2026-02-22,S037,SKU00037,12
2026-04-12,S012,SKU00021,20
2026-04-05,S012,SKU00021,19
2026-03-29,S012,SKU00021,16
2026-03-22,S012,SKU00021,14
2026-03-15,S012,SKU00021,15
2026-03-08,S012,SKU00021,23
2026-03-01,S012,SKU00021,17
2026-02-22,S012,SKU00021,19
2026-04-12,S013,SKU00061,2
2026-04-05,S013,SKU00061,3
2026-03-29,S013,SKU00061,3
2026-03-22,S013,SKU00061,3
2026-03-15,S013,SKU00061,3
2026-03-08,S013,SKU00061,4
2026-03-01,S013,SKU00061,4
2026-02-22,S013,SKU00061,3
2026-04-12,S045,SKU00024,15
2026-04-05,S045,SKU00024,17
2026-03-29,S045,SKU00024,19
2026-03-22,S045,SKU00024,19
2026-03-15,S045,SKU00024,15
2026-03-08,S045,SKU00024,24
2026-03-01,S045,SKU00024,10
2026-02-22,S045,SKU00024,20
2026-04-12,S055,SKU00016,2
2026-04-05,S055,SKU00016,6
2026-03-29,S055,SKU00016,10
2026-03-22,S055,SKU00016,6
2026-03-15,S055,SKU00016,4
2026-03-01,S055,SKU00016,7
2026-04-12,S033,SKU00002,19
2026-04-05,S033,SKU00002,18
2026-03-29,S033,SKU00002,14
2026-03-22,S033,SKU00002,13
2026-03-15,S033,SKU00002,22
2026-03-08,S033,SKU00002,13
2026-03-01,S033,SKU00002,13
2026-02-22,S033,SKU00002,12
2026-04-12,S009,SKU00005,11
2026-04-05,S009,SKU00005,4
2026-03-29,S009,SKU00005,9
2026-03-22,S009,SKU00005,15
2026-03-15,S009,SKU00005,14
2026-03-08,S009,SKU00005,17
2026-03-01,S009,SKU00005,7
2026-02-22,S009,SKU00005,6
2026-04-12,S020,SKU00073,5
2026-04-05,S020,SKU00073,4
2026-03-29,S020,SKU00073,5
2026-03-22,S020,SKU00073,4
2026-03-15,S020,SKU00073,4
2026-03-08,S020,SKU00073,5
2026-03-01,S020,SKU00073,5
2026-02-22,S020,SKU00073,4
2026-04-12,S008,SKU00019,14
2026-04-05,S008,SKU00019,15
2026-03-29,S008,SKU00019,12
2026-03-22,S008,SKU00019,14
2026-03-15,S008,SKU00019,13
2026-03-08,S008,SKU00019,13
2026-03-01,S008,SKU00019,9
2026-02-22,S008,SKU00019,16
2026-04-12,S019,SKU00024,21
2026-04-05,S019,SKU00024,16
2026-03-29,S019,SKU00024,15
2026-03-22,S019,SKU00024,13
2026-03-15,S019,SKU00024,23
2026-03-08,S019,SKU00024,25
2026-03-01,S019,SKU00024,13
2026-02-22,S019,SKU00024,13
2026-03-29,S030,SKU00069,1
2026-02-22,S030,SKU00069,1
2026-04-12,S009,SKU00028,12
2026-04-05,S009,SKU00028,15
2026-03-29,S009,SKU00028,11
2026-03-22,S009,SKU00028,18
2026-03-15,S009,SKU00028,9
2026-03-08,S009,SKU00028,8
2026-03-01,S009,SKU00028,13
2026-02-22,S009,SKU00028,13
2026-04-12,S008,SKU00055,2
2026-04-05,S008,SKU00055,2
2026-03-29,S008,SKU00055,2
2026-03-22,S008,SKU00055,2
2026-03-15,S008,SKU00055,1
2026-03-08,S008,SKU00055,1
2026-03-01,S008,SKU00055,2
2026-02-22,S008,SKU00055,1
2026-04-12,S032,SKU00027,11
2026-04-05,S032,SKU00027,10
2026-03-29,S032,SKU00027,8
2026-03-22,S032,SKU00027,11
2026-03-15,S032,SKU00027,6
2026-03-08,S032,SKU00027,8
2026-03-01,S032,SKU00027,8
2026-02-22,S032,SKU00027,12
2026-04-12,S007,SKU00068,3
2026-04-05,S007,SKU00068,3
2026-03-29,S007,SKU00068,2
2026-03-22,S007,SKU00068,3
2026-03-15,S007,SKU00068,2
2026-03-08,S007,SKU00068,2
2026-03-01,S007,SKU00068,2
2026-02-22,S007,SKU00068,2
2026-04-12,S017,SKU00040,23
2026-04-05,S017,SKU00040,24
2026-03-29,S017,SKU00040,17
2026-03-22,S017,SKU00040,29
2026-03-15,S017,SKU00040,19
2026-03-08,S017,SKU00040,16
2026-03-01,S017,SKU00040,16
2026-02-22,S017,SKU00040,22
2026-03-22,S042,SKU00064,1
2026-02-22,S042,SKU00064,1
2026-04-12,S019,SKU00029,5
2026-04-05,S019,SKU00029,5
2026-03-29,S019,SKU00029,6
2026-03-22,S019,SKU00029,4
2026-03-15,S019,SKU00029,5
2026-03-08,S019,SKU00029,6
2026-03-01,S019,SKU00029,6
2026-02-22,S019,SKU00029,3
2026-04-12,S030,SKU00074,1
2026-04-05,S030,SKU00074,1
2026-03-15,S030,SKU00074,1
2026-03-08,S030,SKU00074,1
2026-02-22,S030,SKU00074,1
2026-04-12,S059,SKU00011,6
2026-04-05,S059,SKU00011,10
2026-03-29,S059,SKU00011,8
2026-03-22,S059,SKU00011,7
2026-03-15,S059,SKU00011,2
2026-03-08,S059,SKU00011,8
2026-03-01,S059,SKU00011,7
2026-02-22,S059,SKU00011,7
2026-04-12,S045,SKU00046,9
2026-04-05,S045,SKU00046,8
2026-03-29,S045,SKU00046,2
2026-03-22,S045,SKU00046,8
2026-03-15,S045,SKU00046,6
2026-03-08,S045,SKU00046,7
2026-03-01,S045,SKU00046,9
2026-02-22,S045,SKU00046,9
2026-04-12,S008,SKU00054,6
2026-04-05,S008,SKU00054,4
2026-03-29,S008,SKU00054,6
2026-03-22,S008,SKU00054,4
2026-03-15,S008,SKU00054,6
2026-03-08,S008,SKU00054,4
2026-03-01,S008,SKU00054,4
2026-02-22,S008,SKU00054,5
2026-04-12,S019,SKU00051,1
2026-04-05,S019,SKU00051,1
2026-03-29,S019,SKU00051,1
2026-03-22,S019,SKU00051,1
2026-03-15,S019,SKU00051,1
2026-03-08,S019,SKU00051,1
2026-03-01,S019,SKU00051,1
2026-04-12,S051,SKU00031,2
2026-04-05,S051,SKU00031,7
2026-03-29,S051,SKU00031,7
2026-03-22,S051,SKU00031,6
2026-03-15,S051,SKU00031,4
2026-03-08,S051,SKU00031,5
2026-03-01,S051,SKU00031,2
2026-02-22,S051,SKU00031,6
2026-03-15,S051,SKU00034,2
2026-02-22,S051,SKU00034,1
2026-04-05,S028,SKU00059,1
2026-03-22,S028,SKU00059,1
2026-03-15,S028,SKU00059,1
2026-03-01,S028,SKU00059,1
2026-02-22,S028,SKU00059,1
2026-04-12,S003,SKU00065,1
2026-04-05,S003,SKU00065,2
2026-03-29,S003,SKU00065,2
2026-03-22,S003,SKU00065,1
2026-03-15,S003,SKU00065,2
2026-03-08,S003,SKU00065,1
2026-03-01,S003,SKU00065,1
2026-02-22,S003,SKU00065,2
2026-04-12,S009,SKU00034,11
2026-04-05,S009,SKU00034,16
2026-03-29,S009,SKU00034,9
2026-03-22,S009,SKU00034,12
2026-03-15,S009,SKU00034,16
2026-03-08,S009,SKU00034,11
2026-03-01,S009,SKU00034,17
2026-02-22,S009,SKU00034,17
2026-04-12,S018,SKU00042,18
2026-04-05,S018,SKU00042,18
2026-03-29,S018,SKU00042,29
2026-03-22,S018,SKU00042,23
2026-03-15,S018,SKU00042,22
2026-03-08,S018,SKU00042,22
2026-03-01,S018,SKU00042,29
2026-02-22,S018,SKU00042,27
2026-04-12,S009,SKU00031,19
2026-04-05,S009,SKU00031,14
2026-03-29,S009,SKU00031,14
2026-03-22,S009,SKU00031,13
2026-03-15,S009,SKU00031,16
2026-03-08,S009,SKU00031,13
2026-03-01,S009,SKU00031,18
2026-02-22,S009,SKU00031,12
2026-04-12,S020,SKU00036,8
2026-04-05,S020,SKU00036,8
2026-03-29,S020,SKU00036,9
2026-03-22,S020,SKU00036,8
2026-03-15,S020,SKU00036,9
2026-03-08,S020,SKU00036,6
2026-03-01,S020,SKU00036,12
2026-02-22,S020,SKU00036,5
2026-04-12,S030,SKU00009,2
2026-04-05,S030,SKU00009,10
2026-03-29,S030,SKU00009,5
2026-03-22,S030,SKU00009,6
2026-03-15,S030,SKU00009,6
2026-03-08,S030,SKU00009,8
2026-03-01,S030,SKU00009,6
2026-02-22,S030,SKU00009,8
2026-04-12,S019,SKU00001,7
2026-04-05,S019,SKU00001,6
2026-03-29,S019,SKU00001,6
2026-03-22,S019,SKU00001,6
2026-03-15,S019,SKU00001,7
2026-03-08,S019,SKU00001,6
2026-03-01,S019,SKU00001,8
2026-02-22,S019,SKU00001,5
2026-03-22,S052,SKU00064,1
2026-03-15,S052,SKU00064,1
2026-04-12,S036,SKU00059,1
2026-04-05,S036,SKU00059,2
2026-03-29,S036,SKU00059,1
2026-03-22,S036,SKU00059,1
2026-03-15,S036,SKU00059,2
2026-03-08,S036,SKU00059,2
2026-03-01,S036,SKU00059,1
2026-02-22,S036,SKU00059,1
2026-04-12,S019,SKU00046,5
2026-04-05,S019,SKU00046,5
2026-03-29,S019,SKU00046,5
2026-03-22,S019,SKU00046,6
2026-03-15,S019,SKU00046,5
2026-03-08,S019,SKU00046,6
2026-03-01,S019,SKU00046,7
2026-02-22,S019,SKU00046,4
2026-04-12,S053,SKU00041,6
2026-04-05,S053,SKU00041,4
2026-03-29,S053,SKU00041,4
2026-03-22,S053,SKU00041,3
2026-03-08,S053,SKU00041,2
2026-03-01,S053,SKU00041,5
2026-02-22,S053,SKU00041,2
2026-04-12,S004,SKU00054,1
2026-04-05,S004,SKU00054,1
2026-03-22,S004,SKU00054,1
2026-03-15,S004,SKU00054,1
2026-03-08,S004,SKU00054,1
2026-03-01,S004,SKU00054,1
2026-02-22,S004,SKU00054,1
2026-04-12,S001,SKU00013,13
2026-04-05,S001,SKU00013,13
2026-03-29,S001,SKU00013,11
2026-03-22,S001,SKU00013,7
2026-03-15,S001,SKU00013,9
2026-03-08,S001,SKU00013,8
2026-03-01,S001,SKU00013,11
2026-02-22,S001,SKU00013,12
2026-04-12,S020,SKU00045,25
2026-04-05,S020,SKU00045,20
2026-03-29,S020,SKU00045,39
2026-03-22,S020,SKU00045,30
2026-03-15,S020,SKU00045,33
2026-03-08,S020,SKU00045,25
2026-03-01,S020,SKU00045,26
2026-02-22,S020,SKU00045,26
2026-04-12,S016,SKU00048,17
2026-04-05,S016,SKU00048,18
2026-03-29,S016,SKU00048,21
2026-03-22,S016,SKU00048,18
2026-03-15,S016,SKU00048,16
2026-03-08,S016,SKU00048,15
2026-03-01,S016,SKU00048,16
2026-02-22,S016,SKU00048,23
2026-04-12,S005,SKU00029,24
2026-04-05,S005,SKU00029,20
2026-03-29,S005,SKU00029,19
2026-03-22,S005,SKU00029,12
2026-03-15,S005,SKU00029,22
2026-03-08,S005,SKU00029,12
2026-03-01,S005,SKU00029,17
2026-02-22,S005,SKU00029,12
2026-04-12,S002,SKU00028,4
2026-04-05,S002,SKU00028,4
2026-03-29,S002,SKU00028,4
2026-03-22,S002,SKU00028,5
2026-03-15,S002,SKU00028,3
2026-03-08,S002,SKU00028,5
2026-03-01,S002,SKU00028,5
2026-02-22,S002,SKU00028,4
2026-04-12,S014,SKU00066,1
2026-04-05,S014,SKU00066,1
2026-03-29,S014,SKU00066,1
2026-03-22,S014,SKU00066,1
2026-03-15,S014,SKU00066,1
2026-03-01,S014,SKU00066,1
2026-04-12,S057,SKU00016,3
2026-03-29,S057,SKU00016,6
2026-03-22,S057,SKU00016,5
2026-03-15,S057,SKU00016,5
2026-03-08,S057,SKU00016,5
2026-02-22,S057,SKU00016,9
2026-04-12,S011,SKU00037,6
2026-04-05,S011,SKU00037,6
2026-03-29,S011,SKU00037,7
2026-03-22,S011,SKU00037,7
2026-03-15,S011,SKU00037,7
2026-03-08,S011,SKU00037,9
2026-03-01,S011,SKU00037,4
2026-02-22,S011,SKU00037,7
2026-04-12,S018,SKU00027,13
2026-04-05,S018,SKU00027,15
2026-03-29,S018,SKU00027,16
2026-03-22,S018,SKU00027,11
2026-03-15,S018,SKU00027,12
2026-03-08,S018,SKU00027,15
2026-03-01,S018,SKU00027,11
2026-02-22,S018,SKU00027,12
2026-04-12,S029,SKU00002,17
2026-04-05,S029,SKU00002,13
2026-03-29,S029,SKU00002,9
2026-03-22,S029,SKU00002,6
2026-03-15,S029,SKU00002,10
2026-03-08,S029,SKU00002,13
2026-03-01,S029,SKU00002,16
2026-02-22,S029,SKU00002,17
2026-04-12,S030,SKU00057,1
2026-04-05,S030,SKU00057,1
2026-03-29,S030,SKU00057,1
2026-03-15,S030,SKU00057,1
2026-04-12,S052,SKU00037,2
2026-04-05,S052,SKU00037,2
2026-03-22,S052,SKU00037,3
2026-03-15,S052,SKU00037,2
2026-03-08,S052,SKU00037,2
2026-02-22,S052,SKU00037,1
2026-04-12,S040,SKU00016,14
2026-04-05,S040,SKU00016,13
2026-03-29,S040,SKU00016,13
2026-03-22,S040,SKU00016,16
2026-03-15,S040,SKU00016,15
2026-03-08,S040,SKU00016,13
2026-03-01,S040,SKU00016,8
2026-02-22,S040,SKU00016,11
2026-04-12,S005,SKU00051,2
2026-04-05,S005,SKU00051,1
2026-03-29,S005,SKU00051,2
2026-03-22,S005,SKU00051,2
2026-03-15,S005,SKU00051,1
2026-03-08,S005,SKU00051,2
2026-03-01,S005,SKU00051,1
2026-02-22,S005,SKU00051,1
2026-04-12,S022,SKU00052,1
2026-04-05,S022,SKU00052,2
2026-03-29,S022,SKU00052,2
2026-03-22,S022,SKU00052,2
2026-03-15,S022,SKU00052,1
2026-03-08,S022,SKU00052,3
2026-03-01,S022,SKU00052,3
2026-02-22,S022,SKU00052,2
2026-04-12,S011,SKU00026,20
2026-04-05,S011,SKU00026,15
2026-03-29,S011,SKU00026,22
2026-03-22,S011,SKU00026,22
2026-03-15,S011,SKU00026,18
2026-03-08,S011,SKU00026,21
2026-03-01,S011,SKU00026,20
2026-02-22,S011,SKU00026,22
2026-04-12,S063,SKU00010,6
2026-04-05,S063,SKU00010,3
2026-03-29,S063,SKU00010,5
2026-03-22,S063,SKU00010,2
2026-03-15,S063,SKU00010,9
2026-03-08,S063,SKU00010,6
2026-03-01,S063,SKU00010,3
2026-02-22,S063,SKU00010,7
2026-03-22,S060,SKU00052,1
2026-04-12,S005,SKU00001,4
2026-04-05,S005,SKU00001,3
2026-03-29,S005,SKU00001,4
2026-03-22,S005,SKU00001,2
2026-03-15,S005,SKU00001,4
2026-03-08,S005,SKU00001,3
2026-03-01,S005,SKU00001,4
2026-02-22,S005,SKU00001,3
2026-04-12,S034,SKU00038,3
2026-04-05,S034,SKU00038,1
2026-03-29,S034,SKU00038,3
2026-03-22,S034,SKU00038,6
2026-03-15,S034,SKU00038,3
2026-03-08,S034,SKU00038,3
2026-03-01,S034,SKU00038,6
2026-02-22,S034,SKU00038,5
2026-04-12,S005,SKU00046,10
2026-04-05,S005,SKU00046,14
2026-03-29,S005,SKU00046,13
2026-03-22,S005,SKU00046,9
2026-03-15,S005,SKU00046,8
2026-03-08,S005,SKU00046,7
2026-03-01,S005,SKU00046,13
2026-02-22,S005,SKU00046,13
2026-04-12,S033,SKU00037,6
2026-04-05,S033,SKU00037,13
2026-03-29,S033,SKU00037,1
2026-03-22,S033,SKU00037,12
2026-03-15,S033,SKU00037,9
2026-03-08,S033,SKU00037,9
2026-03-01,S033,SKU00037,19
2026-02-22,S033,SKU00037,13
2026-03-22,S062,SKU00011,3
2026-03-08,S062,SKU00011,4
2026-03-01,S062,SKU00011,2
2026-02-22,S062,SKU00011,6
2026-04-12,S003,SKU00044,15
2026-04-05,S003,SKU00044,11
2026-03-29,S003,SKU00044,17
2026-03-22,S003,SKU00044,15
2026-03-15,S003,SKU00044,23
2026-03-08,S003,SKU00044,19
2026-03-01,S003,SKU00044,16
2026-02-22,S003,SKU00044,20
2026-04-12,S049,SKU00007,1
2026-04-05,S049,SKU00007,7
2026-03-29,S049,SKU00007,7
2026-03-22,S049,SKU00007,2
2026-03-15,S049,SKU00007,8
2026-03-08,S049,SKU00007,6
2026-03-01,S049,SKU00007,2
2026-02-22,S049,SKU00007,4
2026-04-12,S008,SKU00008,9
2026-04-05,S008,SKU00008,11
2026-03-29,S008,SKU00008,10
2026-03-22,S008,SKU00008,13
2026-03-15,S008,SKU00008,9
2026-03-08,S008,SKU00008,11
2026-03-01,S008,SKU00008,10
2026-02-22,S008,SKU00008,9
2026-04-12,S019,SKU00005,10
2026-04-05,S019,SKU00005,8
2026-03-29,S019,SKU00005,8
2026-03-22,S019,SKU00005,10
2026-03-15,S019,SKU00005,11
2026-03-08,S019,SKU00005,8
2026-03-01,S019,SKU00005,7
2026-02-22,S019,SKU00005,8
2026-04-12,S008,SKU00063,2
2026-04-05,S008,SKU00063,2
2026-03-29,S008,SKU00063,1
2026-03-22,S008,SKU00063,2
2026-03-15,S008,SKU00063,1
2026-03-08,S008,SKU00063,2
2026-03-01,S008,SKU00063,2
2026-02-22,S008,SKU00063,2
2026-04-12,S033,SKU00026,6
2026-04-05,S033,SKU00026,5
2026-03-29,S033,SKU00026,7
2026-03-22,S033,SKU00026,4
2026-03-15,S033,SKU00026,3
2026-03-08,S033,SKU00026,2
2026-03-01,S033,SKU00026,7
2026-02-22,S033,SKU00026,3
2026-04-12,S028,SKU00013,1
2026-04-05,S028,SKU00013,2
2026-03-29,S028,SKU00013,2
2026-03-22,S028,SKU00013,1
2026-03-15,S028,SKU00013,1
2026-03-08,S028,SKU00013,1
2026-02-22,S028,SKU00013,2
2026-04-12,S006,SKU00023,26
2026-04-05,S006,SKU00023,12
2026-03-29,S006,SKU00023,22
2026-03-22,S006,SKU00023,17
2026-03-15,S006,SKU00023,14
2026-03-08,S006,SKU00023,22
2026-03-01,S006,SKU00023,18
2026-02-22,S006,SKU00023,17
2026-04-12,S017,SKU00062,4
2026-04-05,S017,SKU00062,4
2026-03-29,S017,SKU00062,5
2026-03-22,S017,SKU00062,5
2026-03-15,S017,SKU00062,5
2026-03-08,S017,SKU00062,4
2026-03-01,S017,SKU00062,4
2026-02-22,S017,SKU00062,5
2026-04-12,S044,SKU00050,8
2026-04-05,S044,SKU00050,12
2026-03-29,S044,SKU00050,10
2026-03-22,S044,SKU00050,10
2026-03-15,S044,SKU00050,9
2026-03-08,S044,SKU00050,4
2026-03-01,S044,SKU00050,10
2026-02-22,S044,SKU00050,9
2026-04-12,S019,SKU00028,18
2026-04-05,S019,SKU00028,27
2026-03-29,S019,SKU00028,19
2026-03-22,S019,SKU00028,25
2026-03-15,S019,SKU00028,17
2026-03-08,S019,SKU00028,22
2026-03-01,S019,SKU00028,24
2026-02-22,S019,SKU00028,22
2026-04-12,S014,SKU00021,5
2026-04-05,S014,SKU00021,7
2026-03-29,S014,SKU00021,5
2026-03-22,S014,SKU00021,7
2026-03-15,S014,SKU00021,7
2026-03-08,S014,SKU00021,9
2026-03-01,S014,SKU00021,8
2026-02-22,S014,SKU00021,9
2026-04-12,S064,SKU00050,2
2026-03-29,S064,SKU00050,3
2026-03-22,S064,SKU00050,4
2026-03-15,S064,SKU00050,1
2026-03-08,S064,SKU00050,2
2026-03-01,S064,SKU00050,3
2026-02-22,S064,SKU00050,3
2026-04-12,S031,SKU00014,1
2026-04-05,S031,SKU00014,3
2026-03-29,S031,SKU00014,2
2026-03-22,S031,SKU00014,5
2026-03-15,S031,SKU00014,4
2026-03-08,S031,SKU00014,2
2026-03-01,S031,SKU00014,4
2026-02-22,S031,SKU00014,2
2026-04-12,S058,SKU00068,1
2026-04-05,S058,SKU00068,2
2026-02-22,S058,SKU00068,1
2026-04-12,S010,SKU00035,17
2026-04-05,S010,SKU00035,22
2026-03-29,S010,SKU00035,20
2026-03-22,S010,SKU00035,27
2026-03-15,S010,SKU00035,26
2026-03-08,S010,SKU00035,20
2026-03-01,S010,SKU00035,23
2026-02-22,S010,SKU00035,23
2026-04-12,S004,SKU00008,5
2026-04-05,S004,SKU00008,4
2026-03-29,S004,SKU00008,4
2026-03-22,S004,SKU00008,5
2026-03-15,S004,SKU00008,4
2026-03-08,S004,SKU00008,4
2026-03-01,S004,SKU00008,5
2026-02-22,S004,SKU00008,4
2026-04-12,S010,SKU00030,7
2026-04-05,S010,SKU00030,13
2026-03-29,S010,SKU00030,12
2026-03-22,S010,SKU00030,10
2026-03-15,S010,SKU00030,13
2026-03-08,S010,SKU00030,9
2026-03-01,S010,SKU00030,12
2026-02-22,S010,SKU00030,11
2026-04-12,S004,SKU00063,2
2026-04-05,S004,SKU00063,2
2026-03-29,S004,SKU00063,3
2026-03-22,S004,SKU00063,2
2026-03-15,S004,SKU00063,2
2026-03-08,S004,SKU00063,2
2026-03-01,S004,SKU00063,2
2026-02-22,S004,SKU00063,1
2026-04-12,S045,SKU00034,7
2026-04-05,S045,SKU00034,1
2026-03-29,S045,SKU00034,6
2026-03-22,S045,SKU00034,2
2026-03-15,S045,SKU00034,5
2026-03-08,S045,SKU00034,4
2026-03-01,S045,SKU00034,3
2026-02-22,S045,SKU00034,4
2026-04-12,S017,SKU00042,6
2026-04-05,S017,SKU00042,7
2026-03-29,S017,SKU00042,5
2026-03-22,S017,SKU00042,5
2026-03-15,S017,SKU00042,4
2026-03-08,S017,SKU00042,6
2026-03-01,S017,SKU00042,7
2026-02-22,S017,SKU00042,7
2026-03-01,S027,SKU00066,1
2026-02-22,S027,SKU00066,1
2026-04-12,S007,SKU00010,19
2026-04-05,S007,SKU00010,16
2026-03-29,S007,SKU00010,15
2026-03-22,S007,SKU00010,15
2026-03-15,S007,SKU00010,13
2026-03-08,S007,SKU00010,17
2026-03-01,S007,SKU00010,21
2026-02-22,S007,SKU00010,20
2026-04-12,S053,SKU00006,1
2026-04-05,S053,SKU00006,8
2026-03-29,S053,SKU00006,4
2026-03-22,S053,SKU00006,7
2026-03-15,S053,SKU00006,7
2026-03-08,S053,SKU00006,10
2026-02-22,S053,SKU00006,7
2026-04-12,S029,SKU00064,1
2026-04-05,S029,SKU00064,1
2026-03-29,S029,SKU00064,1
2026-03-22,S029,SKU00064,2
2026-03-15,S029,SKU00064,1
2026-03-08,S029,SKU00064,2
2026-03-01,S029,SKU00064,2
2026-02-22,S029,SKU00064,1
2026-04-12,S005,SKU00005,18
2026-04-05,S005,SKU00005,14
2026-03-29,S005,SKU00005,13
2026-03-22,S005,SKU00005,19
2026-03-15,S005,SKU00005,18
2026-03-08,S005,SKU00005,18
2026-03-01,S005,SKU00005,10
2026-02-22,S005,SKU00005,10
2026-04-12,S059,SKU00024,4
2026-04-05,S059,SKU00024,4
2026-03-29,S059,SKU00024,3
2026-03-15,S059,SKU00024,8
2026-03-08,S059,SKU00024,7
2026-03-01,S059,SKU00024,8
2026-02-22,S059,SKU00024,1
2026-04-12,S054,SKU00021,3
2026-04-05,S054,SKU00021,5
2026-03-29,S054,SKU00021,6
2026-03-22,S054,SKU00021,7
2026-03-08,S054,SKU00021,4
2026-03-01,S054,SKU00021,6
2026-02-22,S054,SKU00021,10
2026-04-12,S019,SKU00034,21
2026-04-05,S019,SKU00034,26
2026-03-29,S019,SKU00034,21
2026-03-22,S019,SKU00034,19
2026-03-15,S019,SKU00034,30
2026-03-08,S019,SKU00034,21
2026-03-01,S019,SKU00034,23
2026-02-22,S019,SKU00034,22
2026-04-12,S019,SKU00031,10
2026-04-05,S019,SKU00031,12
2026-03-29,S019,SKU00031,11
2026-03-22,S019,SKU00031,9
2026-03-15,S019,SKU00031,10
2026-03-08,S019,SKU00031,12
2026-03-01,S019,SKU00031,11
2026-02-22,S019,SKU00031,7
2026-04-12,S011,SKU00069,1
2026-04-05,S011,SKU00069,1
2026-03-29,S011,SKU00069,1
2026-03-22,S011,SKU00069,1
2026-03-15,S011,SKU00069,1
2026-03-01,S011,SKU00069,1
2026-02-22,S011,SKU00069,1
2026-04-12,S039,SKU00024,7
2026-04-05,S039,SKU00024,2
2026-03-29,S039,SKU00024,9
2026-03-22,S039,SKU00024,11
2026-03-15,S039,SKU00024,6
2026-03-08,S039,SKU00024,10
2026-03-01,S039,SKU00024,7
2026-02-22,S039,SKU00024,7
2026-04-12,S035,SKU00017,4
2026-04-05,S035,SKU00017,6
2026-03-29,S035,SKU00017,3
2026-03-22,S035,SKU00017,4
2026-03-15,S035,SKU00017,8
2026-03-08,S035,SKU00017,6
2026-03-01,S035,SKU00017,2
2026-02-22,S035,SKU00017,3
2026-04-12,S042,SKU00072,2
2026-04-05,S042,SKU00072,2
2026-03-29,S042,SKU00072,1
2026-03-22,S042,SKU00072,2
2026-03-15,S042,SKU00072,2
2026-03-08,S042,SKU00072,3
2026-03-01,S042,SKU00072,3
2026-02-22,S042,SKU00072,3
2026-04-12,S055,SKU00073,1
2026-04-05,S055,SKU00073,2
2026-03-08,S055,SKU00073,2
2026-03-01,S055,SKU00073,1
2026-02-22,S055,SKU00073,1
2026-04-12,S035,SKU00039,8
2026-04-05,S035,SKU00039,13
2026-03-29,S035,SKU00039,12
2026-03-22,S035,SKU00039,12
2026-03-15,S035,SKU00039,6
2026-03-08,S035,SKU00039,8
2026-03-01,S035,SKU00039,15
2026-02-22,S035,SKU00039,10
2026-04-12,S012,SKU00052,3
2026-04-05,S012,SKU00052,4
2026-03-29,S012,SKU00052,3
2026-03-22,S012,SKU00052,3
2026-03-15,S012,SKU00052,4
2026-03-08,S012,SKU00052,3
2026-03-01,S012,SKU00052,5
2026-02-22,S012,SKU00052,2
2026-04-12,S026,SKU00023,2
2026-04-05,S026,SKU00023,1
2026-03-29,S026,SKU00023,2
2026-03-22,S026,SKU00023,1
2026-03-15,S026,SKU00023,2
2026-03-08,S026,SKU00023,1
2026-02-22,S026,SKU00023,3
2026-04-12,S029,SKU00037,3
2026-04-05,S029,SKU00037,3
2026-03-29,S029,SKU00037,1
2026-03-22,S029,SKU00037,2
2026-03-15,S029,SKU00037,1
2026-03-08,S029,SKU00037,2
2026-03-01,S029,SKU00037,2
2026-02-22,S029,SKU00037,3
2026-04-12,S050,SKU00030,3
2026-04-05,S050,SKU00030,2
2026-03-29,S050,SKU00030,3
2026-03-22,S050,SKU00030,3
2026-03-15,S050,SKU00030,3
2026-03-08,S050,SKU00030,3
2026-03-01,S050,SKU00030,3
2026-02-22,S050,SKU00030,4
2026-04-12,S023,SKU00066,1
2026-04-05,S023,SKU00066,2
2026-03-22,S023,SKU00066,2
2026-03-15,S023,SKU00066,2
2026-03-08,S023,SKU00066,1
2026-03-01,S023,SKU00066,2
2026-02-22,S023,SKU00066,1
2026-04-12,S062,SKU00040,9
2026-04-05,S062,SKU00040,6
2026-03-29,S062,SKU00040,6
2026-03-22,S062,SKU00040,7
2026-03-15,S062,SKU00040,8
2026-03-08,S062,SKU00040,5
2026-03-01,S062,SKU00040,7
2026-02-22,S062,SKU00040,10
2026-04-12,S011,SKU00074,3
2026-04-05,S011,SKU00074,2
2026-03-29,S011,SKU00074,2
2026-03-22,S011,SKU00074,2
2026-03-15,S011,SKU00074,2
2026-03-08,S011,SKU00074,2
2026-03-01,S011,SKU00074,1
2026-02-22,S011,SKU00074,1
2026-03-22,S059,SKU00051,1
2026-04-12,S039,SKU00029,2
2026-04-05,S039,SKU00029,1
2026-03-29,S039,SKU00029,2
2026-03-22,S039,SKU00029,2
2026-03-15,S039,SKU00029,2
2026-03-08,S039,SKU00029,1
2026-03-01,S039,SKU00029,2
2026-02-22,S039,SKU00029,1
2026-04-12,S052,SKU00074,1
2026-04-05,S052,SKU00074,2
2026-03-29,S052,SKU00074,2
2026-03-08,S052,SKU00074,1
2026-03-01,S052,SKU00074,1
2026-04-12,S034,SKU00036,4
2026-04-05,S034,SKU00036,4
2026-03-29,S034,SKU00036,4
2026-03-22,S034,SKU00036,3
2026-03-15,S034,SKU00036,4
2026-03-08,S034,SKU00036,3
2026-03-01,S034,SKU00036,2
2026-02-22,S034,SKU00036,3
2026-04-12,S059,SKU00001,3
2026-04-05,S059,SKU00001,4
2026-03-29,S059,SKU00001,2
2026-03-22,S059,SKU00001,3
2026-03-15,S059,SKU00001,2
2026-03-08,S059,SKU00001,7
2026-03-01,S059,SKU00001,3
2026-02-22,S059,SKU00001,8
2026-04-12,S052,SKU00072,1
2026-03-29,S052,SKU00072,2
2026-03-15,S052,SKU00072,1
2026-02-22,S052,SKU00072,1
2026-04-12,S005,SKU00034,17
2026-04-05,S005,SKU00034,20
2026-03-29,S005,SKU00034,20
2026-03-22,S005,SKU00034,22
2026-03-15,S005,SKU00034,18
2026-03-08,S005,SKU00034,24
2026-03-01,S005,SKU00034,18
2026-02-22,S005,SKU00034,16
2026-04-12,S027,SKU00021,8
2026-04-05,S027,SKU00021,4
2026-03-29,S027,SKU00021,4
2026-03-22,S027,SKU00021,5
2026-03-15,S027,SKU00021,4
2026-03-08,S027,SKU00021,4
2026-03-01,S027,SKU00021,3
2026-02-22,S027,SKU00021,5
2026-04-12,S005,SKU00031,3
2026-04-05,S005,SKU00031,3
2026-03-29,S005,SKU00031,2
2026-03-22,S005,SKU00031,4
2026-03-15,S005,SKU00031,2
2026-03-08,S005,SKU00031,2
2026-03-01,S005,SKU00031,2
2026-02-22,S005,SKU00031,3
2026-04-12,S011,SKU00009,4
2026-04-05,S011,SKU00009,5
2026-03-29,S011,SKU00009,5
2026-03-22,S011,SKU00009,4
2026-03-15,S011,SKU00009,5
2026-03-08,S011,SKU00009,3
2026-03-01,S011,SKU00009,5
2026-02-22,S011,SKU00009,4
2026-04-12,S040,SKU00038,11
2026-04-05,S040,SKU00038,5
2026-03-29,S040,SKU00038,8
2026-03-22,S040,SKU00038,7
2026-03-15,S040,SKU00038,13
2026-03-08,S040,SKU00038,9
2026-03-01,S040,SKU00038,10
2026-02-22,S040,SKU00038,11
2026-04-05,S057,SKU00025,8
2026-03-29,S057,SKU00025,10
2026-03-22,S057,SKU00025,6
2026-03-15,S057,SKU00025,6
2026-03-08,S057,SKU00025,5
2026-02-22,S057,SKU00025,1
2026-04-12,S033,SKU00074,1
2026-04-12,S025,SKU00017,6
2026-04-05,S025,SKU00017,13
2026-03-29,S025,SKU00017,10
2026-03-22,S025,SKU00017,10
2026-03-15,S025,SKU00017,12
2026-03-08,S025,SKU00017,8
2026-03-01,S025,SKU00017,10
2026-02-22,S025,SKU00017,9
2026-04-12,S039,SKU00001,7
2026-04-05,S039,SKU00001,9
2026-03-29,S039,SKU00001,8
2026-03-22,S039,SKU00001,10
2026-03-15,S039,SKU00001,6
2026-03-08,S039,SKU00001,6
2026-03-01,S039,SKU00001,6
2026-02-22,S039,SKU00001,8
2026-04-12,S051,SKU00004,2
2026-04-05,S051,SKU00004,1
2026-03-29,S051,SKU00004,2
2026-03-22,S051,SKU00004,3
2026-03-15,S051,SKU00004,6
2026-03-08,S051,SKU00004,5
2026-03-01,S051,SKU00004,4
2026-02-22,S051,SKU00004,6
2026-04-12,S049,SKU00045,10
2026-04-05,S049,SKU00045,6
2026-03-29,S049,SKU00045,8
2026-03-22,S049,SKU00045,11
2026-03-15,S049,SKU00045,9
2026-03-08,S049,SKU00045,6
2026-03-01,S049,SKU00045,13
2026-02-22,S049,SKU00045,4
2026-04-12,S034,SKU00045,11
2026-04-05,S034,SKU00045,8
2026-03-29,S034,SKU00045,17
2026-03-22,S034,SKU00045,13
2026-03-15,S034,SKU00045,12
2026-03-08,S034,SKU00045,13
2026-03-01,S034,SKU00045,9
2026-02-22,S034,SKU00045,13
2026-04-12,S039,SKU00046,5
2026-04-05,S039,SKU00046,6
2026-03-29,S039,SKU00046,5
2026-03-22,S039,SKU00046,4
2026-03-15,S039,SKU00046,3
2026-03-08,S039,SKU00046,5
2026-03-01,S039,SKU00046,4
2026-02-22,S039,SKU00046,7
2026-04-12,S040,SKU00025,8
2026-04-05,S040,SKU00025,7
2026-03-29,S040,SKU00025,9
2026-03-22,S040,SKU00025,6
2026-03-15,S040,SKU00025,6
2026-03-08,S040,SKU00025,8
2026-03-01,S040,SKU00025,7
2026-02-22,S040,SKU00025,6
2026-04-12,S009,SKU00004,24
2026-04-05,S009,SKU00004,28
2026-03-29,S009,SKU00004,15
2026-03-22,S009,SKU00004,22
2026-03-15,S009,SKU00004,23
2026-03-08,S009,SKU00004,21
2026-03-01,S009,SKU00004,23
2026-02-22,S009,SKU00004,20
2026-04-12,S024,SKU00067,1
2026-04-05,S024,SKU00067,1
2026-03-29,S024,SKU00067,1
2026-03-22,S024,SKU00067,1
2026-02-22,S024,SKU00067,1
2026-04-12,S022,SKU00050,1
2026-04-05,S022,SKU00050,1
2026-03-29,S022,SKU00050,3
2026-03-22,S022,SKU00050,2
2026-03-15,S022,SKU00050,2
2026-03-08,S022,SKU00050,3
2026-03-01,S022,SKU00050,4
2026-02-22,S022,SKU00050,3
2026-04-12,S021,SKU00018,6
2026-04-05,S021,SKU00018,6
2026-03-29,S021,SKU00018,6
2026-03-22,S021,SKU00018,4
2026-03-15,S021,SKU00018,4
2026-03-08,S021,SKU00018,4
2026-03-01,S021,SKU00018,3
2026-02-22,S021,SKU00018,7
2026-04-12,S007,SKU00066,1
2026-04-05,S007,SKU00066,1
2026-03-29,S007,SKU00066,1
2026-03-22,S007,SKU00066,2
2026-03-15,S007,SKU00066,1
2026-03-08,S007,SKU00066,1
2026-03-01,S007,SKU00066,1
2026-02-22,S007,SKU00066,1
2026-04-12,S010,SKU00020,15
2026-04-05,S010,SKU00020,12
2026-03-29,S010,SKU00020,16
2026-03-22,S010,SKU00020,14
2026-03-15,S010,SKU00020,17
2026-03-08,S010,SKU00020,11
2026-03-01,S010,SKU00020,18
2026-02-22,S010,SKU00020,12
2026-04-12,S010,SKU00053,1
2026-04-05,S010,SKU00053,1
2026-03-29,S010,SKU00053,1
2026-03-22,S010,SKU00053,1
2026-03-15,S010,SKU00053,1
2026-03-08,S010,SKU00053,1
2026-03-01,S010,SKU00053,1
2026-02-22,S010,SKU00053,1
2026-04-12,S011,SKU00057,2
2026-04-05,S011,SKU00057,1
2026-03-29,S011,SKU00057,2
2026-03-22,S011,SKU00057,1
2026-03-15,S011,SKU00057,2
2026-03-08,S011,SKU00057,2
2026-03-01,S011,SKU00057,2
2026-02-22,S011,SKU00057,2
2026-04-12,S037,SKU00059,1
2026-03-22,S037,SKU00059,1
2026-03-08,S037,SKU00059,1
2026-04-12,S046,SKU00037,6
2026-04-05,S046,SKU00037,2
2026-03-29,S046,SKU00037,9
2026-03-22,S046,SKU00037,8
2026-03-15,S046,SKU00037,7
2026-03-08,S046,SKU00037,5
2026-03-01,S046,SKU00037,8
2026-04-12,S001,SKU00060,3
2026-04-05,S001,SKU00060,4
2026-03-29,S001,SKU00060,5
2026-03-22,S001,SKU00060,4
2026-03-15,S001,SKU00060,4
2026-03-08,S001,SKU00060,3
2026-03-01,S001,SKU00060,4
2026-02-22,S001,SKU00060,5
2026-04-12,S023,SKU00021,7
2026-04-05,S023,SKU00021,16
2026-03-29,S023,SKU00021,6
2026-03-22,S023,SKU00021,7
2026-03-15,S023,SKU00021,15
2026-03-08,S023,SKU00021,8
2026-03-01,S023,SKU00021,12
2026-02-22,S023,SKU00021,12
2026-04-12,S047,SKU00016,1
2026-04-05,S047,SKU00016,4
2026-03-29,S047,SKU00016,1
2026-03-22,S047,SKU00016,2
2026-03-08,S047,SKU00016,4
2026-03-01,S047,SKU00016,5
2026-02-22,S047,SKU00016,3
2026-04-12,S008,SKU00040,8
2026-04-05,S008,SKU00040,6
2026-03-29,S008,SKU00040,9
2026-03-22,S008,SKU00040,10
2026-03-15,S008,SKU00040,9
2026-03-08,S008,SKU00040,9
2026-03-01,S008,SKU00040,12
2026-02-22,S008,SKU00040,6
2026-04-12,S002,SKU00035,2
2026-04-05,S002,SKU00035,2
2026-03-29,S002,SKU00035,2
2026-03-22,S002,SKU00035,3
2026-03-15,S002,SKU00035,3
2026-03-08,S002,SKU00035,2
2026-03-01,S002,SKU00035,3
2026-02-22,S002,SKU00035,2
2026-04-12,S017,SKU00003,6
2026-04-05,S017,SKU00003,7
2026-03-29,S017,SKU00003,7
2026-03-22,S017,SKU00003,9
2026-03-15,S017,SKU00003,7
2026-03-08,S017,SKU00003,9
2026-03-01,S017,SKU00003,7
2026-02-22,S017,SKU00003,8
2026-04-12,S046,SKU00026,6
2026-04-05,S046,SKU00026,8
2026-03-29,S046,SKU00026,8
2026-03-22,S046,SKU00026,7
2026-03-15,S046,SKU00026,5
2026-03-08,S046,SKU00026,16
2026-03-01,S046,SKU00026,7
2026-02-22,S046,SKU00026,8
2026-04-12,S002,SKU00030,21
2026-04-05,S002,SKU00030,22
2026-03-29,S002,SKU00030,22
2026-03-22,S002,SKU00030,24
2026-03-15,S002,SKU00030,18
2026-03-08,S002,SKU00030,22
2026-03-01,S002,SKU00030,26
2026-02-22,S002,SKU00030,18
2026-04-12,S015,SKU00065,1
2026-04-05,S015,SKU00065,1
2026-03-29,S015,SKU00065,1
2026-03-22,S015,SKU00065,1
2026-03-15,S015,SKU00065,1
2026-03-08,S015,SKU00065,1
2026-03-01,S015,SKU00065,1
2026-02-22,S015,SKU00065,1
2026-04-12,S006,SKU00028,19
2026-04-05,S006,SKU00028,15
2026-03-29,S006,SKU00028,14
2026-03-22,S006,SKU00028,15
2026-03-15,S006,SKU00028,18
2026-03-08,S006,SKU00028,17
2026-03-01,S006,SKU00028,12
2026-02-22,S006,SKU00028,12
2026-03-29,S057,SKU00073,1
2026-04-12,S033,SKU00057,1
2026-03-29,S033,SKU00057,1
2026-03-15,S033,SKU00057,1
2026-03-01,S033,SKU00057,1
2026-04-12,S013,SKU00019,10
2026-04-05,S013,SKU00019,8
2026-03-29,S013,SKU00019,6
2026-03-22,S013,SKU00019,5
2026-03-15,S013,SKU00019,10
2026-03-08,S013,SKU00019,7
2026-03-01,S013,SKU00019,10
2026-02-22,S013,SKU00019,10
2026-04-12,S030,SKU00047,1
2026-04-05,S030,SKU00047,4
2026-03-29,S030,SKU00047,4
2026-03-22,S030,SKU00047,7
2026-03-15,S030,SKU00047,3
2026-03-08,S030,SKU00047,6
2026-03-01,S030,SKU00047,4
2026-02-22,S030,SKU00047,3
2026-04-12,S041,SKU00035,12
2026-04-05,S041,SKU00035,18
2026-03-29,S041,SKU00035,7
2026-03-22,S041,SKU00035,8
2026-03-15,S041,SKU00035,12
2026-03-08,S041,SKU00035,11
2026-03-01,S041,SKU00035,13
2026-02-22,S041,SKU00035,14
2026-04-12,S016,SKU00002,9
2026-04-05,S016,SKU00002,12
2026-03-29,S016,SKU00002,11
2026-03-22,S016,SKU00002,9
2026-03-15,S016,SKU00002,9
2026-03-08,S016,SKU00002,10
2026-03-01,S016,SKU00002,9
2026-02-22,S016,SKU00002,10
2026-04-12,S041,SKU00070,1
2026-03-08,S041,SKU00070,1
2026-03-01,S041,SKU00070,1
2026-02-22,S041,SKU00070,1
2026-04-12,S013,SKU00055,1
2026-04-05,S013,SKU00055,1
2026-03-29,S013,SKU00055,1
2026-03-22,S013,SKU00055,2
2026-03-15,S013,SKU00055,1
2026-03-08,S013,SKU00055,1
2026-03-01,S013,SKU00055,2
2026-02-22,S013,SKU00055,1
2026-04-12,S004,SKU00040,21
2026-04-05,S004,SKU00040,23
2026-03-29,S004,SKU00040,28
2026-03-22,S004,SKU00040,37
2026-03-15,S004,SKU00040,22
2026-03-08,S004,SKU00040,27
2026-03-01,S004,SKU00040,22
2026-02-22,S004,SKU00040,30
2026-04-12,S039,SKU00005,2
2026-04-05,S039,SKU00005,3
2026-03-22,S039,SKU00005,3
2026-03-15,S039,SKU00005,4
2026-03-08,S039,SKU00005,2
2026-03-01,S039,SKU00005,1
2026-02-22,S039,SKU00005,2
2026-03-08,S050,SKU00053,1
2026-04-12,S020,SKU00041,7
2026-04-05,S020,SKU00041,6
2026-03-29,S020,SKU00041,5
2026-03-22,S020,SKU00041,8
2026-03-15,S020,SKU00041,5
2026-03-08,S020,SKU00041,8
2026-03-01,S020,SKU00041,6
2026-02-22,S020,SKU00041,8
2026-04-12,S006,SKU00034,8
2026-04-05,S006,SKU00034,6
2026-03-29,S006,SKU00034,5
2026-03-22,S006,SKU00034,7
2026-03-15,S006,SKU00034,4
2026-03-08,S006,SKU00034,7
2026-03-01,S006,SKU00034,5
2026-02-22,S006,SKU00034,6
2026-04-12,S007,SKU00021,21
2026-04-05,S007,SKU00021,18
2026-03-29,S007,SKU00021,18
2026-03-22,S007,SKU00021,24
2026-03-15,S007,SKU00021,17
2026-03-08,S007,SKU00021,23
2026-03-01,S007,SKU00021,23
2026-02-22,S007,SKU00021,27
2026-04-12,S006,SKU00031,14
2026-04-05,S006,SKU00031,11
2026-03-29,S006,SKU00031,10
2026-03-22,S006,SKU00031,9
2026-03-15,S006,SKU00031,13
2026-03-08,S006,SKU00031,14
2026-03-01,S006,SKU00031,14
2026-02-22,S006,SKU00031,12
2026-04-12,S013,SKU00054,4
2026-04-05,S013,SKU00054,4
2026-03-29,S013,SKU00054,3
2026-03-22,S013,SKU00054,4
2026-03-15,S013,SKU00054,4
2026-03-08,S013,SKU00054,4
2026-03-01,S013,SKU00054,4
2026-02-22,S013,SKU00054,3
2026-04-12,S029,SKU00074,2
2026-04-05,S029,SKU00074,1
2026-03-29,S029,SKU00074,2
2026-03-22,S029,SKU00074,2
2026-03-15,S029,SKU00074,2
2026-03-08,S029,SKU00074,1
2026-03-01,S029,SKU00074,3
2026-02-22,S029,SKU00074,1
2026-04-12,S028,SKU00060,1
2026-03-22,S028,SKU00060,1
2026-03-01,S028,SKU00060,1
2026-04-12,S024,SKU00011,4
2026-04-05,S024,SKU00011,5
2026-03-29,S024,SKU00011,7
2026-03-22,S024,SKU00011,5
2026-03-08,S024,SKU00011,8
2026-03-01,S024,SKU00011,7
2026-02-22,S024,SKU00011,6
2026-04-12,S020,SKU00039,26
2026-04-05,S020,SKU00039,20
2026-03-29,S020,SKU00039,23
2026-03-22,S020,SKU00039,21
2026-03-15,S020,SKU00039,20
2026-03-08,S020,SKU00039,25
2026-03-01,S020,SKU00039,24
2026-02-22,S020,SKU00039,24
2026-04-12,S032,SKU00035,14
2026-04-05,S032,SKU00035,11
2026-03-29,S032,SKU00035,10
2026-03-22,S032,SKU00035,8
2026-03-15,S032,SKU00035,5
2026-03-08,S032,SKU00035,14
2026-03-01,S032,SKU00035,10
2026-02-22,S032,SKU00035,7
2026-04-12,S015,SKU00044,16
2026-04-05,S015,SKU00044,15
2026-03-29,S015,SKU00044,19
2026-03-22,S015,SKU00044,19
2026-03-15,S015,SKU00044,17
2026-03-08,S015,SKU00044,24
2026-03-01,S015,SKU00044,18
2026-02-22,S015,SKU00044,16
2026-04-12,S045,SKU00004,2
2026-04-05,S045,SKU00004,6
2026-03-29,S045,SKU00004,4
2026-03-22,S045,SKU00004,3
2026-03-15,S045,SKU00004,5
2026-03-08,S045,SKU00004,5
2026-03-01,S045,SKU00004,6
2026-02-22,S045,SKU00004,5
2026-04-12,S037,SKU00047,6
2026-04-05,S037,SKU00047,9
2026-03-29,S037,SKU00047,2
2026-03-22,S037,SKU00047,8
2026-03-15,S037,SKU00047,6
2026-03-08,S037,SKU00047,4
2026-03-01,S037,SKU00047,3
2026-02-22,S037,SKU00047,4
2026-04-12,S012,SKU00050,10
2026-04-05,S012,SKU00050,7
2026-03-29,S012,SKU00050,12
2026-03-22,S012,SKU00050,12
2026-03-15,S012,SKU00050,8
2026-03-08,S012,SKU00050,13
2026-03-01,S012,SKU00050,12
2026-02-22,S012,SKU00050,11
2026-04-12,S038,SKU00018,6
2026-04-05,S038,SKU00018,9
2026-03-29,S038,SKU00018,6
2026-03-15,S038,SKU00018,4
2026-03-08,S038,SKU00018,7
2026-03-01,S038,SKU00018,7
2026-02-22,S038,SKU00018,7
2026-04-12,S010,SKU00064,3
2026-04-05,S010,SKU00064,2
2026-03-29,S010,SKU00064,3
2026-03-22,S010,SKU00064,2
2026-03-15,S010,SKU00064,2
2026-03-08,S010,SKU00064,2
2026-03-01,S010,SKU00064,3
2026-02-22,S010,SKU00064,3
2026-04-12,S011,SKU00059,1
2026-04-05,S011,SKU00059,1
2026-03-29,S011,SKU00059,1
2026-03-22,S011,SKU00059,1
2026-03-15,S011,SKU00059,1
2026-03-01,S011,SKU00059,1
2026-02-22,S011,SKU00059,1
2026-04-12,S019,SKU00004,12
2026-04-05,S019,SKU00004,17
2026-03-29,S019,SKU00004,11
2026-03-22,S019,SKU00004,9
2026-03-15,S019,SKU00004,13
2026-03-08,S019,SKU00004,17
2026-03-01,S019,SKU00004,12
2026-02-22,S019,SKU00004,13
2026-04-12,S046,SKU00069,1
2026-04-05,S046,SKU00069,1
2026-03-29,S046,SKU00069,1
2026-03-15,S046,SKU00069,1
2026-03-01,S046,SKU00069,1
2026-02-22,S046,SKU00069,1
2026-04-12,S029,SKU00057,1
2026-04-05,S029,SKU00057,2
2026-03-29,S029,SKU00057,2
2026-03-22,S029,SKU00057,1
2026-03-15,S029,SKU00057,1
2026-03-08,S029,SKU00057,1
2026-03-01,S029,SKU00057,2
2026-02-22,S029,SKU00057,2
2026-03-29,S025,SKU00061,1
2026-03-01,S025,SKU00061,1
2026-02-22,S025,SKU00061,1
2026-04-12,S001,SKU00016,15
2026-04-05,S001,SKU00016,22
2026-03-29,S001,SKU00016,17
2026-03-22,S001,SKU00016,19
2026-03-15,S001,SKU00016,14
2026-03-08,S001,SKU00016,16
2026-03-01,S001,SKU00016,10
2026-02-22,S001,SKU00016,19
2026-04-12,S002,SKU00015,17
2026-04-05,S002,SKU00015,33
2026-03-29,S002,SKU00015,20
2026-03-22,S002,SKU00015,23
2026-03-15,S002,SKU00015,26
2026-03-08,S002,SKU00015,24
2026-03-01,S002,SKU00015,19
2026-02-22,S002,SKU00015,31
2026-04-12,S002,SKU00020,11
2026-04-05,S002,SKU00020,12
2026-03-29,S002,SKU00020,13
2026-03-22,S002,SKU00020,9
2026-03-15,S002,SKU00020,13
2026-03-08,S002,SKU00020,15
2026-03-01,S002,SKU00020,12
2026-02-22,S002,SKU00020,15
2026-04-12,S008,SKU00062,1
2026-04-05,S008,SKU00062,1
2026-03-29,S008,SKU00062,1
2026-03-15,S008,SKU00062,1
2026-03-08,S008,SKU00062,1
2026-02-22,S008,SKU00062,1
2026-04-12,S043,SKU00014,6
2026-04-05,S043,SKU00014,12
2026-03-29,S043,SKU00014,12
2026-03-22,S043,SKU00014,8
2026-03-15,S043,SKU00014,12
2026-03-08,S043,SKU00014,9
2026-03-01,S043,SKU00014,10
2026-02-22,S043,SKU00014,12
2026-04-12,S003,SKU00023,7
2026-04-05,S003,SKU00023,11
2026-03-29,S003,SKU00023,7
2026-03-22,S003,SKU00023,10
2026-03-15,S003,SKU00023,9
2026-03-08,S003,SKU00023,9
2026-03-01,S003,SKU00023,5
2026-02-22,S003,SKU00023,8
2026-04-12,S041,SKU00020,12
2026-04-05,S041,SKU00020,19
2026-03-29,S041,SKU00020,12
2026-03-22,S041,SKU00020,15
2026-03-15,S041,SKU00020,11
2026-03-08,S041,SKU00020,11
2026-03-01,S041,SKU00020,7
2026-02-22,S041,SKU00020,20
2026-04-12,S018,SKU00035,2
2026-04-05,S018,SKU00035,3
2026-03-29,S018,SKU00035,4
2026-03-22,S018,SKU00035,5
2026-03-15,S018,SKU00035,4
2026-03-08,S018,SKU00035,4
2026-03-01,S018,SKU00035,4
2026-02-22,S018,SKU00035,4
2026-04-12,S008,SKU00042,18
2026-04-05,S008,SKU00042,28
2026-03-29,S008,SKU00042,24
2026-03-22,S008,SKU00042,19
2026-03-15,S008,SKU00042,23
2026-03-08,S008,SKU00042,20
2026-03-01,S008,SKU00042,17
2026-02-22,S008,SKU00042,22
2026-04-12,S013,SKU00008,10
2026-04-05,S013,SKU00008,9
2026-03-29,S013,SKU00008,11
2026-03-22,S013,SKU00008,10
2026-03-15,S013,SKU00008,12
2026-03-08,S013,SKU00008,12
2026-03-01,S013,SKU00008,9
2026-02-22,S013,SKU00008,12
2026-04-12,S018,SKU00030,5
2026-04-05,S018,SKU00030,3
2026-03-29,S018,SKU00030,5
2026-03-22,S018,SKU00030,4
2026-03-15,S018,SKU00030,5
2026-03-08,S018,SKU00030,4
2026-03-01,S018,SKU00030,4
2026-02-22,S018,SKU00030,2
2026-04-12,S013,SKU00063,2
2026-04-05,S013,SKU00063,2
2026-03-29,S013,SKU00063,1
2026-03-22,S013,SKU00063,2
2026-03-15,S013,SKU00063,2
2026-03-08,S013,SKU00063,2
2026-03-01,S013,SKU00063,2
2026-02-22,S013,SKU00063,1
2026-04-12,S020,SKU00006,24
2026-04-05,S020,SKU00006,22
2026-03-29,S020,SKU00006,17
2026-03-22,S020,SKU00006,23
2026-03-15,S020,SKU00006,17
2026-03-08,S020,SKU00006,13
2026-03-01,S020,SKU00006,19
2026-02-22,S020,SKU00006,20
2026-04-12,S005,SKU00004,11
2026-04-05,S005,SKU00004,10
2026-03-29,S005,SKU00004,11
2026-03-22,S005,SKU00004,14
2026-03-15,S005,SKU00004,11
2026-03-08,S005,SKU00004,13
2026-03-01,S005,SKU00004,10
2026-02-22,S005,SKU00004,9
2026-04-12,S050,SKU00064,1
2026-03-22,S050,SKU00064,1
2026-03-15,S050,SKU00064,1
2026-04-12,S017,SKU00048,3
2026-04-05,S017,SKU00048,3
2026-03-29,S017,SKU00048,5
2026-03-22,S017,SKU00048,3
2026-03-15,S017,SKU00048,6
2026-03-08,S017,SKU00048,4
2026-03-01,S017,SKU00048,4
2026-02-22,S017,SKU00048,6
2026-04-12,S016,SKU00026,5
2026-04-05,S016,SKU00026,7
2026-03-29,S016,SKU00026,7
2026-03-22,S016,SKU00026,6
2026-03-15,S016,SKU00026,6
2026-03-08,S016,SKU00026,7
2026-03-01,S016,SKU00026,8
2026-02-22,S016,SKU00026,5
2026-04-12,S042,SKU00013,5
2026-04-05,S042,SKU00013,14
2026-03-29,S042,SKU00013,11
2026-03-22,S042,SKU00013,8
2026-03-15,S042,SKU00013,8
2026-03-08,S042,SKU00013,13
2026-03-01,S042,SKU00013,12
2026-02-22,S042,SKU00013,15
2026-04-12,S004,SKU00042,19
2026-04-05,S004,SKU00042,23
2026-03-29,S004,SKU00042,15
2026-03-22,S004,SKU00042,14
2026-03-15,S004,SKU00042,16
2026-03-08,S004,SKU00042,14
2026-03-01,S004,SKU00042,10
2026-02-22,S004,SKU00042,16
2026-04-12,S003,SKU00029,20
2026-04-05,S003,SKU00029,26
2026-03-29,S003,SKU00029,18
2026-03-22,S003,SKU00029,13
2026-03-15,S003,SKU00029,17
2026-03-08,S003,SKU00029,18
2026-03-01,S003,SKU00029,16
2026-02-22,S003,SKU00029,17
2026-04-12,S008,SKU00027,21
2026-04-05,S008,SKU00027,16
2026-03-29,S008,SKU00027,25
2026-03-22,S008,SKU00027,16
2026-03-15,S008,SKU00027,12
2026-03-08,S008,SKU00027,21
2026-03-01,S008,SKU00027,14
2026-02-22,S008,SKU00027,33
2026-04-12,S028,SKU00016,9
2026-04-05,S028,SKU00016,10
2026-03-29,S028,SKU00016,7
2026-03-22,S028,SKU00016,6
2026-03-15,S028,SKU00016,9
2026-03-08,S028,SKU00016,1
2026-03-01,S028,SKU00016,5
2026-02-22,S028,SKU00016,4
2026-04-12,S044,SKU00011,8
2026-04-05,S044,SKU00011,10
2026-03-29,S044,SKU00011,9
2026-03-22,S044,SKU00011,5
2026-03-15,S044,SKU00011,6
2026-03-08,S044,SKU00011,4
2026-03-01,S044,SKU00011,6
2026-02-22,S044,SKU00011,5
2026-02-22,S027,SKU00052,1
2026-04-12,S036,SKU00016,4
2026-04-05,S036,SKU00016,4
2026-03-29,S036,SKU00016,6
2026-03-22,S036,SKU00016,3
2026-03-15,S036,SKU00016,3
2026-03-08,S036,SKU00016,4
2026-03-01,S036,SKU00016,3
2026-02-22,S036,SKU00016,3
2026-04-12,S052,SKU00013,4
2026-04-05,S052,SKU00013,2
2026-03-29,S052,SKU00013,2
2026-03-22,S052,SKU00013,1
2026-03-15,S052,SKU00013,1
2026-03-08,S052,SKU00013,1
2026-02-22,S052,SKU00013,3
2026-04-12,S004,SKU00027,18
2026-04-05,S004,SKU00027,19
2026-03-29,S004,SKU00027,20
2026-03-22,S004,SKU00027,16
2026-03-15,S004,SKU00027,19
2026-03-08,S004,SKU00027,18
2026-03-01,S004,SKU00027,11
2026-02-22,S004,SKU00027,22
2026-04-12,S011,SKU00047,5
2026-04-05,S011,SKU00047,6
2026-03-29,S011,SKU00047,3
2026-03-22,S011,SKU00047,7
2026-03-15,S011,SKU00047,4
2026-03-08,S011,SKU00047,3
2026-03-01,S011,SKU00047,2
2026-02-22,S011,SKU00047,3
2026-04-12,S003,SKU00046,10
2026-04-05,S003,SKU00046,17
2026-03-29,S003,SKU00046,8
2026-03-22,S003,SKU00046,11
2026-03-15,S003,SKU00046,23
2026-03-08,S003,SKU00046,17
2026-03-01,S003,SKU00046,14
2026-02-22,S003,SKU00046,16
2026-04-12,S043,SKU00049,3
2026-04-05,S043,SKU00049,3
2026-03-29,S043,SKU00049,3
2026-03-22,S043,SKU00049,2
2026-03-15,S043,SKU00049,2
2026-03-08,S043,SKU00049,5
2026-03-01,S043,SKU00049,2
2026-02-22,S043,SKU00049,3
2026-04-12,S024,SKU00024,9
2026-04-05,S024,SKU00024,10
2026-03-29,S024,SKU00024,13
2026-03-22,S024,SKU00024,16
2026-03-15,S024,SKU00024,10
2026-03-08,S024,SKU00024,11
2026-03-01,S024,SKU00024,11
2026-02-22,S024,SKU00024,17
2026-04-12,S047,SKU00073,1
2026-03-29,S047,SKU00073,1
2026-04-05,S063,SKU00052,1
2026-03-08,S063,SKU00052,1
2026-03-01,S063,SKU00052,1
2026-04-12,S033,SKU00013,6
2026-04-05,S033,SKU00013,8
2026-03-29,S033,SKU00013,7
2026-03-22,S033,SKU00013,7
2026-03-15,S033,SKU00013,8
2026-03-08,S033,SKU00013,5
2026-03-01,S033,SKU00013,3
2026-02-22,S033,SKU00013,9
2026-04-12,S049,SKU00041,7
2026-04-05,S049,SKU00041,3
2026-03-29,S049,SKU00041,13
2026-03-22,S049,SKU00041,6
2026-03-15,S049,SKU00041,2
2026-03-08,S049,SKU00041,10
2026-03-01,S049,SKU00041,11
2026-02-22,S049,SKU00041,13
2026-04-12,S034,SKU00041,9
2026-04-05,S034,SKU00041,11
2026-03-29,S034,SKU00041,13
2026-03-22,S034,SKU00041,9
2026-03-15,S034,SKU00041,9
2026-03-08,S034,SKU00041,11
2026-03-01,S034,SKU00041,12
2026-02-22,S034,SKU00041,13
2026-04-12,S053,SKU00056,1
2026-04-05,S053,SKU00056,1
2026-03-29,S053,SKU00056,2
2026-03-22,S053,SKU00056,1
2026-03-15,S053,SKU00056,1
2026-03-08,S053,SKU00056,1
2026-03-01,S053,SKU00056,2
2026-02-22,S053,SKU00056,1
2026-04-12,S006,SKU00035,14
2026-04-05,S006,SKU00035,10
2026-03-29,S006,SKU00035,10
2026-03-22,S006,SKU00035,11
2026-03-15,S006,SKU00035,11
2026-03-08,S006,SKU00035,11
2026-03-01,S006,SKU00035,11
2026-02-22,S006,SKU00035,13
2026-04-12,S006,SKU00070,1
2026-04-05,S006,SKU00070,1
2026-03-29,S006,SKU00070,2
2026-03-22,S006,SKU00070,2
2026-03-15,S006,SKU00070,2
2026-03-08,S006,SKU00070,2
2026-03-01,S006,SKU00070,2
2026-02-22,S006,SKU00070,1
2026-04-12,S056,SKU00033,7
2026-03-29,S056,SKU00033,3
2026-03-22,S056,SKU00033,7
2026-03-15,S056,SKU00033,6
2026-03-08,S056,SKU00033,4
2026-03-01,S056,SKU00033,9
2026-02-22,S056,SKU00033,5
2026-04-12,S049,SKU00039,4
2026-03-29,S049,SKU00039,7
2026-03-22,S049,SKU00039,8
2026-03-15,S049,SKU00039,1
2026-03-01,S049,SKU00039,6
2026-02-22,S049,SKU00039,5
2026-04-12,S034,SKU00039,3
2026-04-05,S034,SKU00039,3
2026-03-29,S034,SKU00039,3
2026-03-22,S034,SKU00039,3
2026-03-15,S034,SKU00039,6
2026-03-08,S034,SKU00039,6
2026-03-01,S034,SKU00039,3
2026-02-22,S034,SKU00039,4
2026-04-12,S024,SKU00051,3
2026-04-05,S024,SKU00051,4
2026-03-29,S024,SKU00051,4
2026-03-22,S024,SKU00051,3
2026-03-15,S024,SKU00051,4
2026-03-08,S024,SKU00051,3
2026-03-01,S024,SKU00051,2
2026-02-22,S024,SKU00051,3
2026-04-12,S065,SKU00041,10
2026-04-05,S065,SKU00041,2
2026-03-29,S065,SKU00041,8
2026-03-22,S065,SKU00041,10
2026-03-15,S065,SKU00041,14
2026-03-08,S065,SKU00041,8
2026-03-01,S065,SKU00041,5
2026-02-22,S065,SKU00041,6
2026-04-12,S018,SKU00020,28
2026-04-05,S018,SKU00020,14
2026-03-29,S018,SKU00020,18
2026-03-22,S018,SKU00020,25
2026-03-15,S018,SKU00020,25
2026-03-08,S018,SKU00020,20
2026-03-01,S018,SKU00020,22
2026-02-22,S018,SKU00020,19
2026-04-12,S016,SKU00069,1
2026-04-05,S016,SKU00069,1
2026-03-29,S016,SKU00069,1
2026-03-22,S016,SKU00069,1
2026-03-15,S016,SKU00069,1
2026-03-08,S016,SKU00069,1
2026-03-01,S016,SKU00069,1
2026-02-22,S016,SKU00069,1
2026-04-12,S018,SKU00053,3
2026-04-05,S018,SKU00053,3
2026-03-29,S018,SKU00053,3
2026-03-22,S018,SKU00053,2
2026-03-15,S018,SKU00053,3
2026-03-08,S018,SKU00053,2
2026-03-01,S018,SKU00053,1
2026-02-22,S018,SKU00053,3
2026-04-12,S053,SKU00050,1
2026-04-05,S053,SKU00050,2
2026-03-29,S053,SKU00050,6
2026-03-22,S053,SKU00050,3
2026-03-15,S053,SKU00050,6
2026-03-08,S053,SKU00050,6
2026-03-01,S053,SKU00050,2
2026-02-22,S053,SKU00050,6
2026-04-12,S024,SKU00001,7
2026-04-05,S024,SKU00001,17
2026-03-29,S024,SKU00001,8
2026-03-22,S024,SKU00001,19
2026-03-15,S024,SKU00001,16
2026-03-08,S024,SKU00001,8
2026-03-01,S024,SKU00001,3
2026-02-22,S024,SKU00001,11
2026-04-12,S024,SKU00046,14
2026-04-05,S024,SKU00046,8
2026-03-29,S024,SKU00046,18
2026-03-22,S024,SKU00046,14
2026-03-15,S024,SKU00046,22
2026-03-08,S024,SKU00046,14
2026-03-01,S024,SKU00046,20
2026-02-22,S024,SKU00046,18
2026-04-12,S014,SKU00050,23
2026-04-05,S014,SKU00050,19
2026-03-29,S014,SKU00050,23
2026-03-22,S014,SKU00050,19
2026-03-15,S014,SKU00050,24
2026-03-08,S014,SKU00050,21
2026-03-01,S014,SKU00050,21
2026-02-22,S014,SKU00050,22
2026-04-12,S001,SKU00038,15
2026-04-05,S001,SKU00038,20
2026-03-29,S001,SKU00038,16
2026-03-22,S001,SKU00038,19
2026-03-15,S001,SKU00038,13
2026-03-08,S001,SKU00038,15
2026-03-01,S001,SKU00038,14
2026-02-22,S001,SKU00038,17
2026-04-12,S055,SKU00017,11
2026-04-05,S055,SKU00017,6
2026-03-29,S055,SKU00017,4
2026-03-22,S055,SKU00017,4
2026-03-15,S055,SKU00017,10
2026-03-08,S055,SKU00017,6
2026-03-01,S055,SKU00017,9
2026-02-22,S055,SKU00017,7
2026-04-12,S010,SKU00072,3
2026-04-05,S010,SKU00072,4
2026-03-29,S010,SKU00072,4
2026-03-22,S010,SKU00072,4
2026-03-15,S010,SKU00072,3
2026-03-08,S010,SKU00072,4
2026-03-01,S010,SKU00072,3
2026-02-22,S010,SKU00072,4
2026-04-12,S057,SKU00018,12
2026-04-05,S057,SKU00018,8
2026-03-29,S057,SKU00018,13
2026-03-22,S057,SKU00018,12
2026-03-15,S057,SKU00018,14
2026-03-08,S057,SKU00018,5
2026-03-01,S057,SKU00018,2
2026-02-22,S057,SKU00018,6
2026-04-12,S016,SKU00074,2
2026-04-05,S016,SKU00074,2
2026-03-29,S016,SKU00074,3
2026-03-22,S016,SKU00074,2
2026-03-15,S016,SKU00074,2
2026-03-08,S016,SKU00074,2
2026-03-01,S016,SKU00074,2
2026-02-22,S016,SKU00074,3
2026-04-12,S001,SKU00025,14
2026-04-05,S001,SKU00025,12
2026-03-29,S001,SKU00025,18
2026-03-22,S001,SKU00025,12
2026-03-15,S001,SKU00025,15
2026-03-08,S001,SKU00025,12
2026-03-01,S001,SKU00025,12
2026-02-22,S001,SKU00025,13
2026-04-12,S039,SKU00048,19
2026-04-05,S039,SKU00048,15
2026-03-29,S039,SKU00048,12
2026-03-22,S039,SKU00048,11
2026-03-15,S039,SKU00048,5
2026-03-08,S039,SKU00048,14
2026-03-01,S039,SKU00048,17
2026-02-22,S039,SKU00048,14
2026-04-12,S048,SKU00050,3
2026-04-05,S048,SKU00050,3
2026-03-29,S048,SKU00050,3
2026-03-22,S048,SKU00050,3
2026-03-08,S048,SKU00050,1
2026-03-01,S048,SKU00050,1
2026-02-22,S048,SKU00050,4
2026-04-12,S003,SKU00028,16
2026-04-05,S003,SKU00028,11
2026-03-29,S003,SKU00028,10
2026-03-22,S003,SKU00028,10
2026-03-15,S003,SKU00028,18
2026-03-08,S003,SKU00028,13
2026-03-01,S003,SKU00028,12
2026-02-22,S003,SKU00028,6
2026-04-12,S001,SKU00007,12
2026-04-05,S001,SKU00007,23
2026-03-29,S001,SKU00007,20
2026-03-22,S001,SKU00007,16
2026-03-15,S001,SKU00007,11
2026-03-08,S001,SKU00007,24
2026-03-01,S001,SKU00007,22
2026-02-22,S001,SKU00007,23
2026-04-12,S007,SKU00052,3
2026-04-05,S007,SKU00052,4
2026-03-29,S007,SKU00052,5
2026-03-22,S007,SKU00052,3
2026-03-15,S007,SKU00052,3
2026-03-08,S007,SKU00052,4
2026-03-01,S007,SKU00052,3
2026-02-22,S007,SKU00052,5
2026-04-12,S026,SKU00035,10
2026-04-05,S026,SKU00035,6
2026-03-29,S026,SKU00035,3
2026-03-22,S026,SKU00035,8
2026-03-15,S026,SKU00035,7
2026-03-08,S026,SKU00035,11
2026-03-01,S026,SKU00035,15
2026-02-22,S026,SKU00035,12
2026-04-12,S061,SKU00036,5
2026-04-05,S061,SKU00036,3
2026-03-29,S061,SKU00036,1
2026-03-22,S061,SKU00036,3
2026-03-15,S061,SKU00036,6
2026-03-08,S061,SKU00036,5
2026-03-01,S061,SKU00036,5
2026-02-22,S061,SKU00036,3
2026-04-12,S039,SKU00004,7
2026-04-05,S039,SKU00004,3
2026-03-29,S039,SKU00004,13
2026-03-22,S039,SKU00004,6
2026-03-15,S039,SKU00004,7
2026-03-08,S039,SKU00004,4
2026-03-01,S039,SKU00004,5
2026-04-12,S013,SKU00040,15
2026-04-05,S013,SKU00040,21
2026-03-29,S013,SKU00040,18
2026-03-22,S013,SKU00040,16
2026-03-15,S013,SKU00040,12
2026-03-08,S013,SKU00040,16
2026-03-01,S013,SKU00040,22
2026-02-22,S013,SKU00040,19
2026-04-12,S045,SKU00022,9
2026-04-05,S045,SKU00022,10
2026-03-29,S045,SKU00022,6
2026-03-22,S045,SKU00022,7
2026-03-15,S045,SKU00022,9
2026-03-08,S045,SKU00022,11
2026-03-01,S045,SKU00022,13
2026-02-22,S045,SKU00022,9
2026-04-12,S022,SKU00011,9
2026-04-05,S022,SKU00011,8
2026-03-29,S022,SKU00011,6
2026-03-22,S022,SKU00011,7
2026-03-15,S022,SKU00011,10
2026-03-08,S022,SKU00011,11
2026-03-01,S022,SKU00011,8
2026-02-22,S022,SKU00011,7
2026-04-12,S016,SKU00009,5
2026-04-05,S016,SKU00009,4
2026-03-29,S016,SKU00009,5
2026-03-22,S016,SKU00009,4
2026-03-15,S016,SKU00009,3
2026-03-08,S016,SKU00009,5
2026-03-01,S016,SKU00009,5
2026-02-22,S016,SKU00009,5
2026-04-12,S030,SKU00043,2
2026-04-05,S030,SKU00043,1
2026-03-29,S030,SKU00043,2
2026-03-22,S030,SKU00043,2
2026-03-15,S030,SKU00043,2
2026-03-08,S030,SKU00043,3
2026-03-01,S030,SKU00043,4
2026-02-22,S030,SKU00043,2
2026-04-12,S032,SKU00064,1
2026-04-05,S032,SKU00064,1
2026-03-15,S032,SKU00064,1
2026-03-08,S032,SKU00064,1
2026-03-01,S032,SKU00064,1
2026-02-22,S032,SKU00064,2
2026-04-12,S029,SKU00013,5
2026-04-05,S029,SKU00013,6
2026-03-29,S029,SKU00013,9
2026-03-22,S029,SKU00013,4
2026-03-15,S029,SKU00013,10
2026-03-08,S029,SKU00013,1
2026-03-01,S029,SKU00013,7
2026-02-22,S029,SKU00013,9
2026-04-05,S060,SKU00011,3
2026-03-29,S060,SKU00011,3
2026-03-01,S060,SKU00011,1
2026-04-12,S031,SKU00036,3
2026-04-05,S031,SKU00036,3
2026-03-29,S031,SKU00036,4
2026-03-22,S031,SKU00036,3
2026-03-15,S031,SKU00036,6
2026-03-08,S031,SKU00036,2
2026-03-01,S031,SKU00036,3
2026-02-22,S031,SKU00036,2
2026-04-12,S012,SKU00067,1
2026-04-05,S012,SKU00067,1
2026-03-29,S012,SKU00067,1
2026-03-22,S012,SKU00067,1
2026-03-01,S012,SKU00067,2
2026-02-22,S012,SKU00067,1
2026-04-12,S019,SKU00022,19
2026-04-05,S019,SKU00022,26
2026-03-29,S019,SKU00022,27
2026-03-22,S019,SKU00022,26
2026-03-15,S019,SKU00022,20
2026-03-08,S019,SKU00022,26
2026-03-01,S019,SKU00022,23
2026-02-22,S019,SKU00022,30
2026-04-05,S049,SKU00006,4
2026-03-29,S049,SKU00006,4
2026-03-22,S049,SKU00006,1
2026-03-15,S049,SKU00006,3
2026-03-08,S049,SKU00006,1
2026-03-01,S049,SKU00006,2
2026-02-22,S049,SKU00006,1
2026-04-12,S034,SKU00006,8
2026-04-05,S034,SKU00006,12
2026-03-29,S034,SKU00006,6
2026-03-22,S034,SKU00006,8
2026-03-15,S034,SKU00006,7
2026-03-08,S034,SKU00006,11
2026-03-01,S034,SKU00006,10
2026-02-22,S034,SKU00006,11
2026-04-12,S044,SKU00024,8
2026-04-05,S044,SKU00024,5
2026-03-29,S044,SKU00024,5
2026-03-22,S044,SKU00024,6
2026-03-15,S044,SKU00024,7
2026-03-08,S044,SKU00024,6
2026-03-01,S044,SKU00024,3
2026-02-22,S044,SKU00024,5
2026-04-12,S003,SKU00034,12
2026-04-05,S003,SKU00034,8
2026-03-29,S003,SKU00034,11
2026-03-22,S003,SKU00034,9
2026-03-15,S003,SKU00034,16
2026-03-08,S003,SKU00034,13
2026-03-01,S003,SKU00034,11
2026-02-22,S003,SKU00034,14
2026-04-12,S003,SKU00031,18
2026-04-05,S003,SKU00031,17
2026-03-29,S003,SKU00031,21
2026-03-22,S003,SKU00031,22
2026-03-15,S003,SKU00031,21
2026-03-08,S003,SKU00031,24
2026-03-01,S003,SKU00031,23
2026-02-22,S003,SKU00031,22
2026-04-12,S016,SKU00057,4
2026-04-05,S016,SKU00057,3
2026-03-29,S016,SKU00057,5
2026-03-22,S016,SKU00057,5
2026-03-15,S016,SKU00057,4
2026-03-08,S016,SKU00057,3
2026-03-01,S016,SKU00057,6
2026-02-22,S016,SKU00057,5
2026-04-12,S028,SKU00038,17
2026-04-05,S028,SKU00038,16
2026-03-29,S028,SKU00038,16
2026-03-22,S028,SKU00038,20
2026-03-15,S028,SKU00038,24
2026-03-08,S028,SKU00038,16
2026-03-01,S028,SKU00038,17
2026-02-22,S028,SKU00038,21
2026-04-12,S001,SKU00073,3
2026-04-05,S001,SKU00073,4
2026-03-29,S001,SKU00073,4
2026-03-22,S001,SKU00073,1
2026-03-15,S001,SKU00073,4
2026-03-08,S001,SKU00073,3
2026-03-01,S001,SKU00073,2
2026-02-22,S001,SKU00073,4
2026-04-12,S024,SKU00005,2
2026-04-05,S024,SKU00005,3
2026-03-29,S024,SKU00005,2
2026-03-22,S024,SKU00005,1
2026-03-08,S024,SKU00005,1
2026-03-01,S024,SKU00005,1
2026-02-22,S024,SKU00005,1
2026-04-12,S064,SKU00024,8
2026-04-05,S064,SKU00024,15
2026-03-29,S064,SKU00024,5
2026-03-22,S064,SKU00024,11
2026-03-15,S064,SKU00024,7
2026-03-08,S064,SKU00024,17
2026-03-01,S064,SKU00024,10
2026-02-22,S064,SKU00024,4
2026-04-12,S006,SKU00015,13
2026-04-05,S006,SKU00015,19
2026-03-29,S006,SKU00015,12
2026-03-22,S006,SKU00015,18
2026-03-15,S006,SKU00015,17
2026-03-08,S006,SKU00015,20
2026-03-01,S006,SKU00015,21
2026-02-22,S006,SKU00015,20
2026-04-12,S006,SKU00020,8
2026-04-05,S006,SKU00020,16
2026-03-29,S006,SKU00020,11
2026-03-22,S006,SKU00020,15
2026-03-15,S006,SKU00020,13
2026-03-08,S006,SKU00020,10
2026-03-01,S006,SKU00020,9
2026-02-22,S006,SKU00020,10
2026-04-12,S053,SKU00065,1
2026-04-05,S053,SKU00065,1
2026-03-29,S053,SKU00065,1
2026-03-01,S053,SKU00065,1
2026-02-22,S053,SKU00065,1
2026-04-12,S028,SKU00025,6
2026-04-05,S028,SKU00025,10
2026-03-29,S028,SKU00025,7
2026-03-22,S028,SKU00025,9
2026-03-15,S028,SKU00025,6
2026-03-08,S028,SKU00025,4
2026-03-01,S028,SKU00025,4
2026-02-22,S028,SKU00025,4
2026-04-12,S031,SKU00045,6
2026-04-05,S031,SKU00045,4
2026-03-29,S031,SKU00045,4
2026-03-22,S031,SKU00045,3
2026-03-15,S031,SKU00045,4
2026-03-08,S031,SKU00045,5
2026-03-01,S031,SKU00045,1
2026-02-22,S031,SKU00045,2
2026-04-12,S044,SKU00029,9
2026-04-05,S044,SKU00029,7
2026-03-29,S044,SKU00029,9
2026-03-22,S044,SKU00029,10
2026-03-15,S044,SKU00029,7
2026-03-08,S044,SKU00029,8
2026-03-01,S044,SKU00029,7
2026-02-22,S044,SKU00029,8
2026-04-12,S028,SKU00007,2
2026-04-05,S028,SKU00007,2
2026-03-29,S028,SKU00007,3
2026-03-22,S028,SKU00007,3
2026-03-15,S028,SKU00007,3
2026-03-08,S028,SKU00007,5
2026-03-01,S028,SKU00007,2
2026-02-22,S028,SKU00007,3
2026-04-12,S014,SKU00065,3
2026-04-05,S014,SKU00065,2
2026-03-29,S014,SKU00065,2
2026-03-22,S014,SKU00065,3
2026-03-15,S014,SKU00065,4
2026-03-08,S014,SKU00065,5
2026-03-01,S014,SKU00065,3
2026-02-22,S014,SKU00065,3
2026-04-05,S064,SKU00029,2
2026-03-29,S064,SKU00029,2
2026-03-15,S064,SKU00029,1
2026-03-08,S064,SKU00029,1
2026-04-12,S037,SKU00043,12
2026-04-05,S037,SKU00043,8
2026-03-29,S037,SKU00043,10
2026-03-22,S037,SKU00043,8
2026-03-15,S037,SKU00043,6
2026-03-08,S037,SKU00043,8
2026-03-01,S037,SKU00043,11
2026-02-22,S037,SKU00043,12
2026-04-12,S018,SKU00064,1
2026-04-05,S018,SKU00064,1
2026-03-29,S018,SKU00064,1
2026-03-22,S018,SKU00064,1
2026-03-15,S018,SKU00064,1
2026-03-08,S018,SKU00064,1
2026-03-01,S018,SKU00064,1
2026-02-22,S018,SKU00064,1
2026-04-12,S005,SKU00022,8
2026-04-05,S005,SKU00022,15
2026-03-29,S005,SKU00022,8
2026-03-22,S005,SKU00022,17
2026-03-15,S005,SKU00022,10
2026-03-08,S005,SKU00022,13
2026-03-01,S005,SKU00022,12
2026-02-22,S005,SKU00022,9
2026-04-12,S040,SKU00017,5
2026-04-05,S040,SKU00017,8
2026-03-29,S040,SKU00017,6
2026-03-22,S040,SKU00017,5
2026-03-15,S040,SKU00017,6
2026-03-08,S040,SKU00017,7
2026-03-01,S040,SKU00017,7
2026-02-22,S040,SKU00017,10
2026-04-12,S040,SKU00039,14
2026-04-05,S040,SKU00039,8
2026-03-29,S040,SKU00039,11
2026-03-22,S040,SKU00039,8
2026-03-15,S040,SKU00039,9
2026-03-08,S040,SKU00039,9
2026-03-01,S040,SKU00039,12
2026-02-22,S040,SKU00039,12
2026-04-12,S044,SKU00046,11
2026-04-05,S044,SKU00046,4
2026-03-29,S044,SKU00046,8
2026-03-22,S044,SKU00046,8
2026-03-15,S044,SKU00046,10
2026-03-08,S044,SKU00046,13
2026-03-01,S044,SKU00046,10
2026-02-22,S044,SKU00046,11
2026-04-05,S051,SKU00012,4
2026-03-22,S051,SKU00012,5
2026-03-15,S051,SKU00012,2
2026-03-08,S051,SKU00012,7
2026-03-01,S051,SKU00012,2
2026-02-22,S051,SKU00012,2
2026-04-12,S017,SKU00002,13
2026-04-05,S017,SKU00002,15
2026-03-29,S017,SKU00002,8
2026-03-22,S017,SKU00002,14
2026-03-15,S017,SKU00002,16
2026-03-08,S017,SKU00002,16
2026-03-01,S017,SKU00002,11
2026-02-22,S017,SKU00002,17
2026-04-12,S009,SKU00012,21
2026-04-05,S009,SKU00012,14
2026-03-29,S009,SKU00012,18
2026-03-22,S009,SKU00012,16
2026-03-15,S009,SKU00012,23
2026-03-08,S009,SKU00012,18
2026-03-01,S009,SKU00012,23
2026-02-22,S009,SKU00012,19
2026-04-12,S015,SKU00024,11
2026-04-05,S015,SKU00024,12
2026-03-29,S015,SKU00024,12
2026-03-22,S015,SKU00024,15
2026-03-15,S015,SKU00024,9
2026-03-08,S015,SKU00024,14
2026-03-01,S015,SKU00024,8
2026-02-22,S015,SKU00024,9
2026-04-12,S055,SKU00032,5
2026-04-05,S055,SKU00032,6
2026-03-22,S055,SKU00032,3
2026-03-15,S055,SKU00032,6
2026-03-08,S055,SKU00032,7
2026-03-01,S055,SKU00032,1
2026-02-22,S055,SKU00032,4
2026-04-05,S037,SKU00016,4
2026-03-29,S037,SKU00016,3
2026-03-22,S037,SKU00016,1
2026-03-15,S037,SKU00016,5
2026-03-08,S037,SKU00016,3
2026-03-01,S037,SKU00016,4
2026-02-22,S037,SKU00016,5
2026-04-12,S046,SKU00047,1
2026-04-05,S046,SKU00047,6
2026-03-29,S046,SKU00047,4
2026-03-22,S046,SKU00047,4
2026-03-15,S046,SKU00047,1
2026-03-01,S046,SKU00047,8
2026-02-22,S046,SKU00047,2
2026-04-12,S035,SKU00055,1
2026-03-15,S035,SKU00055,1
2026-04-12,S026,SKU00015,8
2026-04-05,S026,SKU00015,10
2026-03-29,S026,SKU00015,6
2026-03-22,S026,SKU00015,2
2026-03-15,S026,SKU00015,7
2026-03-08,S026,SKU00015,5
2026-03-01,S026,SKU00015,4
2026-02-22,S026,SKU00015,1
2026-04-12,S002,SKU00072,2
2026-04-05,S002,SKU00072,3
2026-03-29,S002,SKU00072,3
2026-03-22,S002,SKU00072,3
2026-03-15,S002,SKU00072,3
2026-03-08,S002,SKU00072,3
2026-03-01,S002,SKU00072,3
2026-02-22,S002,SKU00072,3
2026-04-12,S012,SKU00011,19
2026-04-05,S012,SKU00011,21
2026-03-29,S012,SKU00011,19
2026-03-22,S012,SKU00011,20
2026-03-15,S012,SKU00011,26
2026-03-08,S012,SKU00011,20
2026-03-01,S012,SKU00011,21
2026-02-22,S012,SKU00011,20
2026-04-12,S015,SKU00029,12
2026-04-05,S015,SKU00029,13
2026-03-29,S015,SKU00029,11
2026-03-22,S015,SKU00029,10
2026-03-15,S015,SKU00029,11
2026-03-08,S015,SKU00029,16
2026-03-01,S015,SKU00029,15
2026-02-22,S015,SKU00029,10
2026-04-12,S013,SKU00062,2
2026-04-05,S013,SKU00062,1
2026-03-29,S013,SKU00062,1
2026-03-22,S013,SKU00062,1
2026-03-15,S013,SKU00062,1
2026-03-08,S013,SKU00062,2
2026-03-01,S013,SKU00062,2
2026-02-22,S013,SKU00062,1
2026-04-12,S009,SKU00069,2
2026-04-05,S009,SKU00069,2
2026-03-29,S009,SKU00069,3
2026-03-22,S009,SKU00069,1
2026-03-15,S009,SKU00069,3
2026-03-08,S009,SKU00069,3
2026-03-01,S009,SKU00069,2
2026-02-22,S009,SKU00069,3
2026-04-12,S015,SKU00051,4
2026-04-05,S015,SKU00051,4
2026-03-29,S015,SKU00051,5
2026-03-22,S015,SKU00051,4
2026-03-15,S015,SKU00051,5
2026-03-08,S015,SKU00051,3
2026-03-01,S015,SKU00051,5
2026-02-22,S015,SKU00051,5
2026-04-12,S013,SKU00042,25
2026-04-05,S013,SKU00042,15
2026-03-29,S013,SKU00042,22
2026-03-22,S013,SKU00042,22
2026-03-15,S013,SKU00042,20
2026-03-08,S013,SKU00042,18
2026-03-01,S013,SKU00042,20
2026-02-22,S013,SKU00042,19
2026-04-12,S025,SKU00019,5
2026-04-05,S025,SKU00019,5
2026-03-29,S025,SKU00019,5
2026-03-22,S025,SKU00019,7
2026-03-15,S025,SKU00019,6
2026-03-08,S025,SKU00019,5
2026-03-01,S025,SKU00019,5
2026-02-22,S025,SKU00019,6
2026-04-12,S015,SKU00001,6
2026-04-05,S015,SKU00001,7
2026-03-29,S015,SKU00001,7
2026-03-22,S015,SKU00001,5
2026-03-15,S015,SKU00001,5
2026-03-08,S015,SKU00001,5
2026-03-01,S015,SKU00001,6
2026-02-22,S015,SKU00001,6
2026-04-12,S022,SKU00024,7
2026-04-05,S022,SKU00024,7
2026-03-29,S022,SKU00024,7
2026-03-22,S022,SKU00024,8
2026-03-15,S022,SKU00024,10
2026-03-08,S022,SKU00024,16
2026-03-01,S022,SKU00024,15
2026-02-22,S022,SKU00024,5
2026-04-12,S015,SKU00046,17
2026-04-05,S015,SKU00046,14
2026-03-29,S015,SKU00046,15
2026-03-22,S015,SKU00046,14
2026-03-15,S015,SKU00046,17
2026-03-08,S015,SKU00046,16
2026-03-01,S015,SKU00046,14
2026-02-22,S015,SKU00046,11
2026-04-12,S016,SKU00059,3
2026-04-05,S016,SKU00059,1
2026-03-29,S016,SKU00059,4
2026-03-22,S016,SKU00059,3
2026-03-15,S016,SKU00059,3
2026-03-08,S016,SKU00059,3
2026-03-01,S016,SKU00059,3
2026-02-22,S016,SKU00059,2
2026-04-12,S044,SKU00005,14
2026-04-05,S044,SKU00005,13
2026-03-29,S044,SKU00005,13
2026-03-22,S044,SKU00005,9
2026-03-15,S044,SKU00005,11
2026-03-08,S044,SKU00005,8
2026-03-01,S044,SKU00005,6
2026-02-22,S044,SKU00005,12
2026-04-12,S009,SKU00009,13
2026-04-05,S009,SKU00009,14
2026-03-29,S009,SKU00009,13
2026-03-22,S009,SKU00009,12
2026-03-15,S009,SKU00009,10
2026-03-08,S009,SKU00009,12
2026-03-01,S009,SKU00009,15
2026-02-22,S009,SKU00009,10
2026-04-12,S013,SKU00027,26
2026-04-05,S013,SKU00027,20
2026-03-29,S013,SKU00027,27
2026-03-22,S013,SKU00027,28
2026-03-15,S013,SKU00027,22
2026-03-08,S013,SKU00027,23
2026-03-01,S013,SKU00027,25
2026-02-22,S013,SKU00027,25
2026-04-12,S047,SKU00018,8
2026-04-05,S047,SKU00018,9
2026-03-29,S047,SKU00018,10
2026-03-22,S047,SKU00018,2
2026-03-15,S047,SKU00018,11
2026-03-08,S047,SKU00018,14
2026-03-01,S047,SKU00018,9
2026-02-22,S047,SKU00018,10
2026-04-12,S017,SKU00064,1
2026-04-05,S017,SKU00064,1
2026-03-29,S017,SKU00064,1
2026-03-22,S017,SKU00064,1
2026-03-15,S017,SKU00064,2
2026-03-08,S017,SKU00064,1
2026-03-01,S017,SKU00064,1
2026-02-22,S017,SKU00064,2
2026-04-12,S020,SKU00056,3
2026-04-05,S020,SKU00056,3
2026-03-29,S020,SKU00056,3
2026-03-22,S020,SKU00056,3
2026-03-15,S020,SKU00056,3
2026-03-08,S020,SKU00056,3
2026-03-01,S020,SKU00056,3
2026-02-22,S020,SKU00056,4
2026-04-12,S022,SKU00051,1
2026-03-08,S022,SKU00051,1
2026-04-12,S059,SKU00002,4
2026-04-05,S059,SKU00002,4
2026-03-29,S059,SKU00002,2
2026-03-15,S059,SKU00002,4
2026-03-08,S059,SKU00002,1
2026-03-01,S059,SKU00002,3
2026-02-22,S059,SKU00002,2
2026-04-12,S057,SKU00032,4
2026-04-05,S057,SKU00032,5
2026-03-29,S057,SKU00032,4
2026-03-22,S057,SKU00032,8
2026-03-15,S057,SKU00032,1
2026-03-08,S057,SKU00032,8
2026-03-01,S057,SKU00032,8
2026-02-22,S057,SKU00032,3
2026-04-12,S014,SKU00067,2
2026-04-05,S014,SKU00067,3
2026-03-29,S014,SKU00067,3
2026-03-22,S014,SKU00067,3
2026-03-15,S014,SKU00067,1
2026-03-08,S014,SKU00067,1
2026-03-01,S014,SKU00067,3
2026-02-22,S014,SKU00067,3
2026-04-12,S022,SKU00001,4
2026-04-05,S022,SKU00001,6
2026-03-29,S022,SKU00001,7
2026-03-22,S022,SKU00001,6
2026-03-15,S022,SKU00001,8
2026-03-08,S022,SKU00001,7
2026-03-01,S022,SKU00001,5
2026-02-22,S022,SKU00001,5
2026-04-12,S045,SKU00012,13
2026-04-05,S045,SKU00012,4
2026-03-29,S045,SKU00012,8
2026-03-22,S045,SKU00012,11
2026-03-15,S045,SKU00012,9
2026-03-08,S045,SKU00012,4
2026-03-01,S045,SKU00012,8
2026-02-22,S045,SKU00012,10
2026-04-12,S022,SKU00046,9
2026-04-05,S022,SKU00046,15
2026-03-29,S022,SKU00046,6
2026-03-22,S022,SKU00046,16
2026-03-15,S022,SKU00046,7
2026-03-08,S022,SKU00046,9
2026-03-01,S022,SKU00046,9
2026-02-22,S022,SKU00046,12
2026-04-12,S003,SKU00070,3
2026-04-05,S003,SKU00070,4
2026-03-29,S003,SKU00070,3
2026-03-22,S003,SKU00070,3
2026-03-15,S003,SKU00070,4
2026-03-08,S003,SKU00070,4
2026-03-01,S003,SKU00070,4
2026-02-22,S003,SKU00070,3
2026-04-12,S040,SKU00032,4
2026-04-05,S040,SKU00032,7
2026-03-29,S040,SKU00032,3
2026-03-22,S040,SKU00032,6
2026-03-15,S040,SKU00032,6
2026-03-08,S040,SKU00032,5
2026-03-01,S040,SKU00032,5
2026-02-22,S040,SKU00032,5
2026-04-12,S044,SKU00031,15
2026-04-05,S044,SKU00031,13
2026-03-29,S044,SKU00031,13
2026-03-22,S044,SKU00031,11
2026-03-15,S044,SKU00031,9
2026-03-08,S044,SKU00031,9
2026-03-01,S044,SKU00031,7
2026-02-22,S044,SKU00031,9
2026-04-12,S060,SKU00001,1
2026-04-05,S060,SKU00001,3
2026-03-22,S060,SKU00001,1
2026-03-15,S060,SKU00001,3
2026-03-08,S060,SKU00001,3
2026-03-01,S060,SKU00001,2
2026-02-22,S060,SKU00001,2
2026-04-12,S017,SKU00037,11
2026-04-05,S017,SKU00037,17
2026-03-29,S017,SKU00037,10
2026-03-22,S017,SKU00037,12
2026-03-15,S017,SKU00037,12
2026-03-08,S017,SKU00037,11
2026-03-01,S017,SKU00037,11
2026-02-22,S017,SKU00037,18
2026-04-12,S008,SKU00035,2
2026-04-05,S008,SKU00035,3
2026-03-29,S008,SKU00035,3
2026-03-22,S008,SKU00035,3
2026-03-15,S008,SKU00035,3
2026-03-08,S008,SKU00035,3
2026-03-01,S008,SKU00035,3
2026-02-22,S008,SKU00035,3
2026-04-12,S064,SKU00034,3
2026-04-05,S064,SKU00034,1
2026-03-29,S064,SKU00034,2
2026-03-15,S064,SKU00034,1
2026-03-08,S064,SKU00034,3
2026-03-01,S064,SKU00034,2
2026-04-12,S008,SKU00030,12
2026-04-05,S008,SKU00030,12
2026-03-29,S008,SKU00030,17
2026-03-22,S008,SKU00030,18
2026-03-15,S008,SKU00030,15
2026-03-08,S008,SKU00030,11
2026-03-01,S008,SKU00030,19
2026-02-22,S008,SKU00030,18
2026-04-12,S015,SKU00005,6
2026-04-05,S015,SKU00005,7
2026-03-29,S015,SKU00005,7
2026-03-22,S015,SKU00005,5
2026-03-15,S015,SKU00005,9
2026-03-08,S015,SKU00005,7
2026-03-01,S015,SKU00005,5
2026-02-22,S015,SKU00005,7
2026-04-12,S011,SKU00016,22
2026-04-05,S011,SKU00016,19
2026-03-29,S011,SKU00016,19
2026-03-22,S011,SKU00016,22
2026-03-15,S011,SKU00016,23
2026-03-08,S011,SKU00016,18
2026-03-01,S011,SKU00016,15
2026-02-22,S011,SKU00016,16
2026-04-12,S010,SKU00013,19
2026-04-05,S010,SKU00013,23
2026-03-29,S010,SKU00013,24
2026-03-22,S010,SKU00013,14
2026-03-15,S010,SKU00013,17
2026-03-08,S010,SKU00013,23
2026-03-01,S010,SKU00013,15
2026-02-22,S010,SKU00013,18
2026-04-12,S052,SKU00016,2
2026-04-05,S052,SKU00016,3
2026-03-29,S052,SKU00016,2
2026-03-22,S052,SKU00016,3
2026-03-15,S052,SKU00016,2
2026-03-08,S052,SKU00016,3
2026-03-01,S052,SKU00016,1
2026-02-22,S052,SKU00016,1
2026-04-12,S017,SKU00026,13
2026-04-05,S017,SKU00026,13
2026-03-29,S017,SKU00026,14
2026-03-22,S017,SKU00026,9
2026-03-15,S017,SKU00026,14
2026-03-08,S017,SKU00026,11
2026-03-01,S017,SKU00026,9
2026-02-22,S017,SKU00026,11
2026-04-12,S056,SKU00060,2
2026-03-29,S056,SKU00060,1
2026-03-22,S056,SKU00060,1
2026-03-01,S056,SKU00060,2
2026-02-22,S056,SKU00060,1
2026-04-12,S019,SKU00012,12
2026-04-05,S019,SKU00012,14
2026-03-29,S019,SKU00012,10
2026-03-22,S019,SKU00012,15
2026-03-15,S019,SKU00012,11
2026-03-08,S019,SKU00012,8
2026-03-01,S019,SKU00012,10
2026-02-22,S019,SKU00012,13
2026-04-12,S003,SKU00004,18
2026-04-05,S003,SKU00004,23
2026-03-29,S003,SKU00004,24
2026-03-22,S003,SKU00004,17
2026-03-15,S003,SKU00004,24
2026-03-08,S003,SKU00004,22
2026-03-01,S003,SKU00004,22
2026-02-22,S003,SKU00004,22
2026-04-12,S015,SKU00028,3
2026-04-05,S015,SKU00028,3
2026-03-29,S015,SKU00028,3
2026-03-22,S015,SKU00028,2
2026-03-15,S015,SKU00028,2
2026-03-08,S015,SKU00028,1
2026-03-01,S015,SKU00028,3
2026-02-22,S015,SKU00028,3
2026-04-12,S018,SKU00072,3
2026-04-05,S018,SKU00072,3
2026-03-29,S018,SKU00072,3
2026-03-22,S018,SKU00072,4
2026-03-15,S018,SKU00072,3
2026-03-08,S018,SKU00072,4
2026-03-01,S018,SKU00072,4
2026-02-22,S018,SKU00072,4
2026-04-12,S004,SKU00030,20
2026-04-05,S004,SKU00030,14
2026-03-29,S004,SKU00030,17
2026-03-22,S004,SKU00030,17
2026-03-15,S004,SKU00030,19
2026-03-08,S004,SKU00030,14
2026-03-01,S004,SKU00030,19
2026-02-22,S004,SKU00030,11
2026-04-12,S016,SKU00047,5
2026-04-05,S016,SKU00047,4
2026-03-29,S016,SKU00047,7
2026-03-22,S016,SKU00047,4
2026-03-15,S016,SKU00047,5
2026-03-08,S016,SKU00047,5
2026-03-01,S016,SKU00047,5
2026-02-22,S016,SKU00047,5
2026-04-12,S019,SKU00069,2
2026-04-05,S019,SKU00069,3
2026-03-29,S019,SKU00069,3
2026-03-22,S019,SKU00069,3
2026-03-15,S019,SKU00069,2
2026-03-08,S019,SKU00069,3
2026-03-01,S019,SKU00069,4
2026-02-22,S019,SKU00069,3
2026-04-12,S037,SKU00025,16
2026-04-05,S037,SKU00025,9
2026-03-29,S037,SKU00025,13
2026-03-22,S037,SKU00025,11
2026-03-15,S037,SKU00025,12
2026-03-08,S037,SKU00025,18
2026-03-01,S037,SKU00025,15
2026-02-22,S037,SKU00025,12
2026-04-12,S025,SKU00008,13
2026-04-05,S025,SKU00008,12
2026-03-29,S025,SKU00008,7
2026-03-22,S025,SKU00008,10
2026-03-15,S025,SKU00008,8
2026-03-08,S025,SKU00008,11
2026-03-01,S025,SKU00008,14
2026-02-22,S025,SKU00008,7
2026-04-12,S025,SKU00063,2
2026-04-05,S025,SKU00063,2
2026-03-29,S025,SKU00063,2
2026-03-22,S025,SKU00063,1
2026-03-08,S025,SKU00063,3
2026-03-01,S025,SKU00063,1
2026-02-22,S025,SKU00063,1
2026-04-12,S047,SKU00017,1
2026-04-05,S047,SKU00017,5
2026-03-22,S047,SKU00017,7
2026-03-15,S047,SKU00017,3
2026-03-08,S047,SKU00017,2
2026-03-01,S047,SKU00017,2
2026-04-12,S061,SKU00066,1
2026-03-29,S061,SKU00066,1
2026-03-22,S061,SKU00066,1
2026-03-15,S061,SKU00066,1
2026-02-22,S061,SKU00066,1
2026-04-12,S015,SKU00034,16
2026-04-05,S015,SKU00034,26
2026-03-29,S015,SKU00034,22
2026-03-22,S015,SKU00034,20
2026-03-15,S015,SKU00034,18
2026-03-08,S015,SKU00034,24
2026-03-01,S015,SKU00034,20
2026-02-22,S015,SKU00034,14
2026-04-12,S047,SKU00039,8
2026-04-05,S047,SKU00039,2
2026-03-29,S047,SKU00039,3
2026-03-22,S047,SKU00039,10
2026-03-15,S047,SKU00039,13
2026-03-08,S047,SKU00039,1
2026-03-01,S047,SKU00039,4
2026-02-22,S047,SKU00039,6
2026-04-12,S015,SKU00031,6
2026-04-05,S015,SKU00031,11
2026-03-29,S015,SKU00031,13
2026-03-22,S015,SKU00031,9
2026-03-15,S015,SKU00031,14
2026-03-08,S015,SKU00031,10
2026-03-01,S015,SKU00031,10
2026-02-22,S015,SKU00031,18
2026-04-12,S005,SKU00012,9
2026-04-05,S005,SKU00012,12
2026-03-29,S005,SKU00012,13
2026-03-22,S005,SKU00012,15
2026-03-15,S005,SKU00012,10
2026-03-08,S005,SKU00012,15
2026-03-01,S005,SKU00012,15
2026-02-22,S005,SKU00012,15
2026-04-12,S012,SKU00029,15
2026-04-05,S012,SKU00029,13
2026-03-29,S012,SKU00029,18
2026-03-22,S012,SKU00029,14
2026-03-15,S012,SKU00029,13
2026-03-08,S012,SKU00029,14
2026-03-01,S012,SKU00029,15
2026-02-22,S012,SKU00029,15
2026-04-12,S024,SKU00048,5
2026-04-05,S024,SKU00048,16
2026-03-29,S024,SKU00048,10
2026-03-22,S024,SKU00048,11
2026-03-15,S024,SKU00048,12
2026-03-08,S024,SKU00048,11
2026-03-01,S024,SKU00048,14
2026-02-22,S024,SKU00048,12
2026-04-12,S002,SKU00033,8
2026-04-05,S002,SKU00033,8
2026-03-29,S002,SKU00033,9
2026-03-22,S002,SKU00033,7
2026-03-15,S002,SKU00033,7
2026-03-08,S002,SKU00033,9
2026-03-01,S002,SKU00033,7
2026-02-22,S002,SKU00033,6
2026-04-12,S014,SKU00011,7
2026-04-05,S014,SKU00011,10
2026-03-29,S014,SKU00011,6
2026-03-22,S014,SKU00011,10
2026-03-15,S014,SKU00011,11
2026-03-08,S014,SKU00011,10
2026-03-01,S014,SKU00011,11
2026-02-22,S014,SKU00011,9
2026-04-12,S024,SKU00004,3
2026-04-05,S024,SKU00004,2
2026-03-29,S024,SKU00004,2
2026-03-22,S024,SKU00004,2
2026-03-15,S024,SKU00004,2
2026-03-08,S024,SKU00004,1
2026-03-01,S024,SKU00004,1
2026-02-22,S024,SKU00004,4
2026-04-12,S012,SKU00051,2
2026-04-05,S012,SKU00051,2
2026-03-29,S012,SKU00051,2
2026-03-22,S012,SKU00051,1
2026-03-15,S012,SKU00051,1
2026-03-08,S012,SKU00051,1
2026-03-01,S012,SKU00051,1
2026-02-22,S012,SKU00051,1
2026-04-12,S031,SKU00066,2
2026-04-05,S031,SKU00066,2
2026-03-29,S031,SKU00066,2
2026-03-22,S031,SKU00066,2
2026-03-15,S031,SKU00066,2
2026-03-08,S031,SKU00066,4
2026-03-01,S031,SKU00066,3
2026-02-22,S031,SKU00066,2
2026-04-12,S041,SKU00033,8
2026-04-05,S041,SKU00033,8
2026-03-29,S041,SKU00033,6
2026-03-15,S041,SKU00033,2
2026-03-08,S041,SKU00033,6
2026-03-01,S041,SKU00033,1
2026-02-22,S041,SKU00033,5
2026-03-08,S051,SKU00058,1
2026-02-22,S051,SKU00058,1
2026-04-12,S019,SKU00009,9
2026-04-05,S019,SKU00009,9
2026-03-29,S019,SKU00009,9
2026-03-22,S019,SKU00009,7
2026-03-15,S019,SKU00009,8
2026-03-08,S019,SKU00009,8
2026-03-01,S019,SKU00009,8
2026-02-22,S019,SKU00009,5
2026-04-12,S005,SKU00069,5
2026-04-05,S005,SKU00069,5
2026-03-29,S005,SKU00069,4
2026-03-22,S005,SKU00069,6
2026-03-15,S005,SKU00069,5
2026-03-08,S005,SKU00069,4
2026-03-01,S005,SKU00069,3
2026-02-22,S005,SKU00069,5
2026-04-12,S020,SKU00065,4
2026-04-05,S020,SKU00065,4
2026-03-29,S020,SKU00065,4
2026-03-22,S020,SKU00065,3
2026-03-15,S020,SKU00065,2
2026-03-08,S020,SKU00065,3
2026-03-01,S020,SKU00065,3
2026-02-22,S020,SKU00065,3
2026-04-12,S012,SKU00001,14
2026-04-05,S012,SKU00001,14
2026-03-29,S012,SKU00001,13
2026-03-22,S012,SKU00001,15
2026-03-15,S012,SKU00001,12
2026-03-08,S012,SKU00001,14
2026-03-01,S012,SKU00001,17
2026-02-22,S012,SKU00001,16
2026-04-05,S048,SKU00011,12
2026-03-29,S048,SKU00011,14
2026-03-22,S048,SKU00011,2
2026-03-15,S048,SKU00011,8
2026-03-08,S048,SKU00011,8
2026-03-01,S048,SKU00011,1
2026-02-22,S048,SKU00011,4
2026-04-12,S009,SKU00058,2
2026-04-05,S009,SKU00058,3
2026-03-29,S009,SKU00058,3
2026-03-22,S009,SKU00058,3
2026-03-15,S009,SKU00058,3
2026-03-08,S009,SKU00058,3
2026-03-01,S009,SKU00058,2
2026-02-22,S009,SKU00058,2
2026-04-12,S012,SKU00046,5
2026-04-05,S012,SKU00046,4
2026-03-29,S012,SKU00046,7
2026-03-22,S012,SKU00046,5
2026-03-15,S012,SKU00046,6
2026-03-08,S012,SKU00046,6
2026-03-01,S012,SKU00046,4
2026-02-22,S012,SKU00046,5
2026-04-12,S003,SKU00015,24
2026-04-05,S003,SKU00015,13
2026-03-29,S003,SKU00015,18
2026-03-22,S003,SKU00015,15
2026-03-15,S003,SKU00015,13
2026-03-08,S003,SKU00015,18
2026-03-01,S003,SKU00015,20
2026-02-22,S003,SKU00015,19
2026-04-12,S043,SKU00068,2
2026-04-05,S043,SKU00068,1
2026-03-29,S043,SKU00068,2
2026-03-22,S043,SKU00068,2
2026-03-15,S043,SKU00068,2
2026-03-08,S043,SKU00068,1
2026-02-22,S043,SKU00068,1
2026-04-12,S059,SKU00037,4
2026-03-29,S059,SKU00037,2
2026-03-22,S059,SKU00037,5
2026-03-15,S059,SKU00037,3
2026-03-08,S059,SKU00037,4
2026-02-22,S059,SKU00037,6
2026-03-22,S054,SKU00011,6
2026-03-15,S054,SKU00011,7
2026-03-01,S054,SKU00011,7
2026-02-22,S054,SKU00011,7
2026-04-12,S008,SKU00020,19
2026-04-05,S008,SKU00020,18
2026-03-29,S008,SKU00020,26
2026-03-22,S008,SKU00020,27
2026-03-15,S008,SKU00020,21
2026-03-08,S008,SKU00020,29
2026-03-01,S008,SKU00020,22
2026-02-22,S008,SKU00020,23
2026-04-12,S045,SKU00033,2
2026-04-05,S045,SKU00033,1
2026-03-29,S045,SKU00033,1
2026-03-22,S045,SKU00033,1
2026-03-15,S045,SKU00033,1
2026-03-08,S045,SKU00033,2
2026-03-01,S045,SKU00033,2
2026-04-12,S059,SKU00026,2
2026-04-05,S059,SKU00026,4
2026-03-29,S059,SKU00026,5
2026-03-22,S059,SKU00026,2
2026-03-08,S059,SKU00026,5
2026-03-01,S059,SKU00026,2
2026-04-12,S039,SKU00037,11
2026-04-05,S039,SKU00037,10
2026-03-29,S039,SKU00037,13
2026-03-22,S039,SKU00037,15
2026-03-15,S039,SKU00037,11
2026-03-08,S039,SKU00037,15
2026-03-01,S039,SKU00037,8
2026-02-22,S039,SKU00037,14
2026-04-12,S017,SKU00074,1
2026-04-05,S017,SKU00074,1
2026-03-29,S017,SKU00074,1
2026-03-22,S017,SKU00074,1
2026-03-15,S017,SKU00074,1
2026-03-01,S017,SKU00074,1
2026-02-22,S017,SKU00074,1
2026-04-12,S042,SKU00038,5
2026-04-05,S042,SKU00038,6
2026-03-29,S042,SKU00038,6
2026-03-22,S042,SKU00038,9
2026-03-15,S042,SKU00038,5
2026-03-08,S042,SKU00038,4
2026-03-01,S042,SKU00038,7
2026-02-22,S042,SKU00038,6
2026-04-12,S021,SKU00067,1
2026-04-05,S021,SKU00067,1
2026-03-29,S021,SKU00067,1
2026-03-22,S021,SKU00067,1
2026-03-15,S021,SKU00067,2
2026-03-08,S021,SKU00067,1
2026-03-01,S021,SKU00067,2
2026-02-22,S021,SKU00067,3
2026-04-12,S039,SKU00026,16
2026-04-05,S039,SKU00026,21
2026-03-29,S039,SKU00026,15
2026-03-22,S039,SKU00026,12
2026-03-15,S039,SKU00026,11
2026-03-08,S039,SKU00026,10
2026-03-01,S039,SKU00026,14
2026-02-22,S039,SKU00026,19
2026-03-15,S034,SKU00056,1
2026-03-01,S034,SKU00056,1
2026-04-12,S009,SKU00071,1
2026-04-05,S009,SKU00071,1
2026-03-29,S009,SKU00071,1
2026-03-22,S009,SKU00071,1
2026-03-15,S009,SKU00071,1
2026-03-08,S009,SKU00071,1
2026-03-01,S009,SKU00071,1
2026-02-22,S009,SKU00071,1
2026-04-12,S031,SKU00021,7
2026-04-05,S031,SKU00021,8
2026-03-29,S031,SKU00021,8
2026-03-22,S031,SKU00021,10
2026-03-15,S031,SKU00021,10
2026-03-08,S031,SKU00021,11
2026-03-01,S031,SKU00021,9
2026-02-22,S031,SKU00021,9
2026-04-12,S042,SKU00007,8
2026-04-05,S042,SKU00007,10
2026-03-29,S042,SKU00007,13
2026-03-22,S042,SKU00007,2
2026-03-15,S042,SKU00007,10
2026-03-08,S042,SKU00007,8
2026-03-01,S042,SKU00007,15
2026-02-22,S042,SKU00007,8
2026-04-12,S001,SKU00041,2
2026-04-05,S001,SKU00041,2
2026-03-29,S001,SKU00041,2
2026-03-22,S001,SKU00041,3
2026-03-15,S001,SKU00041,2
2026-03-08,S001,SKU00041,2
2026-03-01,S001,SKU00041,3
2026-02-22,S001,SKU00041,3
2026-04-12,S022,SKU00003,7
2026-04-05,S022,SKU00003,9
2026-03-29,S022,SKU00003,11
2026-03-22,S022,SKU00003,17
2026-03-15,S022,SKU00003,11
2026-03-08,S022,SKU00003,7
2026-03-01,S022,SKU00003,3
2026-02-22,S022,SKU00003,3
2026-04-12,S011,SKU00038,6
2026-04-05,S011,SKU00038,5
2026-03-29,S011,SKU00038,5
2026-03-22,S011,SKU00038,5
2026-03-15,S011,SKU00038,6
2026-03-08,S011,SKU00038,5
2026-03-01,S011,SKU00038,5
2026-02-22,S011,SKU00038,5
2026-04-12,S020,SKU00044,6
2026-04-05,S020,SKU00044,6
2026-03-29,S020,SKU00044,5
2026-03-22,S020,SKU00044,7
2026-03-15,S020,SKU00044,4
2026-03-08,S020,SKU00044,5
2026-03-01,S020,SKU00044,5
2026-02-22,S020,SKU00044,6
2026-04-12,S027,SKU00011,2
2026-04-05,S027,SKU00011,3
2026-03-29,S027,SKU00011,2
2026-03-22,S027,SKU00011,4
2026-03-15,S027,SKU00011,2
2026-03-08,S027,SKU00011,4
2026-03-01,S027,SKU00011,3
2026-02-22,S027,SKU00011,5
2026-04-12,S006,SKU00012,13
2026-04-05,S006,SKU00012,15
2026-03-29,S006,SKU00012,11
2026-03-22,S006,SKU00012,15
2026-03-15,S006,SKU00012,17
2026-03-08,S006,SKU00012,12
2026-03-01,S006,SKU00012,12
2026-02-22,S006,SKU00012,18
2026-04-12,S012,SKU00005,13
2026-04-05,S012,SKU00005,20
2026-03-29,S012,SKU00005,17
2026-03-22,S012,SKU00005,19
2026-03-15,S012,SKU00005,15
2026-03-08,S012,SKU00005,18
2026-03-01,S012,SKU00005,16
2026-02-22,S012,SKU00005,19
2026-04-12,S005,SKU00057,4
2026-04-05,S005,SKU00057,3
2026-03-29,S005,SKU00057,2
2026-03-22,S005,SKU00057,3
2026-03-15,S005,SKU00057,1
2026-03-08,S005,SKU00057,3
2026-03-01,S005,SKU00057,2
2026-02-22,S005,SKU00057,3
2026-04-12,S046,SKU00043,3
2026-03-29,S046,SKU00043,5
2026-03-22,S046,SKU00043,4
2026-03-15,S046,SKU00043,4
2026-03-08,S046,SKU00043,5
2026-03-01,S046,SKU00043,6
2026-02-22,S046,SKU00043,3
2026-04-12,S007,SKU00067,1
2026-04-05,S007,SKU00067,1
2026-03-29,S007,SKU00067,1
2026-03-15,S007,SKU00067,1
2026-03-08,S007,SKU00067,1
2026-03-01,S007,SKU00067,1
2026-02-22,S007,SKU00067,1
2026-03-29,S055,SKU00056,2
2026-03-22,S055,SKU00056,1
2026-03-08,S055,SKU00056,1
2026-03-01,S055,SKU00056,1
2026-04-12,S017,SKU00057,3
2026-04-05,S017,SKU00057,4
2026-03-29,S017,SKU00057,3
2026-03-22,S017,SKU00057,4
2026-03-15,S017,SKU00057,4
2026-03-08,S017,SKU00057,4
2026-03-01,S017,SKU00057,4
2026-02-22,S017,SKU00057,1
2026-04-12,S033,SKU00038,1
2026-04-05,S033,SKU00038,8
2026-03-29,S033,SKU00038,13
2026-03-22,S033,SKU00038,9
2026-03-15,S033,SKU00038,12
2026-03-08,S033,SKU00038,8
2026-03-01,S033,SKU00038,11
2026-02-22,S033,SKU00038,9
2026-04-12,S033,SKU00025,5
2026-04-05,S033,SKU00025,3
2026-03-29,S033,SKU00025,4
2026-03-22,S033,SKU00025,5
2026-03-15,S033,SKU00025,4
2026-03-08,S033,SKU00025,5
2026-03-01,S033,SKU00025,4
2026-02-22,S033,SKU00025,6
2026-04-12,S044,SKU00004,8
2026-04-05,S044,SKU00004,8
2026-03-29,S044,SKU00004,2
2026-03-22,S044,SKU00004,10
2026-03-15,S044,SKU00004,7
2026-03-08,S044,SKU00004,5
2026-03-01,S044,SKU00004,5
2026-02-22,S044,SKU00004,7
2026-04-12,S046,SKU00016,9
2026-04-05,S046,SKU00016,6
2026-03-29,S046,SKU00016,3
2026-03-22,S046,SKU00016,4
2026-03-15,S046,SKU00016,6
2026-03-08,S046,SKU00016,2
2026-03-01,S046,SKU00016,4
2026-02-22,S046,SKU00016,6
2026-04-12,S009,SKU00047,14
2026-04-05,S009,SKU00047,12
2026-03-29,S009,SKU00047,11
2026-03-22,S009,SKU00047,12
2026-03-15,S009,SKU00047,12
2026-03-08,S009,SKU00047,16
2026-03-01,S009,SKU00047,11
2026-02-22,S009,SKU00047,14
2026-04-12,S065,SKU00050,3
2026-04-05,S065,SKU00050,3
2026-03-22,S065,SKU00050,4
2026-03-15,S065,SKU00050,5
2026-03-08,S065,SKU00050,6
2026-03-01,S065,SKU00050,3
2026-04-12,S023,SKU00011,9
2026-04-05,S023,SKU00011,9
2026-03-29,S023,SKU00011,9
2026-03-22,S023,SKU00011,12
2026-03-15,S023,SKU00011,5
2026-03-08,S023,SKU00011,9
2026-03-01,S023,SKU00011,2
2026-02-22,S023,SKU00011,10
2026-04-12,S047,SKU00061,1
2026-04-05,S047,SKU00061,1
2026-03-29,S047,SKU00061,1
2026-04-12,S051,SKU00014,3
2026-04-05,S051,SKU00014,3
2026-03-29,S051,SKU00014,1
2026-03-22,S051,SKU00014,5
2026-03-15,S051,SKU00014,11
2026-03-08,S051,SKU00014,2
2026-03-01,S051,SKU00014,2
2026-02-22,S051,SKU00014,5
2026-04-12,S014,SKU00024,10
2026-04-05,S014,SKU00024,12
2026-03-29,S014,SKU00024,10
2026-03-22,S014,SKU00024,10
2026-03-15,S014,SKU00024,8
2026-03-08,S014,SKU00024,9
2026-03-01,S014,SKU00024,9
2026-02-22,S014,SKU00024,10
2026-04-12,S021,SKU00011,2
2026-04-05,S021,SKU00011,1
2026-03-29,S021,SKU00011,1
2026-03-22,S021,SKU00011,1
2026-03-15,S021,SKU00011,2
2026-03-08,S021,SKU00011,2
2026-03-01,S021,SKU00011,2
2026-02-22,S021,SKU00011,2
2026-04-12,S009,SKU00014,19
2026-04-05,S009,SKU00014,16
2026-03-29,S009,SKU00014,14
2026-03-22,S009,SKU00014,11
2026-03-15,S009,SKU00014,21
2026-03-08,S009,SKU00014,17
2026-03-01,S009,SKU00014,17
2026-02-22,S009,SKU00014,14
2026-04-12,S019,SKU00058,3
2026-04-05,S019,SKU00058,2
2026-03-29,S019,SKU00058,4
2026-03-22,S019,SKU00058,4
2026-03-15,S019,SKU00058,3
2026-03-08,S019,SKU00058,3
2026-03-01,S019,SKU00058,3
2026-02-22,S019,SKU00058,3
2026-04-12,S008,SKU00064,2
2026-04-05,S008,SKU00064,2
2026-03-29,S008,SKU00064,1
2026-03-22,S008,SKU00064,2
2026-03-15,S008,SKU00064,2
2026-03-08,S008,SKU00064,2
2026-03-01,S008,SKU00064,2
2026-02-22,S008,SKU00064,2
2026-03-08,S053,SKU00029,1
2026-03-01,S053,SKU00029,1
2026-04-12,S003,SKU00022,5
2026-04-05,S003,SKU00022,4
2026-03-29,S003,SKU00022,6
2026-03-22,S003,SKU00022,4
2026-03-15,S003,SKU00022,5
2026-03-08,S003,SKU00022,4
2026-03-01,S003,SKU00022,2
2026-02-22,S003,SKU00022,4
2026-04-12,S028,SKU00017,8
2026-04-05,S028,SKU00017,7
2026-03-29,S028,SKU00017,7
2026-03-22,S028,SKU00017,5
2026-03-15,S028,SKU00017,6
2026-03-08,S028,SKU00017,8
2026-03-01,S028,SKU00017,13
2026-02-22,S028,SKU00017,5
2026-03-15,S059,SKU00074,1
2026-04-12,S028,SKU00039,12
2026-04-05,S028,SKU00039,6
2026-03-29,S028,SKU00039,12
2026-03-22,S028,SKU00039,8
2026-03-15,S028,SKU00039,14
2026-03-08,S028,SKU00039,9
2026-03-01,S028,SKU00039,11
2026-02-22,S028,SKU00039,12
2026-04-12,S038,SKU00067,1
2026-04-05,S038,SKU00067,1
2026-03-29,S038,SKU00067,1
2026-03-22,S038,SKU00067,1
2026-03-15,S038,SKU00067,1
2026-03-08,S038,SKU00067,2
2026-03-01,S038,SKU00067,1
2026-02-22,S038,SKU00067,1
2026-04-12,S014,SKU00029,8
2026-04-05,S014,SKU00029,12
2026-03-29,S014,SKU00029,12
2026-03-22,S014,SKU00029,13
2026-03-15,S014,SKU00029,15
2026-03-08,S014,SKU00029,12
2026-03-01,S014,SKU00029,12
2026-02-22,S014,SKU00029,12
2026-04-12,S036,SKU00017,18
2026-04-05,S036,SKU00017,11
2026-03-29,S036,SKU00017,6
2026-03-22,S036,SKU00017,17
2026-03-15,S036,SKU00017,12
2026-03-08,S036,SKU00017,18
2026-03-01,S036,SKU00017,14
2026-02-22,S036,SKU00017,15
2026-04-12,S033,SKU00073,1
2026-04-05,S033,SKU00073,1
2026-03-29,S033,SKU00073,1
2026-03-01,S033,SKU00073,1
2026-02-22,S033,SKU00073,1
2026-04-12,S045,SKU00071,2
2026-04-05,S045,SKU00071,2
2026-03-29,S045,SKU00071,2
2026-03-22,S045,SKU00071,3
2026-03-15,S045,SKU00071,3
2026-03-08,S045,SKU00071,2
2026-03-01,S045,SKU00071,2
2026-02-22,S045,SKU00071,1
2026-04-12,S001,SKU00006,15
2026-04-05,S001,SKU00006,12
2026-03-29,S001,SKU00006,10
2026-03-22,S001,SKU00006,11
2026-03-15,S001,SKU00006,5
2026-03-08,S001,SKU00006,8
2026-03-01,S001,SKU00006,8
2026-02-22,S001,SKU00006,8
2026-04-05,S004,SKU00064,1
2026-03-29,S004,SKU00064,1
2026-03-22,S004,SKU00064,1
2026-03-01,S004,SKU00064,1
2026-04-12,S059,SKU00009,8
2026-04-05,S059,SKU00009,4
2026-03-29,S059,SKU00009,4
2026-03-22,S059,SKU00009,6
2026-03-15,S059,SKU00009,6
2026-03-08,S059,SKU00009,3
2026-03-01,S059,SKU00009,7
2026-02-22,S059,SKU00009,4
2026-04-12,S015,SKU00004,19
2026-04-05,S015,SKU00004,24
2026-03-29,S015,SKU00004,22
2026-03-22,S015,SKU00004,23
2026-03-15,S015,SKU00004,26
2026-03-08,S015,SKU00004,24
2026-03-01,S015,SKU00004,22
2026-02-22,S015,SKU00004,22
2026-04-12,S007,SKU00011,13
2026-04-05,S007,SKU00011,12
2026-03-29,S007,SKU00011,9
2026-03-22,S007,SKU00011,7
2026-03-15,S007,SKU00011,9
2026-03-08,S007,SKU00011,7
2026-03-01,S007,SKU00011,12
2026-02-22,S007,SKU00011,12
2026-04-12,S012,SKU00003,14
2026-04-05,S012,SKU00003,18
2026-03-29,S012,SKU00003,24
2026-03-22,S012,SKU00003,28
2026-03-15,S012,SKU00003,25
2026-03-08,S012,SKU00003,23
2026-03-01,S012,SKU00003,23
2026-02-22,S012,SKU00003,24
2026-04-12,S014,SKU00001,4
2026-04-05,S014,SKU00001,4
2026-03-29,S014,SKU00001,3
2026-03-22,S014,SKU00001,4
2026-03-15,S014,SKU00001,3
2026-03-08,S014,SKU00001,5
2026-03-01,S014,SKU00001,4
2026-02-22,S014,SKU00001,4
2026-04-12,S018,SKU00013,10
2026-04-05,S018,SKU00013,13
2026-03-29,S018,SKU00013,14
2026-03-22,S018,SKU00013,11
2026-03-15,S018,SKU00013,12
2026-03-08,S018,SKU00013,12
2026-03-01,S018,SKU00013,13
2026-02-22,S018,SKU00013,7
2026-04-12,S005,SKU00058,2
2026-04-05,S005,SKU00058,2
2026-03-29,S005,SKU00058,2
2026-03-22,S005,SKU00058,1
2026-03-15,S005,SKU00058,1
2026-03-08,S005,SKU00058,1
2026-03-01,S005,SKU00058,2
2026-02-22,S005,SKU00058,1
2026-04-12,S014,SKU00046,11
2026-04-05,S014,SKU00046,10
2026-03-29,S014,SKU00046,14
2026-03-22,S014,SKU00046,11
2026-03-15,S014,SKU00046,16
2026-03-08,S014,SKU00046,13
2026-03-01,S014,SKU00046,14
2026-02-22,S014,SKU00046,11
2026-04-12,S029,SKU00038,3
2026-04-05,S029,SKU00038,2
2026-03-29,S029,SKU00038,2
2026-03-22,S029,SKU00038,4
2026-03-15,S029,SKU00038,7
2026-03-08,S029,SKU00038,1
2026-03-01,S029,SKU00038,2
2026-02-22,S029,SKU00038,2
2026-04-12,S039,SKU00009,10
2026-04-05,S039,SKU00009,7
2026-03-29,S039,SKU00009,9
2026-03-22,S039,SKU00009,6
2026-03-15,S039,SKU00009,5
2026-03-08,S039,SKU00009,8
2026-03-01,S039,SKU00009,11
2026-02-22,S039,SKU00009,10
2026-04-12,S006,SKU00033,13
2026-04-05,S006,SKU00033,10
2026-03-29,S006,SKU00033,16
2026-03-22,S006,SKU00033,8
2026-03-15,S006,SKU00033,14
2026-03-08,S006,SKU00033,10
2026-03-01,S006,SKU00033,12
2026-02-22,S006,SKU00033,14
2026-04-05,S059,SKU00057,1
2026-03-29,S059,SKU00057,1
2026-03-22,S059,SKU00057,1
2026-03-15,S059,SKU00057,1
2026-02-22,S059,SKU00057,1
2026-04-12,S063,SKU00040,1
2026-04-05,S063,SKU00040,2
2026-03-22,S063,SKU00040,2
2026-03-15,S063,SKU00040,2
2026-03-08,S063,SKU00040,1
2026-03-01,S063,SKU00040,2
2026-02-22,S063,SKU00040,1
2026-04-12,S054,SKU00051,1
2026-03-01,S054,SKU00051,1
2026-04-12,S065,SKU00065,1
2026-04-05,S065,SKU00065,1
2026-03-29,S065,SKU00065,1
2026-03-08,S065,SKU00065,1
2026-03-01,S065,SKU00065,1
2026-02-22,S065,SKU00065,1
2026-04-12,S030,SKU00018,3
2026-04-05,S030,SKU00018,3
2026-03-29,S030,SKU00018,4
2026-03-22,S030,SKU00018,4
2026-03-15,S030,SKU00018,3
2026-03-08,S030,SKU00018,4
2026-03-01,S030,SKU00018,2
2026-02-22,S030,SKU00018,2
2026-04-12,S048,SKU00046,6
2026-04-05,S048,SKU00046,7
2026-03-29,S048,SKU00046,8
2026-03-22,S048,SKU00046,4
2026-03-08,S048,SKU00046,4
2026-03-01,S048,SKU00046,16
2026-02-22,S048,SKU00046,10
2026-04-12,S013,SKU00030,28
2026-04-05,S013,SKU00030,25
2026-03-29,S013,SKU00030,26
2026-03-22,S013,SKU00030,18
2026-03-15,S013,SKU00030,34
2026-03-08,S013,SKU00030,21
2026-03-01,S013,SKU00030,28
2026-02-22,S013,SKU00030,28
2026-04-12,S009,SKU00049,6
2026-04-05,S009,SKU00049,5
2026-03-29,S009,SKU00049,7
2026-03-22,S009,SKU00049,7
2026-03-15,S009,SKU00049,6
2026-03-08,S009,SKU00049,6
2026-03-01,S009,SKU00049,6
2026-02-22,S009,SKU00049,5
2026-04-12,S017,SKU00059,2
2026-04-05,S017,SKU00059,1
2026-03-29,S017,SKU00059,2
2026-03-22,S017,SKU00059,1
2026-03-15,S017,SKU00059,2
2026-03-08,S017,SKU00059,1
2026-03-01,S017,SKU00059,1
2026-02-22,S017,SKU00059,1
2026-04-12,S035,SKU00023,6
2026-04-05,S035,SKU00023,5
2026-03-29,S035,SKU00023,9
2026-03-22,S035,SKU00023,6
2026-03-15,S035,SKU00023,5
2026-03-08,S035,SKU00023,7
2026-03-01,S035,SKU00023,4
2026-02-22,S035,SKU00023,8
2026-04-12,S022,SKU00048,3
2026-04-05,S022,SKU00048,2
2026-03-29,S022,SKU00048,3
2026-03-22,S022,SKU00048,4
2026-03-15,S022,SKU00048,3
2026-03-08,S022,SKU00048,1
2026-03-01,S022,SKU00048,6
2026-02-22,S022,SKU00048,4
2026-04-12,S041,SKU00014,6
2026-04-05,S041,SKU00014,4
2026-03-29,S041,SKU00014,5
2026-03-22,S041,SKU00014,3
2026-03-15,S041,SKU00014,4
2026-03-08,S041,SKU00014,4
2026-03-01,S041,SKU00014,6
2026-02-22,S041,SKU00014,5
2026-04-12,S027,SKU00024,3
2026-04-05,S027,SKU00024,1
2026-03-29,S027,SKU00024,1
2026-03-22,S027,SKU00024,1
2026-03-15,S027,SKU00024,2
2026-03-01,S027,SKU00024,2
2026-02-22,S027,SKU00024,1
2026-04-12,S039,SKU00057,2
2026-04-05,S039,SKU00057,2
2026-03-29,S039,SKU00057,3
2026-03-22,S039,SKU00057,3
2026-03-15,S039,SKU00057,3
2026-03-08,S039,SKU00057,2
2026-03-01,S039,SKU00057,2
2026-02-22,S039,SKU00057,3
2026-04-12,S016,SKU00043,4
2026-04-05,S016,SKU00043,5
2026-03-29,S016,SKU00043,4
2026-03-22,S016,SKU00043,3
2026-03-15,S016,SKU00043,4
2026-03-08,S016,SKU00043,4
2026-03-01,S016,SKU00043,3
2026-02-22,S016,SKU00043,6
2026-04-12,S021,SKU00040,2
2026-04-05,S021,SKU00040,3
2026-03-29,S021,SKU00040,2
2026-03-22,S021,SKU00040,4
2026-03-15,S021,SKU00040,4
2026-03-08,S021,SKU00040,3
2026-03-01,S021,SKU00040,4
2026-02-22,S021,SKU00040,3
2026-04-12,S028,SKU00006,5
2026-04-05,S028,SKU00006,4
2026-03-29,S028,SKU00006,3
2026-03-15,S028,SKU00006,6
2026-03-08,S028,SKU00006,3
2026-03-01,S028,SKU00006,5
2026-02-22,S028,SKU00006,2
2026-04-12,S027,SKU00029,12
2026-04-05,S027,SKU00029,5
2026-03-29,S027,SKU00029,5
2026-03-22,S027,SKU00029,8
2026-03-15,S027,SKU00029,8
2026-03-08,S027,SKU00029,7
2026-03-01,S027,SKU00029,7
2026-02-22,S027,SKU00029,8
2026-04-12,S038,SKU00011,24
2026-04-05,S038,SKU00011,18
2026-03-29,S038,SKU00011,10
2026-03-22,S038,SKU00011,18
2026-03-15,S038,SKU00011,15
2026-03-08,S038,SKU00011,17
2026-03-01,S038,SKU00011,24
2026-02-22,S038,SKU00011,19
2026-04-12,S019,SKU00047,9
2026-04-05,S019,SKU00047,12
2026-03-29,S019,SKU00047,10
2026-03-22,S019,SKU00047,15
2026-03-15,S019,SKU00047,12
2026-03-08,S019,SKU00047,16
2026-03-01,S019,SKU00047,7
2026-02-22,S019,SKU00047,10
2026-04-12,S014,SKU00005,14
2026-04-05,S014,SKU00005,26
2026-03-29,S014,SKU00005,32
2026-03-22,S014,SKU00005,27
2026-03-15,S014,SKU00005,26
2026-03-08,S014,SKU00005,34
2026-03-01,S014,SKU00005,27
2026-02-22,S014,SKU00005,24
2026-04-12,S043,SKU00066,1
2026-04-05,S043,SKU00066,2
2026-03-29,S043,SKU00066,1
2026-03-22,S043,SKU00066,1
2026-03-08,S043,SKU00066,1
2026-04-12,S016,SKU00016,8
2026-04-05,S016,SKU00016,7
2026-03-29,S016,SKU00016,5
2026-03-22,S016,SKU00016,9
2026-03-15,S016,SKU00016,3
2026-03-08,S016,SKU00016,8
2026-03-01,S016,SKU00016,7
2026-02-22,S016,SKU00016,8
2026-04-12,S002,SKU00060,1
2026-04-05,S002,SKU00060,1
2026-03-29,S002,SKU00060,1
2026-03-22,S002,SKU00060,1
2026-03-15,S002,SKU00060,1
2026-03-08,S002,SKU00060,1
2026-03-01,S002,SKU00060,1
2026-02-22,S002,SKU00060,1
2026-04-12,S026,SKU00033,14
2026-04-05,S026,SKU00033,14
2026-03-29,S026,SKU00033,17
2026-03-22,S026,SKU00033,11
2026-03-15,S026,SKU00033,9
2026-03-08,S026,SKU00033,8
2026-03-01,S026,SKU00033,13
2026-02-22,S026,SKU00033,12
2026-04-12,S023,SKU00024,3
2026-04-05,S023,SKU00024,4
2026-03-29,S023,SKU00024,3
2026-03-15,S023,SKU00024,2
2026-03-08,S023,SKU00024,3
2026-03-01,S023,SKU00024,1
2026-02-22,S023,SKU00024,1
2026-03-22,S040,SKU00055,1
2026-03-15,S040,SKU00055,1
2026-02-22,S040,SKU00055,1
2026-04-12,S027,SKU00001,5
2026-04-05,S027,SKU00001,7
2026-03-29,S027,SKU00001,7
2026-03-22,S027,SKU00001,2
2026-03-15,S027,SKU00001,6
2026-03-08,S027,SKU00001,3
2026-03-01,S027,SKU00001,6
2026-02-22,S027,SKU00001,7
2026-04-12,S037,SKU00018,6
2026-04-05,S037,SKU00018,7
2026-03-29,S037,SKU00018,2
2026-03-22,S037,SKU00018,5
2026-03-15,S037,SKU00018,6
2026-03-08,S037,SKU00018,5
2026-03-01,S037,SKU00018,4
2026-02-22,S037,SKU00018,6
2026-04-12,S065,SKU00044,5
2026-03-29,S065,SKU00044,3
2026-03-22,S065,SKU00044,4
2026-03-15,S065,SKU00044,2
2026-03-08,S065,SKU00044,3
2026-03-01,S065,SKU00044,3
2026-02-22,S065,SKU00044,1
2026-04-12,S048,SKU00005,2
2026-04-05,S048,SKU00005,4
2026-03-29,S048,SKU00005,6
2026-03-22,S048,SKU00005,6
2026-03-15,S048,SKU00005,4
2026-03-08,S048,SKU00005,6
2026-03-01,S048,SKU00005,8
2026-02-22,S048,SKU00005,7
2026-03-15,S062,SKU00057,1
2026-02-22,S062,SKU00057,1
2026-04-12,S036,SKU00032,8
2026-04-05,S036,SKU00032,12
2026-03-29,S036,SKU00032,22
2026-03-22,S036,SKU00032,14
2026-03-15,S036,SKU00032,17
2026-03-08,S036,SKU00032,17
2026-03-01,S036,SKU00032,20
2026-02-22,S036,SKU00032,16
2026-04-12,S054,SKU00005,6
2026-04-05,S054,SKU00005,6
2026-03-29,S054,SKU00005,6
2026-03-22,S054,SKU00005,7
2026-03-15,S054,SKU00005,4
2026-03-08,S054,SKU00005,11
2026-03-01,S054,SKU00005,6
2026-02-22,S054,SKU00005,12
2026-04-12,S006,SKU00058,2
2026-04-05,S006,SKU00058,1
2026-03-29,S006,SKU00058,2
2026-03-22,S006,SKU00058,2
2026-03-15,S006,SKU00058,2
2026-03-08,S006,SKU00058,3
2026-03-01,S006,SKU00058,3
2026-02-22,S006,SKU00058,2
2026-04-12,S005,SKU00047,19
2026-04-05,S005,SKU00047,14
2026-03-29,S005,SKU00047,15
2026-03-22,S005,SKU00047,19
2026-03-15,S005,SKU00047,13
2026-03-08,S005,SKU00047,17
2026-03-01,S005,SKU00047,26
2026-02-22,S005,SKU00047,24
2026-04-12,S031,SKU00052,1
2026-04-05,S031,SKU00052,1
2026-03-29,S031,SKU00052,1
2026-03-22,S031,SKU00052,1
2026-02-22,S031,SKU00052,1
2026-04-12,S053,SKU00031,6
2026-04-05,S053,SKU00031,6
2026-03-29,S053,SKU00031,7
2026-03-22,S053,SKU00031,2
2026-03-15,S053,SKU00031,9
2026-03-08,S053,SKU00031,4
2026-03-01,S053,SKU00031,10
2026-04-12,S030,SKU00017,3
2026-04-05,S030,SKU00017,3
2026-03-29,S030,SKU00017,4
2026-03-22,S030,SKU00017,5
2026-03-15,S030,SKU00017,3
2026-03-08,S030,SKU00017,1
2026-03-01,S030,SKU00017,4
2026-02-22,S030,SKU00017,5
2026-04-12,S063,SKU00001,2
2026-03-29,S063,SKU00001,3
2026-03-22,S063,SKU00001,1
2026-03-15,S063,SKU00001,5
2026-03-08,S063,SKU00001,2
2026-03-01,S063,SKU00001,2
2026-02-22,S063,SKU00001,1
2026-04-12,S008,SKU00072,2
2026-04-05,S008,SKU00072,2
2026-03-29,S008,SKU00072,1
2026-03-22,S008,SKU00072,1
2026-03-15,S008,SKU00072,2
2026-03-08,S008,SKU00072,1
2026-03-01,S008,SKU00072,2
2026-02-22,S008,SKU00072,2
2026-04-12,S014,SKU00034,23
2026-04-05,S014,SKU00034,21
2026-03-29,S014,SKU00034,25
2026-03-22,S014,SKU00034,21
2026-03-15,S014,SKU00034,27
2026-03-08,S014,SKU00034,25
2026-03-01,S014,SKU00034,25
2026-02-22,S014,SKU00034,21
2026-03-29,S036,SKU00061,1
2026-04-12,S014,SKU00031,17
2026-04-05,S014,SKU00031,13
2026-03-29,S014,SKU00031,21
2026-03-22,S014,SKU00031,23
2026-03-15,S014,SKU00031,20
2026-03-08,S014,SKU00031,20
2026-03-01,S014,SKU00031,23
2026-02-22,S014,SKU00031,26
2026-04-12,S023,SKU00001,6
2026-04-05,S023,SKU00001,6
2026-03-29,S023,SKU00001,3
2026-03-22,S023,SKU00001,6
2026-03-15,S023,SKU00001,5
2026-03-08,S023,SKU00001,4
2026-03-01,S023,SKU00001,4
2026-02-22,S023,SKU00001,2
2026-04-12,S056,SKU00036,12
2026-04-05,S056,SKU00036,4
2026-03-29,S056,SKU00036,12
2026-03-22,S056,SKU00036,6
2026-03-15,S056,SKU00036,5
2026-03-08,S056,SKU00036,11
2026-03-01,S056,SKU00036,10
2026-02-22,S056,SKU00036,2
2026-04-12,S005,SKU00014,12
2026-04-05,S005,SKU00014,15
2026-03-29,S005,SKU00014,16
2026-03-22,S005,SKU00014,11
2026-03-15,S005,SKU00014,12
2026-03-08,S005,SKU00014,18
2026-03-01,S005,SKU00014,19
2026-02-22,S005,SKU00014,11
2026-04-12,S007,SKU00024,15
2026-04-05,S007,SKU00024,23
2026-03-29,S007,SKU00024,15
2026-03-22,S007,SKU00024,17
2026-03-15,S007,SKU00024,11
2026-03-08,S007,SKU00024,14
2026-03-01,S007,SKU00024,18
2026-02-22,S007,SKU00024,18
2026-04-12,S013,SKU00020,21
2026-04-05,S013,SKU00020,15
2026-03-29,S013,SKU00020,14
2026-03-22,S013,SKU00020,21
2026-03-15,S013,SKU00020,17
2026-03-08,S013,SKU00020,12
2026-03-01,S013,SKU00020,20
2026-02-22,S013,SKU00020,19
2026-04-12,S013,SKU00053,4
2026-04-05,S013,SKU00053,5
2026-03-29,S013,SKU00053,5
2026-03-22,S013,SKU00053,4
2026-03-15,S013,SKU00053,5
2026-03-08,S013,SKU00053,5
2026-03-01,S013,SKU00053,5
2026-02-22,S013,SKU00053,5
2026-04-12,S044,SKU00022,1
2026-04-05,S044,SKU00022,2
2026-03-29,S044,SKU00022,3
2026-03-22,S044,SKU00022,3
2026-03-15,S044,SKU00022,3
2026-03-08,S044,SKU00022,2
2026-03-01,S044,SKU00022,3
2026-02-22,S044,SKU00022,1
2026-04-12,S012,SKU00048,3
2026-04-05,S012,SKU00048,4
2026-03-29,S012,SKU00048,3
2026-03-22,S012,SKU00048,3
2026-03-15,S012,SKU00048,4
2026-03-08,S012,SKU00048,3
2026-03-01,S012,SKU00048,2
2026-02-22,S012,SKU00048,1
2026-04-12,S043,SKU00021,5
2026-04-05,S043,SKU00021,4
2026-03-29,S043,SKU00021,4
2026-03-22,S043,SKU00021,4
2026-03-15,S043,SKU00021,4
2026-03-08,S043,SKU00021,4
2026-03-01,S043,SKU00021,3
2026-02-22,S043,SKU00021,7
2026-04-12,S044,SKU00002,15
2026-04-05,S044,SKU00002,14
2026-03-29,S044,SKU00002,14
2026-03-22,S044,SKU00002,12
2026-03-15,S044,SKU00002,14
2026-03-08,S044,SKU00002,8
2026-03-01,S044,SKU00002,8
2026-02-22,S044,SKU00002,17
2026-04-12,S032,SKU00060,2
2026-03-29,S032,SKU00060,2
2026-03-22,S032,SKU00060,3
2026-03-15,S032,SKU00060,2
2026-03-08,S032,SKU00060,1
2026-03-01,S032,SKU00060,2
2026-02-22,S032,SKU00060,2
2026-04-12,S064,SKU00022,3
2026-04-05,S064,SKU00022,3
2026-03-29,S064,SKU00022,1
2026-03-22,S064,SKU00022,2
2026-03-08,S064,SKU00022,2
2026-03-01,S064,SKU00022,3
2026-02-22,S064,SKU00022,4
2026-04-12,S048,SKU00031,5
2026-04-05,S048,SKU00031,3
2026-03-29,S048,SKU00031,5
2026-03-22,S048,SKU00031,3
2026-03-15,S048,SKU00031,5
2026-03-08,S048,SKU00031,3
2026-03-01,S048,SKU00031,4
2026-02-22,S048,SKU00031,3
2026-04-12,S012,SKU00004,6
2026-04-05,S012,SKU00004,8
2026-03-29,S012,SKU00004,5
2026-03-22,S012,SKU00004,7
2026-03-15,S012,SKU00004,6
2026-03-08,S012,SKU00004,8
2026-03-01,S012,SKU00004,7
2026-02-22,S012,SKU00004,8
2026-04-12,S004,SKU00072,1
2026-04-05,S004,SKU00072,1
2026-03-22,S004,SKU00072,1
2026-03-15,S004,SKU00072,1
2026-03-08,S004,SKU00072,1
2026-03-01,S004,SKU00072,1
2026-02-22,S004,SKU00072,1
2026-04-12,S056,SKU00045,4
2026-04-05,S056,SKU00045,6
2026-03-29,S056,SKU00045,5
2026-03-01,S056,SKU00045,7
2026-02-22,S056,SKU00045,3
2026-04-12,S038,SKU00040,14
2026-04-05,S038,SKU00040,12
2026-03-29,S038,SKU00040,15
2026-03-22,S038,SKU00040,13
2026-03-15,S038,SKU00040,14
2026-03-08,S038,SKU00040,13
2026-03-01,S038,SKU00040,8
2026-02-22,S038,SKU00040,16
2026-04-12,S024,SKU00026,3
2026-04-05,S024,SKU00026,3
2026-03-29,S024,SKU00026,3
2026-03-22,S024,SKU00026,3
2026-03-15,S024,SKU00026,4
2026-03-08,S024,SKU00026,3
2026-03-01,S024,SKU00026,4
2026-02-22,S024,SKU00026,3
2026-04-12,S003,SKU00012,17
2026-04-05,S003,SKU00012,27
2026-03-29,S003,SKU00012,21
2026-03-22,S003,SKU00012,22
2026-03-15,S003,SKU00012,22
2026-03-08,S003,SKU00012,25
2026-03-01,S003,SKU00012,28
2026-02-22,S003,SKU00012,25
2026-04-12,S021,SKU00062,2
2026-04-05,S021,SKU00062,2
2026-03-29,S021,SKU00062,1
2026-03-15,S021,SKU00062,1
2026-03-08,S021,SKU00062,1
2026-03-01,S021,SKU00062,1
2026-02-22,S021,SKU00062,2
2026-04-12,S026,SKU00058,1
2026-04-05,S026,SKU00058,1
2026-03-29,S026,SKU00058,2
2026-03-22,S026,SKU00058,2
2026-03-15,S026,SKU00058,2
2026-03-08,S026,SKU00058,1
2026-03-01,S026,SKU00058,2
2026-02-22,S026,SKU00058,1
2026-04-12,S007,SKU00051,1
2026-04-05,S007,SKU00051,2
2026-03-29,S007,SKU00051,2
2026-03-22,S007,SKU00051,1
2026-03-15,S007,SKU00051,2
2026-03-08,S007,SKU00051,1
2026-03-01,S007,SKU00051,1
2026-02-22,S007,SKU00051,2
2026-03-29,S059,SKU00071,2
2026-03-15,S059,SKU00071,1
2026-03-08,S059,SKU00071,1
2026-02-22,S059,SKU00071,1
2026-04-12,S020,SKU00023,5
2026-04-05,S020,SKU00023,6
2026-03-29,S020,SKU00023,4
2026-03-22,S020,SKU00023,7
2026-03-15,S020,SKU00023,8
2026-03-08,S020,SKU00023,5
2026-03-01,S020,SKU00023,6
2026-02-22,S020,SKU00023,9
2026-04-12,S035,SKU00028,9
2026-04-05,S035,SKU00028,6
2026-03-29,S035,SKU00028,9
2026-03-22,S035,SKU00028,6
2026-03-15,S035,SKU00028,7
2026-03-08,S035,SKU00028,6
2026-03-01,S035,SKU00028,6
2026-02-22,S035,SKU00028,6
2026-04-12,S037,SKU00017,9
2026-04-05,S037,SKU00017,6
2026-03-29,S037,SKU00017,9
2026-03-22,S037,SKU00017,6
2026-03-15,S037,SKU00017,8
2026-03-08,S037,SKU00017,4
2026-03-01,S037,SKU00017,9
2026-02-22,S037,SKU00017,5
2026-04-12,S057,SKU00008,2
2026-04-05,S057,SKU00008,4
2026-03-29,S057,SKU00008,4
2026-03-22,S057,SKU00008,4
2026-03-15,S057,SKU00008,6
2026-03-08,S057,SKU00008,5
2026-03-01,S057,SKU00008,1
2026-02-22,S057,SKU00008,3
2026-04-12,S021,SKU00042,10
2026-04-05,S021,SKU00042,11
2026-03-29,S021,SKU00042,8
2026-03-22,S021,SKU00042,9
2026-03-15,S021,SKU00042,13
2026-03-08,S021,SKU00042,14
2026-03-01,S021,SKU00042,9
2026-02-22,S021,SKU00042,14
2026-04-12,S007,SKU00001,10
2026-04-05,S007,SKU00001,7
2026-03-29,S007,SKU00001,12
2026-03-22,S007,SKU00001,8
2026-03-15,S007,SKU00001,8
2026-03-08,S007,SKU00001,8
2026-03-01,S007,SKU00001,9
2026-02-22,S007,SKU00001,8
2026-04-05,S039,SKU00071,1
2026-03-22,S039,SKU00071,1
2026-03-15,S039,SKU00071,1
2026-03-08,S039,SKU00071,1
2026-03-01,S039,SKU00071,1
2026-02-22,S039,SKU00071,1
2026-04-12,S040,SKU00063,3
2026-04-05,S040,SKU00063,3
2026-03-29,S040,SKU00063,2
2026-03-22,S040,SKU00063,2
2026-03-01,S040,SKU00063,2
2026-02-22,S040,SKU00063,3
2026-04-12,S015,SKU00022,14
2026-04-05,S015,SKU00022,16
2026-03-29,S015,SKU00022,15
2026-03-22,S015,SKU00022,14
2026-03-15,S015,SKU00022,13
2026-03-08,S015,SKU00022,11
2026-03-01,S015,SKU00022,17
2026-02-22,S015,SKU00022,14
2026-04-12,S005,SKU00049,7
2026-04-05,S005,SKU00049,6
2026-03-29,S005,SKU00049,8
2026-03-22,S005,SKU00049,7
2026-03-15,S005,SKU00049,7
2026-03-08,S005,SKU00049,7
2026-03-01,S005,SKU00049,4
2026-02-22,S005,SKU00049,6
2026-04-12,S018,SKU00060,1
2026-04-05,S018,SKU00060,1
2026-03-29,S018,SKU00060,1
2026-03-22,S018,SKU00060,1
2026-03-15,S018,SKU00060,1
2026-03-08,S018,SKU00060,1
2026-03-01,S018,SKU00060,1
2026-02-22,S018,SKU00060,1
2026-04-12,S009,SKU00043,19
2026-04-05,S009,SKU00043,19
2026-03-29,S009,SKU00043,25
2026-03-22,S009,SKU00043,23
2026-03-15,S009,SKU00043,20
2026-03-08,S009,SKU00043,25
2026-03-01,S009,SKU00043,28
2026-02-22,S009,SKU00043,26
2026-04-12,S010,SKU00038,19
2026-04-05,S010,SKU00038,24
2026-03-29,S010,SKU00038,16
2026-03-22,S010,SKU00038,23
2026-03-15,S010,SKU00038,23
2026-03-08,S010,SKU00038,16
2026-03-01,S010,SKU00038,21
2026-02-22,S010,SKU00038,17
2026-04-12,S020,SKU00029,8
2026-04-05,S020,SKU00029,14
2026-03-29,S020,SKU00029,16
2026-03-22,S020,SKU00029,13
2026-03-15,S020,SKU00029,13
2026-03-08,S020,SKU00029,13
2026-03-01,S020,SKU00029,12
2026-02-22,S020,SKU00029,12
2026-04-12,S010,SKU00025,4
2026-04-05,S010,SKU00025,3
2026-03-29,S010,SKU00025,3
2026-03-22,S010,SKU00025,4
2026-03-15,S010,SKU00025,3
2026-03-08,S010,SKU00025,3
2026-03-01,S010,SKU00025,3
2026-02-22,S010,SKU00025,3
2026-04-12,S016,SKU00038,5
2026-04-05,S016,SKU00038,8
2026-03-29,S016,SKU00038,6
2026-03-22,S016,SKU00038,6
2026-03-15,S016,SKU00038,6
2026-03-08,S016,SKU00038,8
2026-03-01,S016,SKU00038,4
2026-02-22,S016,SKU00038,8
2026-04-05,S059,SKU00047,2
2026-03-29,S059,SKU00047,4
2026-03-22,S059,SKU00047,1
2026-03-08,S059,SKU00047,1
2026-04-12,S006,SKU00014,20
2026-04-05,S006,SKU00014,17
2026-03-29,S006,SKU00014,16
2026-03-22,S006,SKU00014,22
2026-03-15,S006,SKU00014,21
2026-03-08,S006,SKU00014,7
2026-03-01,S006,SKU00014,19
2026-02-22,S006,SKU00014,14
2026-04-12,S016,SKU00025,11
2026-04-05,S016,SKU00025,8
2026-03-29,S016,SKU00025,8
2026-03-22,S016,SKU00025,9
2026-03-15,S016,SKU00025,10
2026-03-08,S016,SKU00025,11
2026-03-01,S016,SKU00025,9
2026-02-22,S016,SKU00025,9
2026-04-12,S030,SKU00032,3
2026-04-05,S030,SKU00032,2
2026-03-29,S030,SKU00032,3
2026-03-22,S030,SKU00032,2
2026-03-15,S030,SKU00032,4
2026-03-08,S030,SKU00032,3
2026-03-01,S030,SKU00032,3
2026-02-22,S030,SKU00032,3
2026-04-12,S013,SKU00064,3
2026-04-05,S013,SKU00064,2
2026-03-29,S013,SKU00064,3
2026-03-22,S013,SKU00064,4
2026-03-15,S013,SKU00064,2
2026-03-08,S013,SKU00064,3
2026-03-01,S013,SKU00064,2
2026-02-22,S013,SKU00064,2
2026-04-12,S024,SKU00069,1
2026-03-29,S024,SKU00069,1
2026-03-15,S024,SKU00069,1
2026-03-01,S024,SKU00069,1
2026-04-12,S007,SKU00005,26
2026-04-05,S007,SKU00005,24
2026-03-29,S007,SKU00005,26
2026-03-22,S007,SKU00005,27
2026-03-15,S007,SKU00005,17
2026-03-08,S007,SKU00005,19
2026-03-01,S007,SKU00005,20
2026-02-22,S007,SKU00005,21
2026-04-12,S030,SKU00061,1
2026-03-22,S030,SKU00061,1
2026-03-15,S030,SKU00061,2
2026-03-01,S030,SKU00061,1
2026-02-22,S030,SKU00061,1
2026-04-12,S010,SKU00073,4
2026-04-05,S010,SKU00073,6
2026-03-29,S010,SKU00073,4
2026-03-22,S010,SKU00073,3
2026-03-15,S010,SKU00073,2
2026-03-08,S010,SKU00073,3
2026-03-01,S010,SKU00073,5
2026-02-22,S010,SKU00073,5
2026-04-12,S031,SKU00050,12
2026-04-05,S031,SKU00050,15
2026-03-29,S031,SKU00050,10
2026-03-22,S031,SKU00050,15
2026-03-15,S031,SKU00050,15
2026-03-08,S031,SKU00050,9
2026-03-01,S031,SKU00050,14
2026-02-22,S031,SKU00050,10
2026-04-12,S042,SKU00039,16
2026-04-05,S042,SKU00039,11
2026-03-29,S042,SKU00039,10
2026-03-22,S042,SKU00039,11
2026-03-15,S042,SKU00039,9
2026-03-08,S042,SKU00039,13
2026-03-01,S042,SKU00039,6
2026-02-22,S042,SKU00039,3
2026-04-12,S063,SKU00003,7
2026-04-05,S063,SKU00003,8
2026-03-29,S063,SKU00003,10
2026-03-22,S063,SKU00003,1
2026-03-15,S063,SKU00003,2
2026-03-08,S063,SKU00003,11
2026-03-01,S063,SKU00003,5
2026-02-22,S063,SKU00003,7
2026-04-05,S050,SKU00007,2
2026-03-29,S050,SKU00007,1
2026-03-22,S050,SKU00007,7
2026-03-15,S050,SKU00007,5
2026-03-08,S050,SKU00007,2
2026-02-22,S050,SKU00007,1
2026-04-12,S003,SKU00033,7
2026-04-05,S003,SKU00033,4
2026-03-29,S003,SKU00033,6
2026-03-22,S003,SKU00033,5
2026-03-15,S003,SKU00033,4
2026-03-08,S003,SKU00033,8
2026-03-01,S003,SKU00033,7
2026-02-22,S003,SKU00033,7
2026-04-12,S053,SKU00070,1
2026-04-05,S053,SKU00070,1
2026-03-29,S053,SKU00070,1
2026-03-08,S053,SKU00070,2
2026-03-01,S053,SKU00070,2
2026-04-12,S038,SKU00042,6
2026-04-05,S038,SKU00042,4
2026-03-29,S038,SKU00042,3
2026-03-22,S038,SKU00042,4
2026-03-15,S038,SKU00042,5
2026-03-08,S038,SKU00042,4
2026-03-01,S038,SKU00042,5
2026-02-22,S038,SKU00042,4
2026-04-12,S011,SKU00017,22
2026-04-05,S011,SKU00017,23
2026-03-29,S011,SKU00017,24
2026-03-22,S011,SKU00017,27
2026-03-15,S011,SKU00017,25
2026-03-08,S011,SKU00017,14
2026-03-01,S011,SKU00017,32
2026-02-22,S011,SKU00017,23
2026-04-12,S026,SKU00014,4
2026-04-05,S026,SKU00014,4
2026-03-29,S026,SKU00014,4
2026-03-22,S026,SKU00014,4
2026-03-15,S026,SKU00014,4
2026-03-08,S026,SKU00014,4
2026-03-01,S026,SKU00014,3
2026-02-22,S026,SKU00014,5
2026-04-12,S024,SKU00009,5
2026-04-05,S024,SKU00009,6
2026-03-29,S024,SKU00009,6
2026-03-22,S024,SKU00009,9
2026-03-15,S024,SKU00009,8
2026-03-08,S024,SKU00009,6
2026-03-01,S024,SKU00009,8
2026-02-22,S024,SKU00009,8
2026-04-12,S006,SKU00049,12
2026-04-05,S006,SKU00049,14
2026-03-29,S006,SKU00049,12
2026-03-22,S006,SKU00049,10
2026-03-15,S006,SKU00049,14
2026-03-08,S006,SKU00049,15
2026-03-01,S006,SKU00049,15
2026-02-22,S006,SKU00049,10
2026-04-12,S037,SKU00032,7
2026-04-05,S037,SKU00032,8
2026-03-29,S037,SKU00032,12
2026-03-22,S037,SKU00032,5
2026-03-15,S037,SKU00032,11
2026-03-08,S037,SKU00032,2
2026-03-01,S037,SKU00032,16
2026-02-22,S037,SKU00032,4
2026-04-12,S021,SKU00003,16
2026-04-05,S021,SKU00003,13
2026-03-29,S021,SKU00003,18
2026-03-22,S021,SKU00003,12
2026-03-15,S021,SKU00003,10
2026-03-08,S021,SKU00003,9
2026-03-01,S021,SKU00003,13
2026-02-22,S021,SKU00003,11
2026-04-12,S001,SKU00056,2
2026-04-05,S001,SKU00056,2
2026-03-29,S001,SKU00056,1
2026-03-22,S001,SKU00056,2
2026-03-15,S001,SKU00056,2
2026-03-08,S001,SKU00056,2
2026-03-01,S001,SKU00056,1
2026-02-22,S001,SKU00056,2
2026-04-12,S014,SKU00004,26
2026-04-05,S014,SKU00004,35
2026-03-29,S014,SKU00004,27
2026-03-22,S014,SKU00004,18
2026-03-15,S014,SKU00004,24
2026-03-08,S014,SKU00004,23
2026-03-01,S014,SKU00004,19
2026-02-22,S014,SKU00004,24
2026-04-12,S010,SKU00036,15
2026-04-05,S010,SKU00036,13
2026-03-29,S010,SKU00036,11
2026-03-22,S010,SKU00036,14
2026-03-15,S010,SKU00036,16
2026-03-08,S010,SKU00036,13
2026-03-01,S010,SKU00036,14
2026-02-22,S010,SKU00036,16
2026-04-12,S024,SKU00057,2
2026-04-05,S024,SKU00057,3
2026-03-29,S024,SKU00057,2
2026-03-22,S024,SKU00057,2
2026-03-15,S024,SKU00057,2
2026-03-08,S024,SKU00057,2
2026-03-01,S024,SKU00057,3
2026-02-22,S024,SKU00057,2
2026-04-12,S033,SKU00039,2
2026-04-05,S033,SKU00039,3
2026-03-29,S033,SKU00039,3
2026-03-22,S033,SKU00039,3
2026-03-15,S033,SKU00039,2
2026-03-08,S033,SKU00039,1
2026-03-01,S033,SKU00039,2
2026-02-22,S033,SKU00039,3
2026-04-12,S020,SKU00028,26
2026-04-05,S020,SKU00028,22
2026-03-29,S020,SKU00028,17
2026-03-22,S020,SKU00028,26
2026-03-15,S020,SKU00028,34
2026-03-08,S020,SKU00028,30
2026-03-01,S020,SKU00028,21
2026-02-22,S020,SKU00028,20
2026-04-12,S057,SKU00040,8
2026-04-05,S057,SKU00040,6
2026-03-29,S057,SKU00040,9
2026-03-22,S057,SKU00040,12
2026-03-15,S057,SKU00040,10
2026-03-08,S057,SKU00040,7
2026-03-01,S057,SKU00040,1
2026-02-22,S057,SKU00040,6
2026-04-12,S044,SKU00012,8
2026-04-05,S044,SKU00012,8
2026-03-29,S044,SKU00012,5
2026-03-22,S044,SKU00012,11
2026-03-15,S044,SKU00012,11
2026-03-08,S044,SKU00012,7
2026-03-01,S044,SKU00012,13
2026-02-22,S044,SKU00012,6
2026-04-12,S019,SKU00043,7
2026-04-05,S019,SKU00043,7
2026-03-29,S019,SKU00043,7
2026-03-22,S019,SKU00043,9
2026-03-15,S019,SKU00043,7
2026-03-08,S019,SKU00043,7
2026-03-01,S019,SKU00043,7
2026-02-22,S019,SKU00043,5
2026-04-12,S064,SKU00012,1
2026-03-22,S064,SKU00012,7
2026-03-08,S064,SKU00012,10
2026-03-01,S064,SKU00012,6
2026-02-22,S064,SKU00012,9
2026-04-12,S054,SKU00048,5
2026-04-05,S054,SKU00048,1
2026-03-29,S054,SKU00048,9
2026-03-22,S054,SKU00048,4
2026-03-15,S054,SKU00048,10
2026-03-08,S054,SKU00048,8
2026-03-01,S054,SKU00048,6
2026-02-22,S054,SKU00048,9
2026-04-12,S034,SKU00023,7
2026-04-05,S034,SKU00023,4
2026-03-29,S034,SKU00023,4
2026-03-22,S034,SKU00023,4
2026-03-15,S034,SKU00023,2
2026-03-08,S034,SKU00023,9
2026-03-01,S034,SKU00023,7
2026-02-22,S034,SKU00023,3
2026-04-12,S007,SKU00003,12
2026-04-05,S007,SKU00003,10
2026-03-29,S007,SKU00003,10
2026-03-22,S007,SKU00003,9
2026-03-15,S007,SKU00003,7
2026-03-08,S007,SKU00003,8
2026-03-01,S007,SKU00003,7
2026-02-22,S007,SKU00003,11
2026-03-29,S031,SKU00065,1
2026-03-22,S031,SKU00065,1
2026-03-08,S031,SKU00065,1
2026-03-01,S031,SKU00065,1
2026-02-22,S031,SKU00065,1
2026-04-12,S012,SKU00022,8
2026-04-05,S012,SKU00022,8
2026-03-29,S012,SKU00022,9
2026-03-22,S012,SKU00022,8
2026-03-15,S012,SKU00022,7
2026-03-08,S012,SKU00022,5
2026-03-01,S012,SKU00022,4
2026-02-22,S012,SKU00022,6
2026-04-12,S012,SKU00002,14
2026-04-05,S012,SKU00002,17
2026-03-29,S012,SKU00002,21
2026-03-22,S012,SKU00002,21
2026-03-15,S012,SKU00002,14
2026-03-08,S012,SKU00002,21
2026-03-01,S012,SKU00002,13
2026-02-22,S012,SKU00002,16
2026-04-12,S044,SKU00069,1
2026-04-05,S044,SKU00069,1
2026-03-22,S044,SKU00069,2
2026-03-15,S044,SKU00069,2
2026-03-08,S044,SKU00069,1
2026-03-01,S044,SKU00069,1
2026-02-22,S044,SKU00069,1
2026-04-12,S008,SKU00013,7
2026-04-05,S008,SKU00013,9
2026-03-29,S008,SKU00013,9
2026-03-22,S008,SKU00013,10
2026-03-15,S008,SKU00013,8
2026-03-08,S008,SKU00013,8
2026-03-01,S008,SKU00013,7
2026-02-22,S008,SKU00013,7
2026-04-12,S026,SKU00049,20
2026-04-05,S026,SKU00049,17
2026-03-29,S026,SKU00049,19
2026-03-22,S026,SKU00049,14
2026-03-15,S026,SKU00049,12
2026-03-08,S026,SKU00049,14
2026-03-01,S026,SKU00049,18
2026-02-22,S026,SKU00049,19
2026-04-12,S020,SKU00034,21
2026-04-05,S020,SKU00034,19
2026-03-29,S020,SKU00034,24
2026-03-22,S020,SKU00034,19
2026-03-15,S020,SKU00034,17
2026-03-08,S020,SKU00034,20
2026-03-01,S020,SKU00034,22
2026-02-22,S020,SKU00034,14
2026-04-12,S043,SKU00052,2
2026-04-05,S043,SKU00052,1
2026-03-29,S043,SKU00052,1
2026-03-22,S043,SKU00052,1
2026-03-15,S043,SKU00052,1
2026-03-08,S043,SKU00052,2
2026-03-01,S043,SKU00052,2
2026-02-22,S043,SKU00052,1
2026-04-12,S020,SKU00031,19
2026-04-05,S020,SKU00031,28
2026-03-29,S020,SKU00031,21
2026-03-22,S020,SKU00031,27
2026-03-15,S020,SKU00031,29
2026-03-08,S020,SKU00031,25
2026-03-01,S020,SKU00031,28
2026-02-22,S020,SKU00031,31
2026-04-12,S001,SKU00019,8
2026-04-05,S001,SKU00019,6
2026-03-29,S001,SKU00019,8
2026-03-22,S001,SKU00019,9
2026-03-15,S001,SKU00019,6
2026-03-08,S001,SKU00019,8
2026-03-01,S001,SKU00019,9
2026-02-22,S001,SKU00019,9
2026-04-12,S003,SKU00058,2
2026-04-05,S003,SKU00058,3
2026-03-29,S003,SKU00058,2
2026-03-22,S003,SKU00058,1
2026-03-15,S003,SKU00058,3
2026-03-08,S003,SKU00058,1
2026-03-01,S003,SKU00058,2
2026-02-22,S003,SKU00058,2
2026-04-12,S022,SKU00037,19
2026-04-05,S022,SKU00037,11
2026-03-29,S022,SKU00037,18
2026-03-22,S022,SKU00037,17
2026-03-15,S022,SKU00037,14
2026-03-08,S022,SKU00037,21
2026-03-01,S022,SKU00037,16
2026-02-22,S022,SKU00037,13
2026-04-12,S055,SKU00023,9
2026-04-05,S055,SKU00023,6
2026-03-29,S055,SKU00023,11
2026-03-22,S055,SKU00023,6
2026-03-15,S055,SKU00023,10
2026-03-08,S055,SKU00023,7
2026-03-01,S055,SKU00023,10
2026-02-22,S055,SKU00023,7
2026-04-12,S050,SKU00036,1
2026-04-05,S050,SKU00036,2
2026-03-29,S050,SKU00036,10
2026-03-22,S050,SKU00036,9
2026-03-15,S050,SKU00036,6
2026-03-08,S050,SKU00036,4
2026-03-01,S050,SKU00036,4
2026-02-22,S050,SKU00036,2
2026-04-05,S060,SKU00037,1
2026-03-29,S060,SKU00037,2
2026-03-22,S060,SKU00037,1
2026-03-15,S060,SKU00037,2
2026-03-08,S060,SKU00037,1
2026-02-22,S060,SKU00037,1
2026-04-12,S044,SKU00074,2
2026-04-05,S044,SKU00074,3
2026-03-29,S044,SKU00074,2
2026-03-22,S044,SKU00074,2
2026-03-15,S044,SKU00074,1
2026-03-08,S044,SKU00074,2
2026-03-01,S044,SKU00074,2
2026-02-22,S044,SKU00074,1
2026-04-12,S005,SKU00043,15
2026-04-05,S005,SKU00043,13
2026-03-29,S005,SKU00043,12
2026-03-22,S005,SKU00043,9
2026-03-15,S005,SKU00043,13
2026-03-08,S005,SKU00043,13
2026-03-01,S005,SKU00043,14
2026-02-22,S005,SKU00043,11
2026-04-12,S022,SKU00026,3
2026-04-05,S022,SKU00026,5
2026-03-29,S022,SKU00026,4
2026-03-22,S022,SKU00026,6
2026-03-15,S022,SKU00026,5
2026-03-08,S022,SKU00026,3
2026-03-01,S022,SKU00026,7
2026-02-22,S022,SKU00026,3
2026-04-12,S035,SKU00030,8
2026-04-05,S035,SKU00030,9
2026-03-29,S035,SKU00030,5
2026-03-22,S035,SKU00030,12
2026-03-15,S035,SKU00030,15
2026-03-08,S035,SKU00030,11
2026-03-01,S035,SKU00030,9
2026-02-22,S035,SKU00030,14
2026-04-12,S035,SKU00070,3
2026-04-05,S035,SKU00070,3
2026-03-29,S035,SKU00070,2
2026-03-22,S035,SKU00070,2
2026-03-15,S035,SKU00070,1
2026-03-08,S035,SKU00070,2
2026-03-01,S035,SKU00070,1
2026-02-22,S035,SKU00070,1
2026-04-12,S053,SKU00015,1
2026-04-05,S053,SKU00015,2
2026-03-29,S053,SKU00015,2
2026-03-22,S053,SKU00015,1
2026-03-15,S053,SKU00015,1
2026-03-08,S053,SKU00015,2
2026-03-01,S053,SKU00015,3
2026-02-22,S053,SKU00015,3
2026-04-12,S004,SKU00013,15
2026-04-05,S004,SKU00013,17
2026-03-29,S004,SKU00013,18
2026-03-22,S004,SKU00013,18
2026-03-15,S004,SKU00013,18
2026-03-08,S004,SKU00013,12
2026-03-01,S004,SKU00013,15
2026-02-22,S004,SKU00013,17
2026-04-12,S015,SKU00012,8
2026-04-05,S015,SKU00012,11
2026-03-29,S015,SKU00012,9
2026-03-22,S015,SKU00012,11
2026-03-15,S015,SKU00012,10
2026-03-08,S015,SKU00012,12
2026-03-01,S015,SKU00012,9
2026-02-22,S015,SKU00012,11
2026-04-12,S027,SKU00004,6
2026-04-05,S027,SKU00004,5
2026-03-29,S027,SKU00004,5
2026-03-22,S027,SKU00004,9
2026-03-15,S027,SKU00004,10
2026-03-08,S027,SKU00004,6
2026-03-01,S027,SKU00004,6
2026-02-22,S027,SKU00004,10
2026-04-12,S032,SKU00038,13
2026-04-05,S032,SKU00038,13
2026-03-29,S032,SKU00038,14
2026-03-22,S032,SKU00038,3
2026-03-15,S032,SKU00038,9
2026-03-08,S032,SKU00038,5
2026-03-01,S032,SKU00038,7
2026-02-22,S032,SKU00038,9
2026-04-12,S044,SKU00009,22
2026-04-05,S044,SKU00009,17
2026-03-29,S044,SKU00009,14
2026-03-22,S044,SKU00009,18
2026-03-15,S044,SKU00009,14
2026-03-08,S044,SKU00009,13
2026-03-01,S044,SKU00009,18
2026-02-22,S044,SKU00009,15
2026-04-12,S013,SKU00072,5
2026-04-05,S013,SKU00072,3
2026-03-29,S013,SKU00072,5
2026-03-22,S013,SKU00072,4
2026-03-15,S013,SKU00072,5
2026-03-08,S013,SKU00072,5
2026-03-01,S013,SKU00072,5
2026-02-22,S013,SKU00072,5
2026-04-12,S029,SKU00017,11
2026-04-05,S029,SKU00017,11
2026-03-29,S029,SKU00017,8
2026-03-22,S029,SKU00017,16
2026-03-15,S029,SKU00017,7
2026-03-08,S029,SKU00017,10
2026-03-01,S029,SKU00017,2
2026-02-22,S029,SKU00017,5
2026-04-12,S064,SKU00009,9
2026-03-29,S064,SKU00009,5
2026-03-22,S064,SKU00009,7
2026-03-15,S064,SKU00009,2
2026-03-08,S064,SKU00009,2
2026-03-01,S064,SKU00009,8
2026-02-22,S064,SKU00009,3
2026-04-05,S049,SKU00046,2
2026-03-29,S049,SKU00046,1
2026-03-08,S049,SKU00046,1
2026-03-01,S049,SKU00046,2
2026-04-12,S011,SKU00032,10
2026-04-05,S011,SKU00032,14
2026-03-29,S011,SKU00032,16
2026-03-22,S011,SKU00032,14
2026-03-15,S011,SKU00032,18
2026-03-08,S011,SKU00032,17
2026-03-01,S011,SKU00032,21
2026-02-22,S011,SKU00032,22
2026-04-12,S009,SKU00068,2
2026-04-05,S009,SKU00068,2
2026-03-29,S009,SKU00068,1
2026-03-22,S009,SKU00068,1
2026-03-15,S009,SKU00068,1
2026-03-08,S009,SKU00068,2
2026-03-01,S009,SKU00068,2
2026-02-22,S009,SKU00068,1
2026-04-12,S015,SKU00069,1
2026-04-05,S015,SKU00069,2
2026-03-29,S015,SKU00069,1
2026-03-22,S015,SKU00069,2
2026-03-15,S015,SKU00069,2
2026-03-08,S015,SKU00069,1
2026-03-01,S015,SKU00069,1
2026-02-22,S015,SKU00069,2
2026-04-12,S017,SKU00016,14
2026-04-05,S017,SKU00016,13
2026-03-29,S017,SKU00016,18
2026-03-22,S017,SKU00016,13
2026-03-15,S017,SKU00016,15
2026-03-08,S017,SKU00016,13
2026-03-01,S017,SKU00016,14
2026-02-22,S017,SKU00016,15
2026-04-12,S028,SKU00019,5
2026-04-05,S028,SKU00019,6
2026-03-29,S028,SKU00019,5
2026-03-22,S028,SKU00019,4
2026-03-15,S028,SKU00019,6
2026-03-08,S028,SKU00019,2
2026-03-01,S028,SKU00019,8
2026-02-22,S028,SKU00019,4
2026-04-12,S025,SKU00030,22
2026-04-05,S025,SKU00030,16
2026-03-29,S025,SKU00030,21
2026-03-22,S025,SKU00030,23
2026-03-15,S025,SKU00030,13
2026-03-08,S025,SKU00030,16
2026-03-01,S025,SKU00030,18
2026-02-22,S025,SKU00030,9
2026-04-12,S023,SKU00048,18
2026-04-05,S023,SKU00048,10
2026-03-29,S023,SKU00048,11
2026-03-22,S023,SKU00048,13
2026-03-15,S023,SKU00048,16
2026-03-08,S023,SKU00048,21
2026-03-01,S023,SKU00048,16
2026-02-22,S023,SKU00048,19
2026-04-12,S024,SKU00059,2
2026-04-05,S024,SKU00059,3
2026-03-29,S024,SKU00059,2
2026-03-22,S024,SKU00059,2
2026-03-15,S024,SKU00059,1
2026-03-08,S024,SKU00059,2
2026-03-01,S024,SKU00059,1
2026-02-22,S024,SKU00059,2
2026-04-12,S036,SKU00019,13
2026-04-05,S036,SKU00019,10
2026-03-29,S036,SKU00019,12
2026-03-22,S036,SKU00019,9
2026-03-15,S036,SKU00019,15
2026-03-08,S036,SKU00019,10
2026-03-01,S036,SKU00019,11
2026-02-22,S036,SKU00019,14
2026-04-12,S011,SKU00061,3
2026-04-05,S011,SKU00061,3
2026-03-29,S011,SKU00061,4
2026-03-22,S011,SKU00061,5
2026-03-15,S011,SKU00061,5
2026-03-08,S011,SKU00061,3
2026-03-01,S011,SKU00061,4
2026-02-22,S011,SKU00061,4
2026-04-12,S033,SKU00032,4
2026-04-05,S033,SKU00032,3
2026-03-29,S033,SKU00032,4
2026-03-22,S033,SKU00032,2
2026-03-15,S033,SKU00032,1
2026-03-08,S033,SKU00032,2
2026-03-01,S033,SKU00032,4
2026-02-22,S033,SKU00032,4
2026-03-29,S057,SKU00062,1
2026-03-15,S057,SKU00062,2
2026-03-08,S057,SKU00062,2
2026-03-01,S057,SKU00062,1
2026-04-12,S036,SKU00055,2
2026-03-29,S036,SKU00055,1
2026-03-22,S036,SKU00055,2
2026-03-15,S036,SKU00055,2
2026-03-08,S036,SKU00055,1
2026-03-01,S036,SKU00055,1
2026-02-22,S036,SKU00055,1
2026-04-12,S021,SKU00048,12
2026-04-05,S021,SKU00048,16
2026-03-29,S021,SKU00048,13
2026-03-22,S021,SKU00048,15
2026-03-15,S021,SKU00048,19
2026-03-08,S021,SKU00048,24
2026-03-01,S021,SKU00048,16
2026-02-22,S021,SKU00048,13
2026-04-12,S002,SKU00036,10
2026-04-05,S002,SKU00036,9
2026-03-29,S002,SKU00036,16
2026-03-22,S002,SKU00036,13
2026-03-15,S002,SKU00036,11
2026-03-08,S002,SKU00036,2
2026-03-01,S002,SKU00036,11
2026-02-22,S002,SKU00036,9
2026-04-12,S015,SKU00009,10
2026-04-05,S015,SKU00009,6
2026-03-29,S015,SKU00009,9
2026-03-22,S015,SKU00009,5
2026-03-15,S015,SKU00009,7
2026-03-08,S015,SKU00009,7
2026-03-01,S015,SKU00009,11
2026-02-22,S015,SKU00009,9
2026-04-12,S058,SKU00003,6
2026-04-05,S058,SKU00003,4
2026-03-22,S058,SKU00003,5
2026-03-15,S058,SKU00003,4
2026-03-08,S058,SKU00003,2
2026-03-01,S058,SKU00003,3
2026-02-22,S058,SKU00003,3
2026-04-12,S012,SKU00037,6
2026-04-05,S012,SKU00037,6
2026-03-29,S012,SKU00037,5
2026-03-22,S012,SKU00037,4
2026-03-15,S012,SKU00037,3
2026-03-08,S012,SKU00037,5
2026-03-01,S012,SKU00037,6
2026-02-22,S012,SKU00037,5
2026-04-12,S024,SKU00071,2
2026-04-05,S024,SKU00071,2
2026-03-29,S024,SKU00071,2
2026-03-22,S024,SKU00071,2
2026-03-15,S024,SKU00071,2
2026-03-08,S024,SKU00071,2
2026-02-22,S024,SKU00071,2
2026-04-12,S002,SKU00045,21
2026-04-05,S002,SKU00045,13
2026-03-29,S002,SKU00045,22
2026-03-22,S002,SKU00045,24
2026-03-15,S002,SKU00045,20
2026-03-08,S002,SKU00045,19
2026-03-01,S002,SKU00045,17
2026-02-22,S002,SKU00045,19
2026-04-12,S040,SKU00023,5
2026-04-05,S040,SKU00023,4
2026-03-29,S040,SKU00023,9
2026-03-22,S040,SKU00023,4
2026-03-15,S040,SKU00023,6
2026-03-08,S040,SKU00023,5
2026-03-01,S040,SKU00023,6
2026-02-22,S040,SKU00023,4
2026-04-12,S018,SKU00007,5
2026-04-05,S018,SKU00007,3
2026-03-29,S018,SKU00007,4
2026-03-22,S018,SKU00007,4
2026-03-15,S018,SKU00007,4
2026-03-08,S018,SKU00007,4
2026-03-01,S018,SKU00007,3
2026-02-22,S018,SKU00007,2
2026-04-12,S001,SKU00044,7
2026-04-05,S001,SKU00044,7
2026-03-29,S001,SKU00044,4
2026-03-22,S001,SKU00044,4
2026-03-15,S001,SKU00044,3
2026-03-08,S001,SKU00044,7
2026-03-01,S001,SKU00044,5
2026-02-22,S001,SKU00044,3
2026-04-12,S007,SKU00048,4
2026-04-05,S007,SKU00048,3
2026-03-29,S007,SKU00048,5
2026-03-22,S007,SKU00048,6
2026-03-15,S007,SKU00048,4
2026-03-08,S007,SKU00048,4
2026-03-01,S007,SKU00048,4
2026-02-22,S007,SKU00048,4
2026-04-12,S012,SKU00026,3
2026-04-05,S012,SKU00026,2
2026-03-29,S012,SKU00026,2
2026-03-22,S012,SKU00026,3
2026-03-15,S012,SKU00026,2
2026-03-08,S012,SKU00026,3
2026-03-01,S012,SKU00026,2
2026-02-22,S012,SKU00026,3
2026-04-12,S031,SKU00067,4
2026-04-05,S031,SKU00067,2
2026-03-29,S031,SKU00067,3
2026-03-22,S031,SKU00067,1
2026-03-15,S031,SKU00067,4
2026-03-08,S031,SKU00067,2
2026-03-01,S031,SKU00067,3
2026-02-22,S031,SKU00067,1
2026-04-12,S035,SKU00015,5
2026-04-05,S035,SKU00015,7
2026-03-29,S035,SKU00015,7
2026-03-22,S035,SKU00015,6
2026-03-15,S035,SKU00015,8
2026-03-08,S035,SKU00015,6
2026-03-01,S035,SKU00015,7
2026-02-22,S035,SKU00015,4
2026-04-12,S003,SKU00014,16
2026-04-05,S003,SKU00014,18
2026-03-29,S003,SKU00014,14
2026-03-22,S003,SKU00014,21
2026-03-15,S003,SKU00014,19
2026-03-08,S003,SKU00014,13
2026-03-01,S003,SKU00014,15
2026-02-22,S003,SKU00014,23
2026-04-12,S035,SKU00020,12
2026-04-05,S035,SKU00020,12
2026-03-29,S035,SKU00020,13
2026-03-22,S035,SKU00020,11
2026-03-15,S035,SKU00020,14
2026-03-08,S035,SKU00020,16
2026-03-01,S035,SKU00020,7
2026-02-22,S035,SKU00020,8
2026-04-12,S022,SKU00074,1
2026-04-05,S022,SKU00074,1
2026-03-22,S022,SKU00074,1
2026-03-15,S022,SKU00074,1
2026-03-08,S022,SKU00074,1
2026-02-22,S022,SKU00074,1
2026-04-12,S035,SKU00053,2
2026-04-05,S035,SKU00053,3
2026-03-29,S035,SKU00053,2
2026-03-22,S035,SKU00053,3
2026-03-15,S035,SKU00053,4
2026-03-08,S035,SKU00053,3
2026-03-01,S035,SKU00053,2
2026-02-22,S035,SKU00053,3
2026-04-12,S049,SKU00028,2
2026-03-29,S049,SKU00028,1
2026-03-22,S049,SKU00028,1
2026-03-15,S049,SKU00028,4
2026-03-08,S049,SKU00028,2
2026-03-01,S049,SKU00028,2
2026-04-12,S059,SKU00043,1
2026-04-05,S059,SKU00043,1
2026-03-29,S059,SKU00043,2
2026-03-22,S059,SKU00043,2
2026-03-08,S059,SKU00043,1
2026-03-01,S059,SKU00043,2
2026-04-12,S060,SKU00074,1
2026-03-29,S060,SKU00074,1
2026-03-01,S060,SKU00074,1
2026-04-12,S032,SKU00036,5
2026-04-05,S032,SKU00036,5
2026-03-29,S032,SKU00036,8
2026-03-22,S032,SKU00036,6
2026-03-15,S032,SKU00036,3
2026-03-08,S032,SKU00036,6
2026-03-01,S032,SKU00036,4
2026-02-22,S032,SKU00036,6
2026-04-12,S022,SKU00009,9
2026-04-05,S022,SKU00009,9
2026-03-29,S022,SKU00009,7
2026-03-22,S022,SKU00009,9
2026-03-15,S022,SKU00009,5
2026-03-08,S022,SKU00009,9
2026-03-01,S022,SKU00009,7
2026-02-22,S022,SKU00009,13
2026-04-12,S043,SKU00050,7
2026-04-05,S043,SKU00050,6
2026-03-29,S043,SKU00050,7
2026-03-22,S043,SKU00050,6
2026-03-15,S043,SKU00050,4
2026-03-08,S043,SKU00050,2
2026-03-01,S043,SKU00050,7
2026-02-22,S043,SKU00050,8
2026-04-12,S045,SKU00068,2
2026-04-05,S045,SKU00068,3
2026-03-29,S045,SKU00068,2
2026-03-22,S045,SKU00068,3
2026-03-15,S045,SKU00068,3
2026-03-08,S045,SKU00068,2
2026-03-01,S045,SKU00068,2
2026-02-22,S045,SKU00068,2
2026-04-12,S059,SKU00016,7
2026-04-05,S059,SKU00016,8
2026-03-29,S059,SKU00016,12
2026-03-22,S059,SKU00016,7
2026-03-15,S059,SKU00016,5
2026-03-08,S059,SKU00016,9
2026-03-01,S059,SKU00016,5
2026-02-22,S059,SKU00016,12
2026-04-12,S029,SKU00032,18
2026-04-05,S029,SKU00032,15
2026-03-29,S029,SKU00032,12
2026-03-22,S029,SKU00032,12
2026-03-15,S029,SKU00032,13
2026-03-08,S029,SKU00032,14
2026-03-01,S029,SKU00032,11
2026-02-22,S029,SKU00032,10
2026-04-12,S016,SKU00018,21
2026-04-05,S016,SKU00018,19
2026-03-29,S016,SKU00018,17
2026-03-22,S016,SKU00018,12
2026-03-15,S016,SKU00018,16
2026-03-08,S016,SKU00018,16
2026-03-01,S016,SKU00018,19
2026-02-22,S016,SKU00018,17
2026-04-12,S034,SKU00031,11
2026-04-05,S034,SKU00031,9
2026-03-29,S034,SKU00031,6
2026-03-22,S034,SKU00031,7
2026-03-15,S034,SKU00031,12
2026-03-08,S034,SKU00031,7
2026-03-01,S034,SKU00031,15
2026-02-22,S034,SKU00031,3
2026-04-12,S020,SKU00070,2
2026-04-05,S020,SKU00070,2
2026-03-29,S020,SKU00070,3
2026-03-22,S020,SKU00070,3
2026-03-15,S020,SKU00070,4
2026-03-08,S020,SKU00070,5
2026-03-01,S020,SKU00070,3
2026-02-22,S020,SKU00070,2
2026-04-12,S034,SKU00034,6
2026-04-05,S034,SKU00034,9
2026-03-29,S034,SKU00034,6
2026-03-22,S034,SKU00034,7
2026-03-15,S034,SKU00034,7
2026-03-08,S034,SKU00034,8
2026-03-01,S034,SKU00034,9
2026-02-22,S034,SKU00034,7
2026-04-12,S049,SKU00031,2
2026-04-05,S049,SKU00031,3
2026-03-29,S049,SKU00031,3
2026-03-22,S049,SKU00031,4
2026-03-15,S049,SKU00031,4
2026-03-08,S049,SKU00031,1
2026-02-22,S049,SKU00031,1
2026-04-12,S025,SKU00020,17
2026-04-05,S025,SKU00020,18
2026-03-29,S025,SKU00020,15
2026-03-22,S025,SKU00020,9
2026-03-15,S025,SKU00020,20
2026-03-08,S025,SKU00020,21
2026-03-01,S025,SKU00020,24
2026-02-22,S025,SKU00020,17
2026-04-12,S044,SKU00059,1
2026-04-05,S044,SKU00059,1
2026-03-29,S044,SKU00059,2
2026-03-22,S044,SKU00059,1
2026-03-15,S044,SKU00059,2
2026-03-08,S044,SKU00059,2
2026-03-01,S044,SKU00059,4
2026-02-22,S044,SKU00059,2
2026-04-12,S019,SKU00068,2
2026-04-05,S019,SKU00068,2
2026-03-29,S019,SKU00068,4
2026-03-22,S019,SKU00068,3
2026-03-15,S019,SKU00068,4
2026-03-08,S019,SKU00068,2
2026-03-01,S019,SKU00068,5
2026-02-22,S019,SKU00068,3
2026-04-12,S022,SKU00057,3
2026-04-05,S022,SKU00057,3
2026-03-22,S022,SKU00057,2
2026-03-15,S022,SKU00057,1
2026-03-08,S022,SKU00057,3
2026-03-01,S022,SKU00057,3
2026-02-22,S022,SKU00057,1
2026-04-12,S048,SKU00022,3
2026-04-05,S048,SKU00022,4
2026-03-29,S048,SKU00022,6
2026-03-22,S048,SKU00022,8
2026-03-15,S048,SKU00022,4
2026-03-08,S048,SKU00022,4
2026-03-01,S048,SKU00022,1
2026-02-22,S048,SKU00022,4
2026-04-12,S051,SKU00010,2
2026-04-05,S051,SKU00010,1
2026-03-29,S051,SKU00010,3
2026-03-22,S051,SKU00010,2
2026-03-15,S051,SKU00010,3
2026-03-08,S051,SKU00010,3
2026-03-01,S051,SKU00010,2
2026-02-22,S051,SKU00010,2
2026-04-12,S038,SKU00048,8
2026-04-05,S038,SKU00048,11
2026-03-29,S038,SKU00048,11
2026-03-22,S038,SKU00048,12
2026-03-15,S038,SKU00048,16
2026-03-08,S038,SKU00048,13
2026-03-01,S038,SKU00048,14
2026-02-22,S038,SKU00048,10
2026-04-12,S036,SKU00063,3
2026-04-05,S036,SKU00063,2
2026-03-29,S036,SKU00063,3
2026-03-22,S036,SKU00063,3
2026-03-15,S036,SKU00063,2
2026-03-08,S036,SKU00063,4
2026-03-01,S036,SKU00063,3
2026-02-22,S036,SKU00063,4
2026-04-12,S020,SKU00004,18
2026-04-05,S020,SKU00004,19
2026-03-29,S020,SKU00004,23
2026-03-22,S020,SKU00004,15
2026-03-15,S020,SKU00004,20
2026-03-08,S020,SKU00004,21
2026-03-01,S020,SKU00004,23
2026-02-22,S020,SKU00004,15
2026-03-29,S060,SKU00057,1
2026-03-15,S060,SKU00057,1
2026-04-12,S008,SKU00060,4
2026-04-05,S008,SKU00060,3
2026-03-29,S008,SKU00060,3
2026-03-22,S008,SKU00060,4
2026-03-15,S008,SKU00060,3
2026-03-08,S008,SKU00060,4
2026-03-01,S008,SKU00060,3
2026-02-22,S008,SKU00060,4
2026-04-12,S009,SKU00010,3
2026-04-05,S009,SKU00010,3
2026-03-29,S009,SKU00010,4
2026-03-22,S009,SKU00010,3
2026-03-15,S009,SKU00010,3
2026-03-08,S009,SKU00010,3
2026-03-01,S009,SKU00010,4
2026-02-22,S009,SKU00010,3
2026-04-12,S003,SKU00049,18
2026-04-05,S003,SKU00049,24
2026-03-29,S003,SKU00049,25
2026-03-22,S003,SKU00049,25
2026-03-15,S003,SKU00049,16
2026-03-08,S003,SKU00049,19
2026-03-01,S003,SKU00049,22
2026-02-22,S003,SKU00049,26
2026-04-12,S012,SKU00069,1
2026-04-05,S012,SKU00069,2
2026-03-29,S012,SKU00069,2
2026-03-22,S012,SKU00069,3
2026-03-15,S012,SKU00069,1
2026-03-08,S012,SKU00069,2
2026-03-01,S012,SKU00069,2
2026-02-22,S012,SKU00069,2
2026-04-12,S017,SKU00025,13
2026-04-05,S017,SKU00025,13
2026-03-29,S017,SKU00025,13
2026-03-22,S017,SKU00025,16
2026-03-15,S017,SKU00025,16
2026-03-08,S017,SKU00025,11
2026-03-01,S017,SKU00025,14
2026-02-22,S017,SKU00025,10
2026-04-12,S031,SKU00011,4
2026-04-05,S031,SKU00011,5
2026-03-29,S031,SKU00011,11
2026-03-22,S031,SKU00011,7
2026-03-15,S031,SKU00011,7
2026-03-08,S031,SKU00011,6
2026-03-01,S031,SKU00011,8
2026-02-22,S031,SKU00011,10
2026-04-12,S004,SKU00060,4
2026-04-05,S004,SKU00060,3
2026-03-29,S004,SKU00060,3
2026-03-22,S004,SKU00060,5
2026-03-15,S004,SKU00060,4
2026-03-08,S004,SKU00060,4
2026-03-01,S004,SKU00060,4
2026-02-22,S004,SKU00060,3
2026-04-12,S010,SKU00041,7
2026-04-05,S010,SKU00041,9
2026-03-29,S010,SKU00041,8
2026-03-22,S010,SKU00041,8
2026-03-15,S010,SKU00041,8
2026-03-08,S010,SKU00041,8
2026-03-01,S010,SKU00041,8
2026-02-22,S010,SKU00041,8
2026-03-15,S005,SKU00068,1
2026-04-12,S012,SKU00074,2
2026-04-05,S012,SKU00074,2
2026-03-22,S012,SKU00074,2
2026-03-15,S012,SKU00074,2
2026-03-08,S012,SKU00074,1
2026-03-01,S012,SKU00074,1
2026-02-22,S012,SKU00074,1
2026-04-12,S018,SKU00045,15
2026-04-05,S018,SKU00045,18
2026-03-29,S018,SKU00045,14
2026-03-22,S018,SKU00045,18
2026-03-15,S018,SKU00045,19
2026-03-08,S018,SKU00045,28
2026-03-01,S018,SKU00045,16
2026-02-22,S018,SKU00045,22
2026-04-12,S015,SKU00058,2
2026-04-05,S015,SKU00058,3
2026-03-29,S015,SKU00058,2
2026-03-22,S015,SKU00058,2
2026-03-15,S015,SKU00058,2
2026-03-08,S015,SKU00058,3
2026-03-01,S015,SKU00058,2
2026-02-22,S015,SKU00058,3
2026-04-12,S027,SKU00022,11
2026-04-05,S027,SKU00022,10
2026-03-29,S027,SKU00022,9
2026-03-22,S027,SKU00022,8
2026-03-15,S027,SKU00022,12
2026-03-08,S027,SKU00022,6
2026-03-01,S027,SKU00022,10
2026-02-22,S027,SKU00022,4
2026-04-12,S010,SKU00039,4
2026-04-05,S010,SKU00039,7
2026-03-29,S010,SKU00039,8
2026-03-22,S010,SKU00039,8
2026-03-15,S010,SKU00039,6
2026-03-08,S010,SKU00039,8
2026-03-01,S010,SKU00039,8
2026-02-22,S010,SKU00039,7
2026-04-12,S016,SKU00017,4
2026-04-05,S016,SKU00017,3
2026-03-29,S016,SKU00017,5
2026-03-22,S016,SKU00017,5
2026-03-15,S016,SKU00017,3
2026-03-08,S016,SKU00017,4
2026-03-01,S016,SKU00017,4
2026-02-22,S016,SKU00017,5
2026-04-12,S046,SKU00061,1
2026-04-12,S037,SKU00019,5
2026-04-05,S037,SKU00019,8
2026-03-29,S037,SKU00019,5
2026-03-22,S037,SKU00019,4
2026-03-15,S037,SKU00019,7
2026-03-08,S037,SKU00019,7
2026-03-01,S037,SKU00019,3
2026-02-22,S037,SKU00019,7
2026-04-12,S020,SKU00015,26
2026-04-05,S020,SKU00015,22
2026-03-29,S020,SKU00015,19
2026-03-22,S020,SKU00015,27
2026-03-15,S020,SKU00015,28
2026-03-08,S020,SKU00015,25
2026-03-01,S020,SKU00015,21
2026-02-22,S020,SKU00015,29
2026-03-29,S050,SKU00041,2
2026-03-22,S050,SKU00041,2
2026-03-15,S050,SKU00041,2
2026-03-08,S050,SKU00041,2
2026-03-01,S050,SKU00041,4
2026-02-22,S050,SKU00041,1
2026-04-12,S063,SKU00002,4
2026-04-05,S063,SKU00002,3
2026-03-29,S063,SKU00002,2
2026-03-22,S063,SKU00002,7
2026-03-15,S063,SKU00002,3
2026-03-08,S063,SKU00002,4
2026-03-01,S063,SKU00002,6
2026-02-22,S063,SKU00002,6
2026-04-12,S044,SKU00047,2
2026-04-05,S044,SKU00047,15
2026-03-22,S044,SKU00047,8
2026-03-15,S044,SKU00047,4
2026-03-08,S044,SKU00047,7
2026-03-01,S044,SKU00047,7
2026-02-22,S044,SKU00047,9
2026-04-12,S013,SKU00013,27
2026-04-05,S013,SKU00013,23
2026-03-29,S013,SKU00013,20
2026-03-22,S013,SKU00013,23
2026-03-15,S013,SKU00013,20
2026-03-08,S013,SKU00013,12
2026-03-01,S013,SKU00013,28
2026-02-22,S013,SKU00013,28
2026-04-12,S015,SKU00071,1
2026-04-05,S015,SKU00071,1
2026-03-29,S015,SKU00071,1
2026-03-15,S015,SKU00071,1
2026-03-08,S015,SKU00071,1
2026-03-01,S015,SKU00071,1
2026-02-22,S015,SKU00071,1
2026-04-12,S012,SKU00057,1
2026-04-05,S012,SKU00057,2
2026-03-29,S012,SKU00057,1
2026-03-22,S012,SKU00057,2
2026-03-15,S012,SKU00057,2
2026-03-08,S012,SKU00057,2
2026-03-01,S012,SKU00057,2
2026-02-22,S012,SKU00057,2
2026-04-12,S023,SKU00002,4
2026-04-05,S023,SKU00002,5
2026-03-29,S023,SKU00002,7
2026-03-22,S023,SKU00002,7
2026-03-15,S023,SKU00002,5
2026-03-08,S023,SKU00002,3
2026-03-01,S023,SKU00002,7
2026-02-22,S023,SKU00002,4
2026-04-12,S047,SKU00023,14
2026-04-05,S047,SKU00023,10
2026-03-29,S047,SKU00023,6
2026-03-22,S047,SKU00023,10
2026-03-15,S047,SKU00023,5
2026-03-08,S047,SKU00023,12
2026-03-01,S047,SKU00023,8
2026-02-22,S047,SKU00023,10
2026-04-12,S022,SKU00059,1
2026-04-05,S022,SKU00059,1
2026-03-29,S022,SKU00059,1
2026-03-22,S022,SKU00059,1
2026-03-08,S022,SKU00059,1
2026-04-12,S042,SKU00056,2
2026-04-05,S042,SKU00056,2
2026-03-29,S042,SKU00056,4
2026-03-22,S042,SKU00056,3
2026-03-15,S042,SKU00056,3
2026-03-08,S042,SKU00056,1
2026-03-01,S042,SKU00056,3
2026-02-22,S042,SKU00056,3
2026-04-12,S021,SKU00002,11
2026-04-05,S021,SKU00002,11
2026-03-29,S021,SKU00002,14
2026-03-22,S021,SKU00002,8
2026-03-15,S021,SKU00002,10
2026-03-08,S021,SKU00002,13
2026-03-01,S021,SKU00002,15
2026-02-22,S021,SKU00002,13
2026-04-12,S060,SKU00059,2
2026-04-05,S060,SKU00059,1
2026-03-15,S060,SKU00059,1
2026-03-08,S060,SKU00059,1
2026-02-22,S060,SKU00059,2
2026-04-12,S048,SKU00026,1
2026-03-29,S048,SKU00026,1
2026-03-15,S048,SKU00026,2
2026-03-08,S048,SKU00026,2
2026-03-01,S048,SKU00026,1
2026-02-22,S048,SKU00026,2
2026-04-12,S047,SKU00027,9
2026-03-29,S047,SKU00027,5
2026-03-08,S047,SKU00027,3
2026-02-22,S047,SKU00027,6
2026-04-12,S019,SKU00010,11
2026-04-05,S019,SKU00010,9
2026-03-29,S019,SKU00010,11
2026-03-22,S019,SKU00010,12
2026-03-15,S019,SKU00010,14
2026-03-08,S019,SKU00010,8
2026-03-01,S019,SKU00010,10
2026-02-22,S019,SKU00010,12
2026-04-12,S010,SKU00006,13
2026-04-05,S010,SKU00006,16
2026-03-29,S010,SKU00006,22
2026-03-22,S010,SKU00006,19
2026-03-15,S010,SKU00006,18
2026-03-08,S010,SKU00006,23
2026-03-01,S010,SKU00006,16
2026-02-22,S010,SKU00006,17
2026-04-12,S006,SKU00068,4
2026-04-05,S006,SKU00068,2
2026-03-29,S006,SKU00068,3
2026-03-22,S006,SKU00068,4
2026-03-15,S006,SKU00068,4
2026-03-08,S006,SKU00068,4
2026-03-01,S006,SKU00068,2
2026-02-22,S006,SKU00068,3
2026-04-12,S009,SKU00018,25
2026-04-05,S009,SKU00018,18
2026-03-29,S009,SKU00018,19
2026-03-22,S009,SKU00018,26
2026-03-15,S009,SKU00018,21
2026-03-08,S009,SKU00018,23
2026-03-01,S009,SKU00018,28
2026-02-22,S009,SKU00018,19
2026-04-12,S030,SKU00008,3
2026-04-05,S030,SKU00008,4
2026-03-29,S030,SKU00008,4
2026-03-22,S030,SKU00008,4
2026-03-15,S030,SKU00008,3
2026-03-08,S030,SKU00008,4
2026-03-01,S030,SKU00008,4
2026-02-22,S030,SKU00008,4
2026-04-12,S049,SKU00070,1
2026-04-05,S049,SKU00070,1
2026-03-22,S049,SKU00070,1
2026-03-15,S049,SKU00070,2
2026-04-12,S034,SKU00070,2
2026-04-05,S034,SKU00070,1
2026-03-29,S034,SKU00070,2
2026-03-22,S034,SKU00070,1
2026-03-15,S034,SKU00070,1
2026-03-08,S034,SKU00070,1
2026-02-22,S034,SKU00070,1
2026-04-12,S015,SKU00047,5
2026-04-05,S015,SKU00047,6
2026-03-29,S015,SKU00047,6
2026-03-22,S015,SKU00047,5
2026-03-15,S015,SKU00047,7
2026-03-08,S015,SKU00047,5
2026-03-01,S015,SKU00047,6
2026-02-22,S015,SKU00047,6
2026-04-05,S053,SKU00012,2
2026-03-22,S053,SKU00012,3
2026-03-15,S053,SKU00012,1
2026-03-08,S053,SKU00012,2
2026-03-01,S053,SKU00012,2
2026-04-12,S051,SKU00021,2
2026-04-05,S051,SKU00021,3
2026-03-22,S051,SKU00021,3
2026-03-15,S051,SKU00021,3
2026-03-01,S051,SKU00021,2
2026-02-22,S051,SKU00021,1
2026-04-12,S061,SKU00029,1
2026-04-05,S061,SKU00029,2
2026-03-29,S061,SKU00029,4
2026-03-22,S061,SKU00029,3
2026-03-15,S061,SKU00029,5
2026-03-08,S061,SKU00029,7
2026-03-01,S061,SKU00029,7
2026-02-22,S061,SKU00029,4
2026-04-12,S002,SKU00066,1
2026-04-05,S002,SKU00066,2
2026-03-29,S002,SKU00066,2
2026-03-22,S002,SKU00066,1
2026-03-15,S002,SKU00066,1
2026-03-08,S002,SKU00066,1
2026-03-01,S002,SKU00066,1
2026-02-22,S002,SKU00066,1
2026-04-12,S009,SKU00021,21
2026-04-05,S009,SKU00021,16
2026-03-29,S009,SKU00021,15
2026-03-22,S009,SKU00021,17
2026-03-15,S009,SKU00021,21
2026-03-08,S009,SKU00021,17
2026-03-01,S009,SKU00021,19
2026-02-22,S009,SKU00021,15
2026-04-12,S014,SKU00012,5
2026-04-05,S014,SKU00012,1
2026-03-29,S014,SKU00012,4
2026-03-22,S014,SKU00012,4
2026-03-15,S014,SKU00012,4
2026-03-08,S014,SKU00012,2
2026-03-01,S014,SKU00012,5
2026-02-22,S014,SKU00012,4
2026-04-12,S034,SKU00004,15
2026-04-05,S034,SKU00004,10
2026-03-29,S034,SKU00004,14
2026-03-22,S034,SKU00004,14
2026-03-15,S034,SKU00004,15
2026-03-08,S034,SKU00004,7
2026-03-01,S034,SKU00004,9
2026-02-22,S034,SKU00004,17
2026-04-12,S015,SKU00014,5
2026-04-05,S015,SKU00014,7
2026-03-29,S015,SKU00014,6
2026-03-22,S015,SKU00014,6
2026-03-15,S015,SKU00014,5
2026-03-08,S015,SKU00014,5
2026-03-01,S015,SKU00014,5
2026-02-22,S015,SKU00014,7
2026-03-01,S055,SKU00070,1
2026-02-22,S055,SKU00070,1
2026-04-05,S061,SKU00051,2
2026-03-15,S061,SKU00051,2
2026-03-08,S061,SKU00051,1
2026-03-01,S061,SKU00051,2
2026-02-22,S061,SKU00051,2
2026-04-12,S041,SKU00066,5
2026-04-05,S041,SKU00066,3
2026-03-29,S041,SKU00066,3
2026-03-22,S041,SKU00066,2
2026-03-15,S041,SKU00066,3
2026-03-08,S041,SKU00066,3
2026-03-01,S041,SKU00066,2
2026-02-22,S041,SKU00066,3
2026-04-12,S005,SKU00010,10
2026-04-05,S005,SKU00010,12
2026-03-29,S005,SKU00010,11
2026-03-22,S005,SKU00010,9
2026-03-15,S005,SKU00010,12
2026-03-08,S005,SKU00010,13
2026-03-01,S005,SKU00010,9
2026-02-22,S005,SKU00010,10
2026-04-12,S003,SKU00043,6
2026-04-05,S003,SKU00043,8
2026-03-29,S003,SKU00043,5
2026-03-22,S003,SKU00043,8
2026-03-15,S003,SKU00043,9
2026-03-08,S003,SKU00043,5
2026-03-01,S003,SKU00043,7
2026-02-22,S003,SKU00043,9
2026-04-12,S016,SKU00032,7
2026-04-05,S016,SKU00032,5
2026-03-29,S016,SKU00032,6
2026-03-22,S016,SKU00032,8
2026-03-15,S016,SKU00032,7
2026-03-08,S016,SKU00032,5
2026-03-01,S016,SKU00032,7
2026-02-22,S016,SKU00032,6
2026-04-12,S061,SKU00046,6
2026-04-05,S061,SKU00046,1
2026-03-29,S061,SKU00046,7
2026-03-15,S061,SKU00046,11
2026-03-08,S061,SKU00046,5
2026-03-01,S061,SKU00046,8
2026-02-22,S061,SKU00046,6
2026-04-12,S011,SKU00019,18
2026-04-05,S011,SKU00019,32
2026-03-29,S011,SKU00019,24
2026-03-22,S011,SKU00019,27
2026-03-15,S011,SKU00019,32
2026-03-08,S011,SKU00019,33
2026-03-01,S011,SKU00019,24
2026-02-22,S011,SKU00019,27
2026-04-05,S014,SKU00069,1
2026-03-29,S014,SKU00069,1
2026-03-22,S014,SKU00069,1
2026-03-15,S014,SKU00069,1
2026-03-08,S014,SKU00069,1
2026-03-01,S014,SKU00069,1
2026-04-12,S065,SKU00004,2
2026-04-05,S065,SKU00004,1
2026-03-29,S065,SKU00004,3
2026-03-22,S065,SKU00004,3
2026-03-08,S065,SKU00004,4
2026-03-01,S065,SKU00004,4
2026-02-22,S065,SKU00004,1
2026-04-12,S052,SKU00019,5
2026-04-05,S052,SKU00019,4
2026-03-22,S052,SKU00019,2
2026-03-15,S052,SKU00019,4
2026-03-08,S052,SKU00019,3
2026-02-22,S052,SKU00019,1
2026-04-12,S031,SKU00051,2
2026-04-05,S031,SKU00051,2
2026-03-29,S031,SKU00051,2
2026-03-22,S031,SKU00051,2
2026-03-15,S031,SKU00051,2
2026-03-08,S031,SKU00051,2
2026-03-01,S031,SKU00051,2
2026-02-22,S031,SKU00051,1
2026-04-12,S011,SKU00055,1
2026-04-05,S011,SKU00055,1
2026-03-29,S011,SKU00055,1
2026-03-22,S011,SKU00055,1
2026-03-15,S011,SKU00055,1
2026-03-08,S011,SKU00055,1
2026-03-01,S011,SKU00055,1
2026-02-22,S011,SKU00055,1
2026-04-12,S020,SKU00022,12
2026-04-05,S020,SKU00022,12
2026-03-29,S020,SKU00022,8
2026-03-22,S020,SKU00022,11
2026-03-15,S020,SKU00022,7
2026-03-08,S020,SKU00022,9
2026-03-01,S020,SKU00022,9
2026-02-22,S020,SKU00022,11
2026-04-12,S031,SKU00001,6
2026-04-05,S031,SKU00001,5
2026-03-29,S031,SKU00001,6
2026-03-22,S031,SKU00001,2
2026-03-15,S031,SKU00001,7
2026-03-08,S031,SKU00001,4
2026-03-01,S031,SKU00001,7
2026-02-22,S031,SKU00001,8
2026-04-12,S016,SKU00061,5
2026-04-05,S016,SKU00061,5
2026-03-29,S016,SKU00061,4
2026-03-22,S016,SKU00061,4
2026-03-15,S016,SKU00061,4
2026-03-08,S016,SKU00061,4
2026-03-01,S016,SKU00061,3
2026-02-22,S016,SKU00061,5
2026-04-12,S001,SKU00023,15
2026-04-05,S001,SKU00023,16
2026-03-29,S001,SKU00023,11
2026-03-22,S001,SKU00023,21
2026-03-15,S001,SKU00023,14
2026-03-08,S001,SKU00023,8
2026-03-01,S001,SKU00023,10
2026-02-22,S001,SKU00023,15
2026-04-12,S031,SKU00046,12
2026-04-05,S031,SKU00046,9
2026-03-29,S031,SKU00046,7
2026-03-22,S031,SKU00046,10
2026-03-15,S031,SKU00046,10
2026-03-08,S031,SKU00046,16
2026-03-01,S031,SKU00046,15
2026-02-22,S031,SKU00046,12
2026-04-12,S038,SKU00002,9
2026-04-05,S038,SKU00002,4
2026-03-29,S038,SKU00002,7
2026-03-22,S038,SKU00002,2
2026-03-15,S038,SKU00002,2
2026-03-08,S038,SKU00002,4
2026-03-01,S038,SKU00002,5
2026-02-22,S038,SKU00002,4
2026-04-12,S033,SKU00019,6
2026-04-05,S033,SKU00019,4
2026-03-29,S033,SKU00019,7
2026-03-22,S033,SKU00019,4
2026-03-15,S033,SKU00019,6
2026-03-08,S033,SKU00019,6
2026-03-01,S033,SKU00019,5
2026-02-22,S033,SKU00019,7
2026-04-12,S054,SKU00069,1
2026-04-12,S011,SKU00054,3
2026-04-05,S011,SKU00054,4
2026-03-29,S011,SKU00054,4
2026-03-22,S011,SKU00054,3
2026-03-15,S011,SKU00054,3
2026-03-08,S011,SKU00054,4
2026-03-01,S011,SKU00054,4
2026-02-22,S011,SKU00054,3
2026-04-12,S002,SKU00021,19
2026-04-05,S002,SKU00021,19
2026-03-29,S002,SKU00021,22
2026-03-22,S002,SKU00021,21
2026-03-15,S002,SKU00021,19
2026-03-08,S002,SKU00021,18
2026-03-01,S002,SKU00021,19
2026-02-22,S002,SKU00021,18
2026-04-12,S032,SKU00041,8
2026-04-05,S032,SKU00041,4
2026-03-29,S032,SKU00041,8
2026-03-22,S032,SKU00041,6
2026-03-15,S032,SKU00041,5
2026-03-08,S032,SKU00041,5
2026-03-01,S032,SKU00041,5
2026-02-22,S032,SKU00041,3
2026-04-12,S021,SKU00037,8
2026-04-05,S021,SKU00037,5
2026-03-29,S021,SKU00037,6
2026-03-22,S021,SKU00037,6
2026-03-15,S021,SKU00037,6
2026-03-08,S021,SKU00037,6
2026-03-01,S021,SKU00037,7
2026-02-22,S021,SKU00037,7
2026-04-12,S014,SKU00009,7
2026-04-05,S014,SKU00009,9
2026-03-29,S014,SKU00009,12
2026-03-22,S014,SKU00009,11
2026-03-15,S014,SKU00009,8
2026-03-08,S014,SKU00009,12
2026-03-01,S014,SKU00009,11
2026-02-22,S014,SKU00009,10
2026-04-12,S015,SKU00049,4
2026-04-05,S015,SKU00049,4
2026-03-29,S015,SKU00049,6
2026-03-22,S015,SKU00049,2
2026-03-15,S015,SKU00049,3
2026-03-08,S015,SKU00049,3
2026-03-01,S015,SKU00049,4
2026-02-22,S015,SKU00049,6
2026-04-12,S041,SKU00021,5
2026-04-05,S041,SKU00021,14
2026-03-29,S041,SKU00021,2
2026-03-22,S041,SKU00021,7
2026-03-15,S041,SKU00021,5
2026-03-08,S041,SKU00021,1
2026-03-01,S041,SKU00021,3
2026-02-22,S041,SKU00021,8
2026-04-12,S021,SKU00026,12
2026-04-05,S021,SKU00026,13
2026-03-29,S021,SKU00026,18
2026-03-22,S021,SKU00026,16
2026-03-15,S021,SKU00026,15
2026-03-08,S021,SKU00026,14
2026-03-01,S021,SKU00026,20
2026-02-22,S021,SKU00026,16
2026-04-12,S049,SKU00015,16
2026-04-05,S049,SKU00015,7
2026-03-29,S049,SKU00015,15
2026-03-22,S049,SKU00015,9
2026-03-15,S049,SKU00015,8
2026-03-08,S049,SKU00015,8
2026-03-01,S049,SKU00015,2
2026-02-22,S049,SKU00015,17
2026-04-12,S027,SKU00012,6
2026-04-05,S027,SKU00012,12
2026-03-29,S027,SKU00012,12
2026-03-22,S027,SKU00012,11
2026-03-15,S027,SKU00012,7
2026-03-08,S027,SKU00012,11
2026-03-01,S027,SKU00012,21
2026-02-22,S027,SKU00012,7
2026-04-12,S012,SKU00071,2
2026-04-05,S012,SKU00071,3
2026-03-29,S012,SKU00071,5
2026-03-22,S012,SKU00071,4
2026-03-15,S012,SKU00071,4
2026-03-08,S012,SKU00071,3
2026-03-01,S012,SKU00071,3
2026-02-22,S012,SKU00071,5
2026-04-12,S032,SKU00039,3
2026-04-05,S032,SKU00039,3
2026-03-29,S032,SKU00039,5
2026-03-22,S032,SKU00039,3
2026-03-15,S032,SKU00039,2
2026-03-08,S032,SKU00039,2
2026-03-01,S032,SKU00039,2
2026-02-22,S032,SKU00039,4
2026-04-12,S062,SKU00073,2
2026-04-05,S062,SKU00073,2
2026-03-29,S062,SKU00073,1
2026-03-22,S062,SKU00073,1
2026-03-15,S062,SKU00073,3
2026-03-08,S062,SKU00073,2
2026-03-01,S062,SKU00073,2
2026-02-22,S062,SKU00073,2
2026-04-12,S019,SKU00018,8
2026-04-05,S019,SKU00018,5
2026-03-29,S019,SKU00018,8
2026-03-22,S019,SKU00018,7
2026-03-15,S019,SKU00018,9
2026-03-08,S019,SKU00018,11
2026-03-01,S019,SKU00018,11
2026-02-22,S019,SKU00018,9
2026-04-12,S002,SKU00006,4
2026-04-05,S002,SKU00006,6
2026-03-29,S002,SKU00006,6
2026-03-22,S002,SKU00006,5
2026-03-15,S002,SKU00006,5
2026-03-08,S002,SKU00006,6
2026-03-01,S002,SKU00006,4
2026-02-22,S002,SKU00006,3
2026-04-12,S057,SKU00030,3
2026-04-05,S057,SKU00030,2
2026-03-29,S057,SKU00030,3
2026-03-22,S057,SKU00030,2
2026-03-15,S057,SKU00030,3
2026-03-08,S057,SKU00030,3
2026-03-01,S057,SKU00030,3
2026-02-22,S057,SKU00030,3
2026-04-12,S045,SKU00021,4
2026-04-05,S045,SKU00021,3
2026-03-29,S045,SKU00021,3
2026-03-22,S045,SKU00021,4
2026-03-15,S045,SKU00021,6
2026-03-08,S045,SKU00021,6
2026-03-01,S045,SKU00021,3
2026-02-22,S045,SKU00021,6
2026-04-12,S007,SKU00037,21
2026-04-05,S007,SKU00037,29
2026-03-29,S007,SKU00037,33
2026-03-22,S007,SKU00037,27
2026-03-15,S007,SKU00037,32
2026-03-08,S007,SKU00037,27
2026-03-01,S007,SKU00037,33
2026-02-22,S007,SKU00037,21
2026-04-12,S040,SKU00035,2
2026-04-05,S040,SKU00035,2
2026-03-29,S040,SKU00035,3
2026-03-22,S040,SKU00035,3
2026-03-15,S040,SKU00035,3
2026-03-08,S040,SKU00035,3
2026-03-01,S040,SKU00035,2
2026-02-22,S040,SKU00035,1
2026-04-12,S040,SKU00030,17
2026-04-05,S040,SKU00030,17
2026-03-29,S040,SKU00030,13
2026-03-22,S040,SKU00030,15
2026-03-15,S040,SKU00030,11
2026-03-08,S040,SKU00030,16
2026-03-01,S040,SKU00030,20
2026-02-22,S040,SKU00030,15
2026-04-12,S006,SKU00010,3
2026-04-05,S006,SKU00010,3
2026-03-29,S006,SKU00010,3
2026-03-22,S006,SKU00010,3
2026-03-15,S006,SKU00010,2
2026-03-08,S006,SKU00010,3
2026-03-01,S006,SKU00010,1
2026-02-22,S006,SKU00010,3
2026-04-12,S024,SKU00016,3
2026-04-05,S024,SKU00016,3
2026-03-29,S024,SKU00016,2
2026-03-22,S024,SKU00016,5
2026-03-15,S024,SKU00016,4
2026-03-08,S024,SKU00016,2
2026-03-01,S024,SKU00016,5
2026-02-22,S024,SKU00016,3
2026-04-12,S028,SKU00023,6
2026-04-05,S028,SKU00023,13
2026-03-29,S028,SKU00023,9
2026-03-22,S028,SKU00023,11
2026-03-15,S028,SKU00023,8
2026-03-08,S028,SKU00023,14
2026-03-01,S028,SKU00023,15
2026-02-22,S028,SKU00023,13
2026-04-12,S043,SKU00011,6
2026-04-05,S043,SKU00011,5
2026-03-29,S043,SKU00011,6
2026-03-22,S043,SKU00011,6
2026-03-15,S043,SKU00011,6
2026-03-08,S043,SKU00011,6
2026-03-01,S043,SKU00011,12
2026-02-22,S043,SKU00011,8
2026-04-05,S055,SKU00015,1
2026-03-29,S055,SKU00015,1
2026-03-22,S055,SKU00015,1
2026-03-08,S055,SKU00015,2
2026-03-01,S055,SKU00015,4
2026-02-22,S055,SKU00015,1
2026-04-12,S055,SKU00020,7
2026-04-05,S055,SKU00020,4
2026-03-29,S055,SKU00020,9
2026-03-22,S055,SKU00020,6
2026-03-15,S055,SKU00020,8
2026-03-08,S055,SKU00020,7
2026-03-01,S055,SKU00020,5
2026-02-22,S055,SKU00020,7
2026-04-12,S055,SKU00053,1
2026-04-05,S055,SKU00053,1
2026-03-01,S055,SKU00053,1
2026-02-22,S055,SKU00053,1
2026-04-12,S036,SKU00042,3
2026-04-05,S036,SKU00042,4
2026-03-29,S036,SKU00042,3
2026-03-22,S036,SKU00042,4
2026-03-15,S036,SKU00042,4
2026-03-08,S036,SKU00042,4
2026-03-01,S036,SKU00042,2
2026-02-22,S036,SKU00042,3
2026-04-12,S007,SKU00026,12
2026-04-05,S007,SKU00026,17
2026-03-29,S007,SKU00026,14
2026-03-22,S007,SKU00026,14
2026-03-15,S007,SKU00026,16
2026-03-08,S007,SKU00026,16
2026-03-01,S007,SKU00026,15
2026-02-22,S007,SKU00026,14
2026-04-12,S008,SKU00007,7
2026-04-05,S008,SKU00007,4
2026-03-29,S008,SKU00007,5
2026-03-22,S008,SKU00007,6
2026-03-15,S008,SKU00007,5
2026-03-08,S008,SKU00007,4
2026-03-01,S008,SKU00007,6
2026-02-22,S008,SKU00007,5
2026-04-12,S030,SKU00040,11
2026-04-05,S030,SKU00040,10
2026-03-29,S030,SKU00040,11
2026-03-22,S030,SKU00040,9
2026-03-15,S030,SKU00040,14
2026-03-08,S030,SKU00040,13
2026-03-01,S030,SKU00040,14
2026-02-22,S030,SKU00040,12
2026-04-12,S013,SKU00060,1
2026-04-05,S013,SKU00060,1
2026-03-29,S013,SKU00060,1
2026-03-22,S013,SKU00060,1
2026-03-15,S013,SKU00060,1
2026-03-08,S013,SKU00060,1
2026-03-01,S013,SKU00060,1
2026-02-22,S013,SKU00060,1
2026-04-12,S018,SKU00041,5
2026-04-05,S018,SKU00041,5
2026-03-29,S018,SKU00041,5
2026-03-22,S018,SKU00041,5
2026-03-15,S018,SKU00041,4
2026-03-08,S018,SKU00041,4
2026-03-01,S018,SKU00041,6
2026-02-22,S018,SKU00041,4
2026-04-12,S004,SKU00038,14
2026-04-05,S004,SKU00038,21
2026-03-29,S004,SKU00038,19
2026-03-22,S004,SKU00038,16
2026-03-15,S004,SKU00038,18
2026-03-08,S004,SKU00038,14
2026-03-01,S004,SKU00038,22
2026-02-22,S004,SKU00038,22
2026-04-12,S004,SKU00025,10
2026-04-05,S004,SKU00025,7
2026-03-29,S004,SKU00025,11
2026-03-22,S004,SKU00025,10
2026-03-15,S004,SKU00025,11
2026-03-08,S004,SKU00025,11
2026-03-01,S004,SKU00025,10
2026-02-22,S004,SKU00025,9
2026-04-12,S005,SKU00018,4
2026-04-05,S005,SKU00018,5
2026-03-29,S005,SKU00018,4
2026-03-22,S005,SKU00018,5
2026-03-15,S005,SKU00018,6
2026-03-08,S005,SKU00018,3
2026-03-01,S005,SKU00018,6
2026-02-22,S005,SKU00018,4
2026-04-12,S029,SKU00019,10
2026-04-05,S029,SKU00019,18
2026-03-29,S029,SKU00019,15
2026-03-22,S029,SKU00019,13
2026-03-15,S029,SKU00019,11
2026-03-08,S029,SKU00019,14
2026-03-01,S029,SKU00019,12
2026-02-22,S029,SKU00019,16
2026-04-12,S011,SKU00008,10
2026-04-05,S011,SKU00008,12
2026-03-29,S011,SKU00008,8
2026-03-22,S011,SKU00008,11
2026-03-15,S011,SKU00008,12
2026-03-08,S011,SKU00008,10
2026-03-01,S011,SKU00008,9
2026-02-22,S011,SKU00008,9
2026-04-12,S004,SKU00007,9
2026-04-05,S004,SKU00007,7
2026-03-29,S004,SKU00007,6
2026-03-22,S004,SKU00007,8
2026-03-15,S004,SKU00007,8
2026-03-08,S004,SKU00007,8
2026-03-01,S004,SKU00007,9
2026-02-22,S004,SKU00007,9
2026-04-12,S018,SKU00039,5
2026-04-05,S018,SKU00039,4
2026-03-29,S018,SKU00039,4
2026-03-22,S018,SKU00039,4
2026-03-15,S018,SKU00039,5
2026-03-08,S018,SKU00039,6
2026-03-01,S018,SKU00039,11
2026-02-22,S018,SKU00039,6
2026-04-12,S052,SKU00044,8
2026-04-05,S052,SKU00044,5
2026-03-29,S052,SKU00044,6
2026-03-22,S052,SKU00044,9
2026-03-15,S052,SKU00044,7
2026-03-08,S052,SKU00044,5
2026-03-01,S052,SKU00044,3
2026-02-22,S052,SKU00044,4
2026-03-29,S023,SKU00069,1
2026-03-22,S023,SKU00069,1
2026-03-15,S023,SKU00069,1
2026-03-22,S029,SKU00055,1
2026-03-15,S029,SKU00055,1
2026-02-22,S029,SKU00055,1
2026-04-12,S008,SKU00073,4
2026-04-05,S008,SKU00073,4
2026-03-29,S008,SKU00073,3
2026-03-22,S008,SKU00073,5
2026-03-15,S008,SKU00073,4
2026-03-08,S008,SKU00073,5
2026-03-01,S008,SKU00073,4
2026-02-22,S008,SKU00073,3
2026-04-12,S032,SKU00006,6
2026-04-05,S032,SKU00006,10
2026-03-29,S032,SKU00006,2
2026-03-22,S032,SKU00006,4
2026-03-15,S032,SKU00006,8
2026-03-08,S032,SKU00006,5
2026-03-01,S032,SKU00006,8
2026-02-22,S032,SKU00006,2
2026-04-12,S038,SKU00037,11
2026-04-05,S038,SKU00037,14
2026-03-29,S038,SKU00037,10
2026-03-22,S038,SKU00037,15
2026-03-15,S038,SKU00037,14
2026-03-08,S038,SKU00037,10
2026-03-01,S038,SKU00037,16
2026-02-22,S038,SKU00037,11
2026-04-12,S023,SKU00074,2
2026-04-05,S023,SKU00074,2
2026-03-29,S023,SKU00074,2
2026-03-22,S023,SKU00074,2
2026-03-15,S023,SKU00074,1
2026-03-08,S023,SKU00074,2
2026-03-01,S023,SKU00074,1
2026-02-22,S023,SKU00074,1
2026-04-12,S033,SKU00063,3
2026-04-05,S033,SKU00063,1
2026-03-29,S033,SKU00063,2
2026-03-22,S033,SKU00063,2
2026-03-15,S033,SKU00063,1
2026-03-08,S033,SKU00063,3
2026-03-01,S033,SKU00063,1
2026-02-22,S033,SKU00063,1
2026-04-12,S027,SKU00057,1
2026-04-05,S027,SKU00057,3
2026-03-29,S027,SKU00057,3
2026-03-22,S027,SKU00057,4
2026-03-15,S027,SKU00057,3
2026-03-08,S027,SKU00057,3
2026-03-01,S027,SKU00057,3
2026-02-22,S027,SKU00057,2
2026-04-12,S038,SKU00026,9
2026-04-05,S038,SKU00026,7
2026-03-29,S038,SKU00026,4
2026-03-22,S038,SKU00026,10
2026-03-15,S038,SKU00026,6
2026-03-08,S038,SKU00026,14
2026-03-01,S038,SKU00026,10
2026-02-22,S038,SKU00026,6
2026-04-12,S004,SKU00073,3
2026-04-05,S004,SKU00073,1
2026-03-29,S004,SKU00073,2
2026-03-22,S004,SKU00073,2
2026-03-15,S004,SKU00073,2
2026-03-08,S004,SKU00073,2
2026-03-01,S004,SKU00073,2
2026-02-22,S004,SKU00073,2
2026-04-12,S021,SKU00074,1
2026-04-05,S021,SKU00074,1
2026-03-29,S021,SKU00074,2
2026-03-22,S021,SKU00074,1
2026-03-15,S021,SKU00074,2
2026-03-08,S021,SKU00074,1
2026-03-01,S021,SKU00074,1
2026-02-22,S021,SKU00074,1
2026-04-12,S044,SKU00043,19
2026-04-05,S044,SKU00043,15
2026-03-29,S044,SKU00043,19
2026-03-22,S044,SKU00043,19
2026-03-15,S044,SKU00043,15
2026-03-08,S044,SKU00043,16
2026-03-01,S044,SKU00043,20
2026-02-22,S044,SKU00043,15
2026-04-12,S001,SKU00028,21
2026-04-05,S001,SKU00028,19
2026-03-29,S001,SKU00028,17
2026-03-22,S001,SKU00028,16
2026-03-15,S001,SKU00028,14
2026-03-08,S001,SKU00028,13
2026-03-01,S001,SKU00028,22
2026-02-22,S001,SKU00028,18
2026-04-12,S006,SKU00066,4
2026-04-05,S006,SKU00066,4
2026-03-29,S006,SKU00066,3
2026-03-22,S006,SKU00066,4
2026-03-15,S006,SKU00066,3
2026-03-08,S006,SKU00066,4
2026-03-01,S006,SKU00066,4
2026-02-22,S006,SKU00066,5
2026-04-12,S057,SKU00020,5
2026-04-05,S057,SKU00020,1
2026-03-29,S057,SKU00020,6
2026-03-22,S057,SKU00020,4
2026-03-15,S057,SKU00020,1
2026-03-01,S057,SKU00020,5
2026-04-05,S014,SKU00058,1
2026-03-01,S014,SKU00058,1
2026-04-12,S049,SKU00022,2
2026-04-05,S049,SKU00022,1
2026-03-29,S049,SKU00022,2
2026-03-22,S049,SKU00022,2
2026-03-15,S049,SKU00022,5
2026-03-08,S049,SKU00022,2
2026-03-01,S049,SKU00022,2
2026-02-22,S049,SKU00022,3
2026-04-12,S034,SKU00022,12
2026-04-05,S034,SKU00022,13
2026-03-29,S034,SKU00022,11
2026-03-22,S034,SKU00022,13
2026-03-15,S034,SKU00022,7
2026-03-08,S034,SKU00022,8
2026-03-01,S034,SKU00022,8
2026-02-22,S034,SKU00022,3
2026-04-12,S035,SKU00033,9
2026-04-05,S035,SKU00033,1
2026-03-29,S035,SKU00033,6
2026-03-22,S035,SKU00033,17
2026-03-15,S035,SKU00033,9
2026-03-08,S035,SKU00033,8
2026-03-01,S035,SKU00033,11
2026-02-22,S035,SKU00033,13
2026-04-12,S008,SKU00036,14
2026-04-05,S008,SKU00036,20
2026-03-29,S008,SKU00036,20
2026-03-22,S008,SKU00036,22
2026-03-15,S008,SKU00036,18
2026-03-08,S008,SKU00036,18
2026-03-01,S008,SKU00036,16
2026-02-22,S008,SKU00036,21
2026-04-12,S040,SKU00015,16
2026-04-05,S040,SKU00015,8
2026-03-29,S040,SKU00015,13
2026-03-22,S040,SKU00015,15
2026-03-15,S040,SKU00015,10
2026-03-08,S040,SKU00015,15
2026-03-01,S040,SKU00015,17
2026-02-22,S040,SKU00015,12
2026-04-12,S046,SKU00019,10
2026-04-05,S046,SKU00019,9
2026-03-29,S046,SKU00019,7
2026-03-22,S046,SKU00019,7
2026-03-01,S046,SKU00019,9
2026-02-22,S046,SKU00019,6
2026-04-12,S051,SKU00052,1
2026-04-05,S051,SKU00052,1
2026-03-29,S051,SKU00052,3
2026-03-22,S051,SKU00052,2
2026-03-15,S051,SKU00052,1
2026-02-22,S051,SKU00052,2
2026-04-12,S018,SKU00006,10
2026-04-05,S018,SKU00006,8
2026-03-29,S018,SKU00006,8
2026-03-22,S018,SKU00006,12
2026-03-15,S018,SKU00006,10
2026-03-08,S018,SKU00006,11
2026-03-01,S018,SKU00006,11
2026-02-22,S018,SKU00006,9
2026-04-12,S007,SKU00074,4
2026-04-05,S007,SKU00074,2
2026-03-29,S007,SKU00074,1
2026-03-22,S007,SKU00074,2
2026-03-15,S007,SKU00074,2
2026-03-08,S007,SKU00074,2
2026-03-01,S007,SKU00074,3
2026-02-22,S007,SKU00074,2
2026-04-12,S003,SKU00068,4
2026-04-05,S003,SKU00068,5
2026-03-29,S003,SKU00068,4
2026-03-22,S003,SKU00068,4
2026-03-15,S003,SKU00068,5
2026-03-08,S003,SKU00068,5
2026-03-01,S003,SKU00068,6
2026-02-22,S003,SKU00068,5
2026-03-29,S030,SKU00062,1
2026-03-22,S030,SKU00062,2
2026-03-15,S030,SKU00062,1
2026-03-08,S030,SKU00062,1
2026-03-01,S030,SKU00062,2
2026-02-22,S030,SKU00062,1
2026-04-12,S008,SKU00045,18
2026-04-05,S008,SKU00045,16
2026-03-29,S008,SKU00045,13
2026-03-22,S008,SKU00045,14
2026-03-15,S008,SKU00045,13
2026-03-08,S008,SKU00045,12
2026-03-01,S008,SKU00045,16
2026-02-22,S008,SKU00045,16
2026-04-12,S020,SKU00012,15
2026-04-05,S020,SKU00012,7
2026-03-29,S020,SKU00012,12
2026-03-22,S020,SKU00012,8
2026-03-15,S020,SKU00012,11
2026-03-08,S020,SKU00012,12
2026-03-01,S020,SKU00012,11
2026-02-22,S020,SKU00012,10
2026-04-12,S004,SKU00036,14
2026-04-05,S004,SKU00036,11
2026-03-29,S004,SKU00036,9
2026-03-22,S004,SKU00036,9
2026-03-15,S004,SKU00036,11
2026-03-08,S004,SKU00036,8
2026-03-01,S004,SKU00036,10
2026-02-22,S004,SKU00036,11
2026-04-12,S058,SKU00026,10
2026-04-05,S058,SKU00026,8
2026-03-29,S058,SKU00026,2
2026-03-22,S058,SKU00026,5
2026-03-15,S058,SKU00026,12
2026-03-08,S058,SKU00026,6
2026-03-01,S058,SKU00026,5
2026-02-22,S058,SKU00026,10
2026-04-12,S017,SKU00017,7
2026-04-05,S017,SKU00017,11
2026-03-29,S017,SKU00017,12
2026-03-22,S017,SKU00017,17
2026-03-15,S017,SKU00017,22
2026-03-08,S017,SKU00017,15
2026-03-01,S017,SKU00017,18
2026-02-22,S017,SKU00017,17
2026-04-12,S043,SKU00024,6
2026-04-05,S043,SKU00024,11
2026-03-29,S043,SKU00024,6
2026-03-22,S043,SKU00024,9
2026-03-15,S043,SKU00024,7
2026-03-08,S043,SKU00024,8
2026-03-01,S043,SKU00024,9
2026-02-22,S043,SKU00024,9
2026-04-12,S030,SKU00042,9
2026-04-05,S030,SKU00042,6
2026-03-29,S030,SKU00042,5
2026-03-22,S030,SKU00042,5
2026-03-15,S030,SKU00042,5
2026-03-08,S030,SKU00042,5
2026-03-01,S030,SKU00042,4
2026-02-22,S030,SKU00042,11
2026-04-12,S017,SKU00039,10
2026-04-05,S017,SKU00039,19
2026-03-29,S017,SKU00039,14
2026-03-22,S017,SKU00039,18
2026-03-15,S017,SKU00039,15
2026-03-08,S017,SKU00039,14
2026-03-01,S017,SKU00039,13
2026-02-22,S017,SKU00039,15
2026-04-12,S007,SKU00009,4
2026-04-05,S007,SKU00009,6
2026-03-29,S007,SKU00009,8
2026-03-22,S007,SKU00009,7
2026-03-15,S007,SKU00009,6
2026-03-08,S007,SKU00009,5
2026-03-01,S007,SKU00009,5
2026-02-22,S007,SKU00009,4
2026-04-12,S015,SKU00043,4
2026-04-05,S015,SKU00043,2
2026-03-29,S015,SKU00043,3
2026-03-22,S015,SKU00043,4
2026-03-15,S015,SKU00043,4
2026-03-08,S015,SKU00043,4
2026-03-01,S015,SKU00043,5
2026-02-22,S015,SKU00043,3
2026-04-12,S014,SKU00071,6
2026-04-05,S014,SKU00071,4
2026-03-29,S014,SKU00071,4
2026-03-22,S014,SKU00071,5
2026-03-15,S014,SKU00071,6
2026-03-08,S014,SKU00071,5
2026-03-01,S014,SKU00071,4
2026-02-22,S014,SKU00071,5
2026-04-12,S028,SKU00028,17
2026-04-05,S028,SKU00028,9
2026-03-29,S028,SKU00028,16
2026-03-22,S028,SKU00028,17
2026-03-15,S028,SKU00028,17
2026-03-08,S028,SKU00028,16
2026-03-01,S028,SKU00028,23
2026-02-22,S028,SKU00028,19
2026-04-12,S029,SKU00008,3
2026-04-05,S029,SKU00008,19
2026-03-29,S029,SKU00008,8
2026-03-22,S029,SKU00008,10
2026-03-15,S029,SKU00008,15
2026-03-08,S029,SKU00008,10
2026-03-01,S029,SKU00008,11
2026-02-22,S029,SKU00008,11
2026-04-12,S004,SKU00045,10
2026-04-05,S004,SKU00045,13
2026-03-29,S004,SKU00045,11
2026-03-22,S004,SKU00045,10
2026-03-15,S004,SKU00045,9
2026-03-08,S004,SKU00045,14
2026-03-01,S004,SKU00045,8
2026-02-22,S004,SKU00045,9
2026-04-12,S006,SKU00021,18
2026-04-05,S006,SKU00021,13
2026-03-29,S006,SKU00021,13
2026-03-22,S006,SKU00021,22
2026-03-15,S006,SKU00021,24
2026-03-08,S006,SKU00021,18
2026-03-01,S006,SKU00021,21
2026-02-22,S006,SKU00021,18
2026-04-12,S007,SKU00057,1
2026-04-05,S007,SKU00057,2
2026-03-29,S007,SKU00057,2
2026-03-22,S007,SKU00057,1
2026-03-15,S007,SKU00057,1
2026-03-08,S007,SKU00057,1
2026-03-01,S007,SKU00057,2
2026-02-22,S007,SKU00057,2
2026-04-12,S030,SKU00027,3
2026-04-05,S030,SKU00027,3
2026-03-29,S030,SKU00027,3
2026-03-22,S030,SKU00027,3
2026-03-15,S030,SKU00027,4
2026-03-08,S030,SKU00027,5
2026-03-01,S030,SKU00027,2
2026-02-22,S030,SKU00027,2
2026-04-12,S010,SKU00056,1
2026-04-05,S010,SKU00056,1
2026-03-22,S010,SKU00056,1
2026-03-08,S010,SKU00056,1
2026-03-01,S010,SKU00056,1
2026-04-12,S043,SKU00051,1
2026-04-05,S043,SKU00051,2
2026-03-29,S043,SKU00051,2
2026-03-22,S043,SKU00051,3
2026-03-15,S043,SKU00051,3
2026-03-08,S043,SKU00051,2
2026-03-01,S043,SKU00051,2
2026-02-22,S043,SKU00051,3
2026-04-12,S047,SKU00035,6
2026-03-29,S047,SKU00035,2
2026-03-22,S047,SKU00035,1
2026-03-15,S047,SKU00035,2
2026-03-08,S047,SKU00035,3
2026-03-01,S047,SKU00035,4
2026-02-22,S047,SKU00035,1
2026-04-12,S002,SKU00052,1
2026-04-05,S002,SKU00052,2
2026-03-29,S002,SKU00052,2
2026-03-22,S002,SKU00052,3
2026-03-15,S002,SKU00052,2
2026-03-08,S002,SKU00052,2
2026-03-01,S002,SKU00052,2
2026-02-22,S002,SKU00052,2
2026-04-12,S011,SKU00040,25
2026-04-05,S011,SKU00040,30
2026-03-29,S011,SKU00040,22
2026-03-22,S011,SKU00040,20
2026-03-15,S011,SKU00040,23
2026-03-08,S011,SKU00040,24
2026-03-01,S011,SKU00040,29
2026-02-22,S011,SKU00040,26
2026-04-05,S038,SKU00074,1
2026-03-29,S038,SKU00074,2
2026-03-22,S038,SKU00074,1
2026-03-08,S038,SKU00074,1
2026-02-22,S038,SKU00074,1
2026-04-12,S043,SKU00001,4
2026-04-05,S043,SKU00001,4
2026-03-29,S043,SKU00001,6
2026-03-22,S043,SKU00001,3
2026-03-15,S043,SKU00001,6
2026-03-08,S043,SKU00001,6
2026-03-01,S043,SKU00001,6
2026-02-22,S043,SKU00001,5
2026-04-12,S014,SKU00047,17
2026-04-05,S014,SKU00047,18
2026-03-29,S014,SKU00047,16
2026-03-22,S014,SKU00047,21
2026-03-15,S014,SKU00047,14
2026-03-08,S014,SKU00047,25
2026-03-01,S014,SKU00047,20
2026-02-22,S014,SKU00047,21
2026-04-12,S053,SKU00014,9
2026-04-05,S053,SKU00014,10
2026-03-29,S053,SKU00014,5
2026-03-22,S053,SKU00014,7
2026-03-15,S053,SKU00014,10
2026-03-08,S053,SKU00014,9
2026-03-01,S053,SKU00014,1
2026-02-22,S053,SKU00014,7
2026-04-12,S063,SKU00059,1
2026-04-05,S063,SKU00059,1
2026-03-15,S063,SKU00059,2
2026-02-22,S063,SKU00059,1
2026-04-12,S045,SKU00052,1
2026-04-05,S045,SKU00052,1
2026-03-29,S045,SKU00052,3
2026-03-22,S045,SKU00052,3
2026-03-15,S045,SKU00052,2
2026-03-08,S045,SKU00052,3
2026-03-01,S045,SKU00052,2
2026-02-22,S045,SKU00052,3
2026-04-05,S048,SKU00047,1
2026-03-29,S048,SKU00047,1
2026-03-15,S048,SKU00047,1
2026-03-08,S048,SKU00047,2
2026-03-01,S048,SKU00047,2
2026-02-22,S048,SKU00047,2
2026-04-12,S026,SKU00021,4
2026-04-05,S026,SKU00021,5
2026-03-29,S026,SKU00021,5
2026-03-22,S026,SKU00021,5
2026-03-15,S026,SKU00021,4
2026-03-08,S026,SKU00021,4
2026-03-01,S026,SKU00021,4
2026-02-22,S026,SKU00021,5
2026-04-12,S014,SKU00014,13
2026-04-05,S014,SKU00014,10
2026-03-29,S014,SKU00014,11
2026-03-22,S014,SKU00014,18
2026-03-15,S014,SKU00014,15
2026-03-08,S014,SKU00014,14
2026-03-01,S014,SKU00014,17
2026-02-22,S014,SKU00014,7
2026-04-12,S058,SKU00069,1
2026-03-29,S058,SKU00069,1
2026-03-22,S058,SKU00069,2
2026-03-15,S058,SKU00069,1
2026-03-08,S058,SKU00069,1
2026-03-01,S058,SKU00069,1
2026-02-22,S058,SKU00069,1
2026-04-12,S019,SKU00061,3
2026-04-05,S019,SKU00061,3
2026-03-29,S019,SKU00061,3
2026-03-22,S019,SKU00061,5
2026-03-15,S019,SKU00061,2
2026-03-08,S019,SKU00061,4
2026-03-01,S019,SKU00061,3
2026-02-22,S019,SKU00061,3
2026-04-12,S027,SKU00071,3
2026-04-05,S027,SKU00071,2
2026-03-29,S027,SKU00071,3
2026-03-22,S027,SKU00071,1
2026-03-15,S027,SKU00071,2
2026-03-08,S027,SKU00071,3
2026-03-01,S027,SKU00071,3
2026-02-22,S027,SKU00071,4
2026-04-12,S062,SKU00018,7
2026-04-05,S062,SKU00018,5
2026-03-29,S062,SKU00018,15
2026-03-22,S062,SKU00018,15
2026-03-15,S062,SKU00018,5
2026-03-08,S062,SKU00018,6
2026-03-01,S062,SKU00018,8
2026-02-22,S062,SKU00018,9
2026-04-12,S023,SKU00059,1
2026-04-05,S023,SKU00059,2
2026-03-29,S023,SKU00059,1
2026-03-22,S023,SKU00059,1
2026-03-15,S023,SKU00059,1
2026-03-08,S023,SKU00059,2
2026-03-01,S023,SKU00059,2
2026-02-22,S023,SKU00059,1
2026-04-05,S038,SKU00057,2
2026-03-29,S038,SKU00057,3
2026-03-22,S038,SKU00057,2
2026-03-15,S038,SKU00057,2
2026-03-08,S038,SKU00057,2
2026-03-01,S038,SKU00057,1
2026-02-22,S038,SKU00057,1
2026-04-12,S019,SKU00052,2
2026-04-05,S019,SKU00052,2
2026-03-29,S019,SKU00052,2
2026-03-22,S019,SKU00052,2
2026-03-15,S019,SKU00052,2
2026-03-08,S019,SKU00052,2
2026-03-01,S019,SKU00052,2
2026-02-22,S019,SKU00052,2
2026-04-12,S058,SKU00074,1
2026-04-05,S058,SKU00074,1
2026-03-29,S058,SKU00074,1
2026-03-22,S058,SKU00074,3
2026-03-15,S058,SKU00074,1
2026-03-08,S058,SKU00074,1
2026-02-22,S058,SKU00074,1
2026-04-12,S005,SKU00032,29
2026-04-05,S005,SKU00032,19
2026-03-29,S005,SKU00032,26
2026-03-22,S005,SKU00032,25
2026-03-15,S005,SKU00032,23
2026-03-08,S005,SKU00032,27
2026-03-01,S005,SKU00032,30
2026-02-22,S005,SKU00032,32
2026-04-12,S016,SKU00019,14
2026-04-05,S016,SKU00019,12
2026-03-29,S016,SKU00019,10
2026-03-22,S016,SKU00019,7
2026-03-15,S016,SKU00019,10
2026-03-08,S016,SKU00019,14
2026-03-01,S016,SKU00019,8
2026-02-22,S016,SKU00019,11
2026-04-12,S020,SKU00033,5
2026-04-05,S020,SKU00033,5
2026-03-29,S020,SKU00033,6
2026-03-22,S020,SKU00033,7
2026-03-15,S020,SKU00033,7
2026-03-08,S020,SKU00033,7
2026-03-01,S020,SKU00033,4
2026-02-22,S020,SKU00033,5
2026-04-12,S031,SKU00004,6
2026-04-05,S031,SKU00004,14
2026-03-29,S031,SKU00004,1
2026-03-22,S031,SKU00004,8
2026-03-15,S031,SKU00004,13
2026-03-08,S031,SKU00004,15
2026-03-01,S031,SKU00004,7
2026-02-22,S031,SKU00004,7
2026-04-12,S043,SKU00005,12
2026-04-05,S043,SKU00005,14
2026-03-29,S043,SKU00005,11
2026-03-22,S043,SKU00005,4
2026-03-15,S043,SKU00005,8
2026-03-08,S043,SKU00005,6
2026-03-01,S043,SKU00005,10
2026-02-22,S043,SKU00005,6
2026-04-12,S016,SKU00055,1
2026-03-29,S016,SKU00055,1
2026-03-22,S016,SKU00055,1
2026-03-15,S016,SKU00055,1
2026-03-08,S016,SKU00055,1
2026-03-01,S016,SKU00055,1
2026-02-22,S016,SKU00055,1
2026-04-12,S039,SKU00017,4
2026-04-05,S039,SKU00017,3
2026-03-29,S039,SKU00017,3
2026-03-22,S039,SKU00017,2
2026-03-15,S039,SKU00017,1
2026-02-22,S039,SKU00017,2
2026-04-12,S017,SKU00032,22
2026-04-05,S017,SKU00032,9
2026-03-29,S017,SKU00032,20
2026-03-22,S017,SKU00032,17
2026-03-15,S017,SKU00032,17
2026-03-08,S017,SKU00032,11
2026-03-01,S017,SKU00032,12
2026-02-22,S017,SKU00032,8
2026-04-12,S058,SKU00009,5
2026-04-05,S058,SKU00009,12
2026-03-29,S058,SKU00009,6
2026-03-22,S058,SKU00009,6
2026-03-15,S058,SKU00009,4
2026-03-08,S058,SKU00009,12
2026-03-01,S058,SKU00009,7
2026-04-12,S013,SKU00038,19
2026-04-05,S013,SKU00038,18
2026-03-29,S013,SKU00038,14
2026-03-22,S013,SKU00038,11
2026-03-15,S013,SKU00038,16
2026-03-08,S013,SKU00038,25
2026-03-01,S013,SKU00038,9
2026-02-22,S013,SKU00038,24
2026-04-12,S055,SKU00072,2
2026-04-05,S055,SKU00072,1
2026-03-29,S055,SKU00072,2
2026-03-22,S055,SKU00072,3
2026-03-15,S055,SKU00072,1
2026-03-08,S055,SKU00072,2
2026-03-01,S055,SKU00072,1
2026-02-22,S055,SKU00072,1
2026-04-12,S016,SKU00054,1
2026-04-05,S016,SKU00054,2
2026-03-29,S016,SKU00054,2
2026-03-22,S016,SKU00054,2
2026-03-15,S016,SKU00054,2
2026-03-08,S016,SKU00054,2
2026-03-01,S016,SKU00054,3
2026-02-22,S016,SKU00054,2
2026-04-12,S013,SKU00025,9
2026-04-05,S013,SKU00025,13
2026-03-29,S013,SKU00025,12
2026-03-22,S013,SKU00025,10
2026-03-15,S013,SKU00025,10
2026-03-08,S013,SKU00025,8
2026-03-01,S013,SKU00025,7
2026-02-22,S013,SKU00025,7
2026-04-12,S027,SKU00047,9
2026-04-05,S027,SKU00047,12
2026-03-29,S027,SKU00047,6
2026-03-22,S027,SKU00047,6
2026-03-15,S027,SKU00047,7
2026-03-08,S027,SKU00047,9
2026-03-01,S027,SKU00047,9
2026-02-22,S027,SKU00047,6
2026-04-12,S007,SKU00059,2
2026-04-05,S007,SKU00059,3
2026-03-29,S007,SKU00059,1
2026-03-22,S007,SKU00059,3
2026-03-15,S007,SKU00059,3
2026-03-08,S007,SKU00059,3
2026-03-01,S007,SKU00059,3
2026-02-22,S007,SKU00059,2
2026-04-12,S010,SKU00065,3
2026-04-05,S010,SKU00065,3
2026-03-29,S010,SKU00065,3
2026-03-22,S010,SKU00065,3
2026-03-15,S010,SKU00065,4
2026-03-08,S010,SKU00065,2
2026-03-01,S010,SKU00065,3
2026-02-22,S010,SKU00065,2
2026-04-12,S001,SKU00035,5
2026-04-05,S001,SKU00035,3
2026-03-29,S001,SKU00035,4
2026-03-22,S001,SKU00035,6
2026-03-15,S001,SKU00035,3
2026-03-08,S001,SKU00035,6
2026-03-01,S001,SKU00035,6
2026-02-22,S001,SKU00035,6
2026-04-12,S014,SKU00049,17
2026-04-05,S014,SKU00049,14
2026-03-29,S014,SKU00049,26
2026-03-22,S014,SKU00049,23
2026-03-15,S014,SKU00049,21
2026-03-08,S014,SKU00049,25
2026-03-01,S014,SKU00049,17
2026-02-22,S014,SKU00049,22
2026-04-12,S013,SKU00007,12
2026-04-05,S013,SKU00007,12
2026-03-29,S013,SKU00007,9
2026-03-22,S013,SKU00007,7
2026-03-15,S013,SKU00007,13
2026-03-08,S013,SKU00007,12
2026-03-01,S013,SKU00007,6
2026-02-22,S013,SKU00007,10
2026-04-12,S044,SKU00068,1
2026-04-05,S044,SKU00068,1
2026-03-29,S044,SKU00068,1
2026-03-22,S044,SKU00068,1
2026-03-15,S044,SKU00068,2
2026-03-01,S044,SKU00068,1
2026-02-22,S044,SKU00068,2
2026-04-12,S001,SKU00070,3
2026-04-05,S001,SKU00070,3
2026-03-29,S001,SKU00070,4
2026-03-22,S001,SKU00070,3
2026-03-15,S001,SKU00070,2
2026-03-08,S001,SKU00070,3
2026-03-01,S001,SKU00070,3
2026-02-22,S001,SKU00070,3
2026-04-05,S058,SKU00057,1
2026-03-29,S058,SKU00057,1
2026-03-22,S058,SKU00057,1
2026-03-08,S058,SKU00057,1
2026-04-12,S042,SKU00023,17
2026-04-05,S042,SKU00023,6
2026-03-29,S042,SKU00023,4
2026-03-22,S042,SKU00023,10
2026-03-15,S042,SKU00023,3
2026-03-08,S042,SKU00023,10
2026-03-01,S042,SKU00023,3
2026-02-22,S042,SKU00023,9
2026-04-12,S063,SKU00013,7
2026-04-05,S063,SKU00013,17
2026-03-29,S063,SKU00013,8
2026-03-22,S063,SKU00013,1
2026-03-15,S063,SKU00013,12
2026-03-08,S063,SKU00013,12
2026-03-01,S063,SKU00013,11
2026-02-22,S063,SKU00013,11
2026-04-12,S011,SKU00062,1
2026-03-29,S011,SKU00062,1
2026-03-22,S011,SKU00062,1
2026-03-15,S011,SKU00062,1
2026-03-08,S011,SKU00062,1
2026-03-01,S011,SKU00062,1
2026-02-22,S011,SKU00062,1
2026-04-12,S012,SKU00043,16
2026-04-05,S012,SKU00043,14
2026-03-29,S012,SKU00043,15
2026-03-22,S012,SKU00043,9
2026-03-15,S012,SKU00043,19
2026-03-08,S012,SKU00043,14
2026-03-01,S012,SKU00043,20
2026-02-22,S012,SKU00043,11
2026-04-12,S035,SKU00014,2
2026-04-05,S035,SKU00014,4
2026-03-29,S035,SKU00014,2
2026-03-22,S035,SKU00014,4
2026-03-15,S035,SKU00014,4
2026-03-08,S035,SKU00014,3
2026-03-01,S035,SKU00014,3
2026-02-22,S035,SKU00014,3
2026-04-12,S011,SKU00042,8
2026-04-05,S011,SKU00042,8
2026-03-29,S011,SKU00042,9
2026-03-22,S011,SKU00042,8
2026-03-15,S011,SKU00042,6
2026-03-08,S011,SKU00042,7
2026-03-01,S011,SKU00042,6
2026-02-22,S011,SKU00042,6
2026-04-12,S023,SKU00047,2
2026-04-05,S023,SKU00047,1
2026-03-29,S023,SKU00047,1
2026-03-22,S023,SKU00047,1
2026-03-08,S023,SKU00047,2
2026-03-01,S023,SKU00047,2
2026-02-22,S023,SKU00047,1
2026-04-12,S013,SKU00073,1
2026-04-05,S013,SKU00073,1
2026-03-29,S013,SKU00073,1
2026-03-22,S013,SKU00073,2
2026-03-15,S013,SKU00073,1
2026-03-08,S013,SKU00073,1
2026-03-01,S013,SKU00073,1
2026-02-22,S013,SKU00073,1
2026-04-12,S020,SKU00058,3
2026-04-05,S020,SKU00058,2
2026-03-29,S020,SKU00058,4
2026-03-22,S020,SKU00058,3
2026-03-15,S020,SKU00058,2
2026-03-08,S020,SKU00058,3
2026-03-01,S020,SKU00058,3
2026-02-22,S020,SKU00058,2
2026-04-12,S002,SKU00050,29
2026-04-05,S002,SKU00050,31
2026-03-29,S002,SKU00050,33
2026-03-22,S002,SKU00050,21
2026-03-15,S002,SKU00050,17
2026-03-08,S002,SKU00050,26
2026-03-01,S002,SKU00050,22
2026-02-22,S002,SKU00050,18
2026-04-12,S011,SKU00027,13
2026-04-05,S011,SKU00027,16
2026-03-29,S011,SKU00027,7
2026-03-22,S011,SKU00027,13
2026-03-15,S011,SKU00027,23
2026-03-08,S011,SKU00027,22
2026-03-01,S011,SKU00027,18
2026-02-22,S011,SKU00027,21
2026-04-12,S028,SKU00035,10
2026-04-05,S028,SKU00035,15
2026-03-29,S028,SKU00035,13
2026-03-22,S028,SKU00035,12
2026-03-08,S028,SKU00035,9
2026-03-01,S028,SKU00035,8
2026-02-22,S028,SKU00035,12
2026-04-12,S041,SKU00050,16
2026-04-05,S041,SKU00050,14
2026-03-29,S041,SKU00050,11
2026-03-22,S041,SKU00050,7
2026-03-15,S041,SKU00050,13
2026-03-08,S041,SKU00050,12
2026-03-01,S041,SKU00050,16
2026-02-22,S041,SKU00050,12
2026-04-05,S038,SKU00059,1
2026-03-29,S038,SKU00059,1
2026-03-22,S038,SKU00059,1
2026-03-15,S038,SKU00059,2
2026-03-08,S038,SKU00059,1
2026-03-01,S038,SKU00059,1
2026-02-22,S038,SKU00059,1
2026-04-12,S028,SKU00030,9
2026-04-05,S028,SKU00030,4
2026-03-29,S028,SKU00030,5
2026-03-22,S028,SKU00030,9
2026-03-15,S028,SKU00030,6
2026-03-08,S028,SKU00030,10
2026-03-01,S028,SKU00030,7
2026-02-22,S028,SKU00030,9
2026-04-12,S043,SKU00003,17
2026-04-05,S043,SKU00003,8
2026-03-29,S043,SKU00003,10
2026-03-22,S043,SKU00003,12
2026-03-15,S043,SKU00003,12
2026-03-08,S043,SKU00003,11
2026-03-01,S043,SKU00003,7
2026-02-22,S043,SKU00003,1
2026-04-12,S010,SKU00044,13
2026-04-05,S010,SKU00044,19
2026-03-29,S010,SKU00044,20
2026-03-22,S010,SKU00044,15
2026-03-15,S010,SKU00044,15
2026-03-08,S010,SKU00044,18
2026-03-01,S010,SKU00044,20
2026-02-22,S010,SKU00044,13
2026-04-12,S015,SKU00068,1
2026-04-05,S015,SKU00068,2
2026-03-29,S015,SKU00068,3
2026-03-22,S015,SKU00068,3
2026-03-15,S015,SKU00068,2
2026-03-08,S015,SKU00068,2
2026-03-01,S015,SKU00068,1
2026-02-22,S015,SKU00068,2
2026-04-12,S059,SKU00032,5
2026-04-05,S059,SKU00032,4
2026-03-29,S059,SKU00032,1
2026-03-22,S059,SKU00032,5
2026-03-15,S059,SKU00032,1
2026-03-08,S059,SKU00032,4
2026-03-01,S059,SKU00032,1
2026-02-22,S059,SKU00032,3
2026-04-12,S016,SKU00008,10
2026-04-05,S016,SKU00008,12
2026-03-29,S016,SKU00008,8
2026-03-22,S016,SKU00008,8
2026-03-15,S016,SKU00008,9
2026-03-08,S016,SKU00008,10
2026-03-01,S016,SKU00008,7
2026-02-22,S016,SKU00008,10
2026-04-12,S016,SKU00063,5
2026-04-05,S016,SKU00063,5
2026-03-29,S016,SKU00063,4
2026-03-22,S016,SKU00063,5
2026-03-15,S016,SKU00063,5
2026-03-08,S016,SKU00063,4
2026-03-01,S016,SKU00063,3
2026-02-22,S016,SKU00063,5
2026-04-05,S057,SKU00072,1
2026-03-08,S057,SKU00072,2
2026-03-01,S057,SKU00072,1
2026-02-22,S057,SKU00072,1
2026-04-12,S008,SKU00041,22
2026-04-05,S008,SKU00041,25
2026-03-29,S008,SKU00041,29
2026-03-22,S008,SKU00041,14
2026-03-15,S008,SKU00041,24
2026-03-08,S008,SKU00041,25
2026-03-01,S008,SKU00041,20
2026-02-22,S008,SKU00041,24
2026-04-12,S027,SKU00049,9
2026-04-05,S027,SKU00049,7
2026-03-29,S027,SKU00049,7
2026-03-22,S027,SKU00049,8
2026-03-15,S027,SKU00049,6
2026-03-08,S027,SKU00049,8
2026-03-01,S027,SKU00049,6
2026-02-22,S027,SKU00049,6
2026-04-12,S033,SKU00027,16
2026-04-05,S033,SKU00027,19
2026-03-29,S033,SKU00027,18
2026-03-22,S033,SKU00027,15
2026-03-15,S033,SKU00027,11
2026-03-08,S033,SKU00027,9
2026-03-01,S033,SKU00027,14
2026-02-22,S033,SKU00027,19
2026-04-12,S060,SKU00038,5
2026-04-05,S060,SKU00038,4
2026-03-29,S060,SKU00038,1
2026-03-22,S060,SKU00038,11
2026-03-15,S060,SKU00038,5
2026-03-08,S060,SKU00038,7
2026-03-01,S060,SKU00038,10
2026-02-22,S060,SKU00038,4
2026-04-12,S039,SKU00032,11
2026-04-05,S039,SKU00032,16
2026-03-29,S039,SKU00032,8
2026-03-22,S039,SKU00032,3
2026-03-15,S039,SKU00032,5
2026-03-08,S039,SKU00032,13
2026-03-01,S039,SKU00032,13
2026-02-22,S039,SKU00032,6
2026-04-12,S007,SKU00047,15
2026-04-05,S007,SKU00047,12
2026-03-29,S007,SKU00047,11
2026-03-22,S007,SKU00047,16
2026-03-15,S007,SKU00047,12
2026-03-08,S007,SKU00047,10
2026-03-01,S007,SKU00047,9
2026-02-22,S007,SKU00047,14
2026-04-12,S020,SKU00071,4
2026-04-05,S020,SKU00071,5
2026-03-29,S020,SKU00071,4
2026-03-22,S020,SKU00071,5
2026-03-15,S020,SKU00071,5
2026-03-08,S020,SKU00071,4
2026-03-01,S020,SKU00071,5
2026-02-22,S020,SKU00071,5
2026-04-12,S006,SKU00052,2
2026-04-05,S006,SKU00052,2
2026-03-29,S006,SKU00052,2
2026-03-22,S006,SKU00052,1
2026-03-15,S006,SKU00052,2
2026-03-08,S006,SKU00052,2
2026-03-01,S006,SKU00052,2
2026-02-22,S006,SKU00052,3
2026-04-12,S013,SKU00036,13
2026-04-05,S013,SKU00036,13
2026-03-29,S013,SKU00036,13
2026-03-22,S013,SKU00036,12
2026-03-15,S013,SKU00036,9
2026-03-08,S013,SKU00036,7
2026-03-01,S013,SKU00036,7
2026-02-22,S013,SKU00036,10
2026-04-12,S008,SKU00039,18
2026-04-05,S008,SKU00039,19
2026-03-29,S008,SKU00039,23
2026-03-22,S008,SKU00039,24
2026-03-15,S008,SKU00039,25
2026-03-08,S008,SKU00039,24
2026-03-01,S008,SKU00039,15
2026-02-22,S008,SKU00039,16
2026-04-12,S004,SKU00041,10
2026-04-05,S004,SKU00041,12
2026-03-29,S004,SKU00041,13
2026-03-22,S004,SKU00041,11
2026-03-15,S004,SKU00041,10
2026-03-08,S004,SKU00041,10
2026-03-01,S004,SKU00041,12
2026-02-22,S004,SKU00041,15
2026-04-12,S001,SKU00015,20
2026-04-05,S001,SKU00015,17
2026-03-29,S001,SKU00015,13
2026-03-22,S001,SKU00015,16
2026-03-15,S001,SKU00015,11
2026-03-08,S001,SKU00015,15
2026-03-01,S001,SKU00015,14
2026-02-22,S001,SKU00015,20
2026-04-12,S001,SKU00020,18
2026-04-05,S001,SKU00020,17
2026-03-29,S001,SKU00020,14
2026-03-22,S001,SKU00020,16
2026-03-15,S001,SKU00020,19
2026-03-08,S001,SKU00020,14
2026-03-01,S001,SKU00020,16
2026-02-22,S001,SKU00020,13
2026-04-12,S001,SKU00053,3
2026-04-05,S001,SKU00053,4
2026-03-29,S001,SKU00053,3
2026-03-22,S001,SKU00053,2
2026-03-15,S001,SKU00053,3
2026-03-08,S001,SKU00053,2
2026-03-01,S001,SKU00053,2
2026-02-22,S001,SKU00053,1
2026-04-12,S050,SKU00044,3
2026-03-29,S050,SKU00044,10
2026-03-22,S050,SKU00044,1
2026-03-15,S050,SKU00044,1
2026-03-08,S050,SKU00044,1
2026-03-01,S050,SKU00044,8
2026-02-22,S050,SKU00044,10
2026-04-12,S013,SKU00045,14
2026-04-05,S013,SKU00045,17
2026-03-29,S013,SKU00045,12
2026-03-22,S013,SKU00045,18
2026-03-15,S013,SKU00045,13
2026-03-08,S013,SKU00045,14
2026-03-01,S013,SKU00045,12
2026-02-22,S013,SKU00045,13
2026-04-12,S002,SKU00065,2
2026-04-05,S002,SKU00065,2
2026-03-29,S002,SKU00065,1
2026-03-22,S002,SKU00065,4
2026-03-15,S002,SKU00065,2
2026-03-08,S002,SKU00065,3
2026-03-01,S002,SKU00065,3
2026-02-22,S002,SKU00065,3
2026-04-12,S004,SKU00039,8
2026-04-05,S004,SKU00039,7
2026-03-29,S004,SKU00039,7
2026-03-22,S004,SKU00039,8
2026-03-15,S004,SKU00039,6
2026-03-08,S004,SKU00039,8
2026-03-01,S004,SKU00039,4
2026-02-22,S004,SKU00039,8
2026-04-12,S003,SKU00021,17
2026-04-05,S003,SKU00021,17
2026-03-29,S003,SKU00021,10
2026-03-22,S003,SKU00021,14
2026-03-15,S003,SKU00021,15
2026-03-08,S003,SKU00021,13
2026-03-01,S003,SKU00021,16
2026-02-22,S003,SKU00021,11
2026-04-12,S018,SKU00056,1
2026-04-05,S018,SKU00056,1
2026-03-29,S018,SKU00056,1
2026-03-22,S018,SKU00056,2
2026-03-15,S018,SKU00056,1
2026-03-08,S018,SKU00056,1
2026-03-01,S018,SKU00056,1
2026-02-22,S018,SKU00056,2
2026-04-12,S038,SKU00013,8
2026-04-05,S038,SKU00013,8
2026-03-29,S038,SKU00013,11
2026-03-22,S038,SKU00013,9
2026-03-15,S038,SKU00013,6
2026-03-08,S038,SKU00013,5
2026-03-01,S038,SKU00013,3
2026-02-22,S038,SKU00013,2
2026-04-12,S029,SKU00023,18
2026-04-05,S029,SKU00023,15
2026-03-29,S029,SKU00023,11
2026-03-22,S029,SKU00023,13
2026-03-15,S029,SKU00023,15
2026-03-08,S029,SKU00023,13
2026-03-01,S029,SKU00023,15
2026-02-22,S029,SKU00023,9
2026-04-12,S009,SKU00054,2
2026-04-05,S009,SKU00054,1
2026-03-29,S009,SKU00054,1
2026-03-22,S009,SKU00054,1
2026-03-15,S009,SKU00054,2
2026-03-08,S009,SKU00054,2
2026-03-01,S009,SKU00054,1
2026-02-22,S009,SKU00054,2
2026-04-12,S062,SKU00032,7
2026-04-05,S062,SKU00032,4
2026-03-29,S062,SKU00032,9
2026-03-22,S062,SKU00032,4
2026-03-15,S062,SKU00032,11
2026-03-08,S062,SKU00032,10
2026-03-01,S062,SKU00032,10
2026-02-22,S062,SKU00032,10
2026-04-12,S042,SKU00028,9
2026-04-05,S042,SKU00028,5
2026-03-29,S042,SKU00028,6
2026-03-22,S042,SKU00028,4
2026-03-15,S042,SKU00028,6
2026-03-08,S042,SKU00028,8
2026-03-01,S042,SKU00028,8
2026-02-22,S042,SKU00028,4
2026-04-12,S024,SKU00018,2
2026-04-05,S024,SKU00018,3
2026-03-29,S024,SKU00018,1
2026-03-22,S024,SKU00018,1
2026-03-15,S024,SKU00018,3
2026-03-08,S024,SKU00018,1
2026-02-22,S024,SKU00018,3
2026-04-12,S028,SKU00015,3
2026-04-05,S028,SKU00015,5
2026-03-29,S028,SKU00015,6
2026-03-22,S028,SKU00015,5
2026-03-15,S028,SKU00015,4
2026-03-08,S028,SKU00015,6
2026-03-01,S028,SKU00015,4
2026-02-22,S028,SKU00015,7
2026-04-12,S020,SKU00014,16
2026-04-05,S020,SKU00014,10
2026-03-29,S020,SKU00014,14
2026-03-22,S020,SKU00014,15
2026-03-15,S020,SKU00014,9
2026-03-08,S020,SKU00014,11
2026-03-01,S020,SKU00014,6
2026-02-22,S020,SKU00014,11
2026-04-05,S028,SKU00053,1
2026-04-12,S031,SKU00022,3
2026-04-05,S031,SKU00022,7
2026-03-29,S031,SKU00022,11
2026-03-22,S031,SKU00022,3
2026-03-15,S031,SKU00022,7
2026-03-08,S031,SKU00022,13
2026-03-01,S031,SKU00022,7
2026-02-22,S031,SKU00022,12
2026-04-12,S018,SKU00050,26
2026-04-05,S018,SKU00050,24
2026-03-29,S018,SKU00050,28
2026-03-22,S018,SKU00050,29
2026-03-15,S018,SKU00050,19
2026-03-08,S018,SKU00050,22
2026-03-01,S018,SKU00050,18
2026-02-22,S018,SKU00050,19
2026-04-12,S029,SKU00027,17
2026-04-05,S029,SKU00027,12
2026-03-29,S029,SKU00027,10
2026-03-22,S029,SKU00027,14
2026-03-15,S029,SKU00027,19
2026-03-08,S029,SKU00027,13
2026-03-01,S029,SKU00027,16
2026-02-22,S029,SKU00027,15
2026-04-05,S062,SKU00061,1
2026-03-29,S062,SKU00061,1
2026-02-22,S062,SKU00061,1
2026-04-12,S008,SKU00006,17
2026-04-05,S008,SKU00006,24
2026-03-29,S008,SKU00006,27
2026-03-22,S008,SKU00006,24
2026-03-15,S008,SKU00006,19
2026-03-08,S008,SKU00006,19
2026-03-01,S008,SKU00006,14
2026-02-22,S008,SKU00006,21
2026-04-12,S036,SKU00020,12
2026-04-05,S036,SKU00020,11
2026-03-29,S036,SKU00020,14
2026-03-22,S036,SKU00020,9
2026-03-15,S036,SKU00020,6
2026-03-08,S036,SKU00020,9
2026-03-01,S036,SKU00020,14
2026-02-22,S036,SKU00020,7
2026-04-12,S014,SKU00043,18
2026-04-05,S014,SKU00043,10
2026-03-29,S014,SKU00043,21
2026-03-22,S014,SKU00043,10
2026-03-15,S014,SKU00043,9
2026-03-08,S014,SKU00043,13
2026-03-01,S014,SKU00043,18
2026-02-22,S014,SKU00043,12
2026-04-12,S036,SKU00053,2
2026-04-05,S036,SKU00053,2
2026-03-29,S036,SKU00053,2
2026-03-22,S036,SKU00053,1
2026-03-15,S036,SKU00053,1
2026-03-08,S036,SKU00053,2
2026-03-01,S036,SKU00053,2
2026-02-22,S036,SKU00053,2
2026-04-12,S056,SKU00029,3
2026-03-22,S056,SKU00029,4
2026-03-15,S056,SKU00029,3
2026-03-01,S056,SKU00029,4
2026-02-22,S056,SKU00029,5
2026-03-15,S051,SKU00067,1
2026-04-12,S002,SKU00044,26
2026-04-05,S002,SKU00044,24
2026-03-29,S002,SKU00044,25
2026-03-22,S002,SKU00044,20
2026-03-15,S002,SKU00044,22
2026-03-08,S002,SKU00044,20
2026-03-01,S002,SKU00044,26
2026-02-22,S002,SKU00044,24
2026-04-12,S009,SKU00067,3
2026-04-05,S009,SKU00067,3
2026-03-29,S009,SKU00067,2
2026-03-22,S009,SKU00067,4
2026-03-15,S009,SKU00067,4
2026-03-08,S009,SKU00067,4
2026-03-01,S009,SKU00067,3
2026-02-22,S009,SKU00067,3
2026-04-12,S043,SKU00048,7
2026-04-05,S043,SKU00048,11
2026-03-29,S043,SKU00048,6
2026-03-22,S043,SKU00048,3
2026-03-08,S043,SKU00048,5
2026-03-01,S043,SKU00048,13
2026-02-22,S043,SKU00048,6
2026-04-12,S004,SKU00006,13
2026-04-05,S004,SKU00006,10
2026-03-29,S004,SKU00006,11
2026-03-22,S004,SKU00006,14
2026-03-15,S004,SKU00006,14
2026-03-08,S004,SKU00006,8
2026-03-01,S004,SKU00006,11
2026-02-22,S004,SKU00006,13
2026-04-12,S015,SKU00010,6
2026-04-05,S015,SKU00010,6
2026-03-29,S015,SKU00010,6
2026-03-22,S015,SKU00010,7
2026-03-15,S015,SKU00010,6
2026-03-08,S015,SKU00010,6
2026-03-01,S015,SKU00010,7
2026-02-22,S015,SKU00010,7
2026-04-05,S054,SKU00043,3
2026-03-29,S054,SKU00043,1
2026-03-22,S054,SKU00043,2
2026-03-15,S054,SKU00043,2
2026-03-08,S054,SKU00043,1
2026-03-01,S054,SKU00043,6
2026-02-22,S054,SKU00043,2
2026-04-12,S046,SKU00042,2
2026-04-05,S046,SKU00042,4
2026-03-29,S046,SKU00042,5
2026-03-22,S046,SKU00042,4
2026-03-15,S046,SKU00042,2
2026-03-08,S046,SKU00042,3
2026-03-01,S046,SKU00042,8
2026-02-22,S046,SKU00042,7
2026-04-12,S016,SKU00040,14
2026-04-05,S016,SKU00040,14
2026-03-29,S016,SKU00040,11
2026-03-22,S016,SKU00040,14
2026-03-15,S016,SKU00040,17
2026-03-08,S016,SKU00040,14
2026-03-01,S016,SKU00040,15
2026-02-22,S016,SKU00040,22
2026-04-12,S020,SKU00049,15
2026-04-05,S020,SKU00049,13
2026-03-29,S020,SKU00049,25
2026-03-22,S020,SKU00049,27
2026-03-15,S020,SKU00049,20
2026-03-08,S020,SKU00049,17
2026-03-01,S020,SKU00049,13
2026-02-22,S020,SKU00049,20
2026-04-12,S054,SKU00016,12
2026-04-05,S054,SKU00016,11
2026-03-29,S054,SKU00016,5
2026-03-22,S054,SKU00016,3
2026-03-15,S054,SKU00016,2
2026-03-08,S054,SKU00016,6
2026-03-01,S054,SKU00016,1
2026-02-22,S054,SKU00016,3
2026-04-12,S046,SKU00027,7
2026-04-05,S046,SKU00027,7
2026-03-29,S046,SKU00027,4
2026-03-22,S046,SKU00027,8
2026-03-15,S046,SKU00027,8
2026-03-01,S046,SKU00027,12
2026-02-22,S046,SKU00027,3
2026-04-12,S017,SKU00056,2
2026-04-05,S017,SKU00056,3
2026-03-29,S017,SKU00056,2
2026-03-22,S017,SKU00056,2
2026-03-15,S017,SKU00056,2
2026-03-08,S017,SKU00056,2
2026-03-01,S017,SKU00056,2
2026-02-22,S017,SKU00056,3
2026-04-12,S024,SKU00017,8
2026-04-05,S024,SKU00017,3
2026-03-29,S024,SKU00017,11
2026-03-22,S024,SKU00017,5
2026-03-15,S024,SKU00017,12
2026-03-08,S024,SKU00017,9
2026-03-01,S024,SKU00017,6
2026-02-22,S024,SKU00017,11
2026-04-12,S006,SKU00050,23
2026-04-05,S006,SKU00050,15
2026-03-29,S006,SKU00050,27
2026-03-22,S006,SKU00050,13
2026-03-15,S006,SKU00050,18
2026-03-08,S006,SKU00050,9
2026-03-01,S006,SKU00050,20
2026-02-22,S006,SKU00050,10
2026-04-12,S018,SKU00065,4
2026-04-05,S018,SKU00065,4
2026-03-29,S018,SKU00065,4
2026-03-22,S018,SKU00065,5
2026-03-15,S018,SKU00065,4
2026-03-08,S018,SKU00065,4
2026-03-01,S018,SKU00065,3
2026-02-22,S018,SKU00065,4
2026-04-12,S032,SKU00044,10
2026-04-05,S032,SKU00044,8
2026-03-29,S032,SKU00044,9
2026-03-22,S032,SKU00044,11
2026-03-15,S032,SKU00044,9
2026-03-08,S032,SKU00044,6
2026-03-01,S032,SKU00044,9
2026-02-22,S032,SKU00044,8
2026-04-12,S049,SKU00071,1
2026-04-05,S049,SKU00071,1
2026-03-29,S049,SKU00071,1
2026-03-22,S049,SKU00071,1
2026-03-15,S049,SKU00071,1
2026-03-01,S049,SKU00071,1
2026-02-22,S049,SKU00071,1
2026-04-12,S027,SKU00043,2
2026-04-05,S027,SKU00043,3
2026-03-29,S027,SKU00043,3
2026-03-22,S027,SKU00043,3
2026-03-15,S027,SKU00043,2
2026-03-08,S027,SKU00043,2
2026-03-01,S027,SKU00043,4
2026-02-22,S027,SKU00043,1
2026-04-12,S002,SKU00067,3
2026-04-05,S002,SKU00067,3
2026-03-29,S002,SKU00067,4
2026-03-22,S002,SKU00067,3
2026-03-15,S002,SKU00067,3
2026-03-08,S002,SKU00067,3
2026-03-01,S002,SKU00067,3
2026-02-22,S002,SKU00067,2
2026-04-12,S037,SKU00035,9
2026-04-05,S037,SKU00035,10
2026-03-29,S037,SKU00035,6
2026-03-22,S037,SKU00035,16
2026-03-15,S037,SKU00035,14
2026-03-08,S037,SKU00035,6
2026-03-01,S037,SKU00035,15
2026-02-22,S037,SKU00035,12
2026-04-12,S044,SKU00018,6
2026-04-05,S044,SKU00018,6
2026-03-29,S044,SKU00018,7
2026-03-22,S044,SKU00018,3
2026-03-15,S044,SKU00018,3
2026-03-08,S044,SKU00018,8
2026-03-01,S044,SKU00018,7
2026-02-22,S044,SKU00018,4
2026-04-12,S019,SKU00054,5
2026-04-05,S019,SKU00054,3
2026-03-29,S019,SKU00054,4
2026-03-22,S019,SKU00054,4
2026-03-15,S019,SKU00054,5
2026-03-08,S019,SKU00054,4
2026-03-01,S019,SKU00054,4
2026-02-22,S019,SKU00054,4
2026-04-12,S041,SKU00067,1
2026-03-22,S041,SKU00067,1
2026-03-15,S041,SKU00067,1
2026-03-08,S041,SKU00067,1
2026-03-01,S041,SKU00067,1
2026-04-12,S064,SKU00018,3
2026-04-05,S064,SKU00018,2
2026-03-29,S064,SKU00018,2
2026-03-22,S064,SKU00018,3
2026-03-08,S064,SKU00018,5
2026-03-01,S064,SKU00018,5
2026-02-22,S064,SKU00018,7
2026-03-29,S056,SKU00005,1
2026-03-22,S056,SKU00005,3
2026-03-08,S056,SKU00005,1
2026-04-12,S065,SKU00071,2
2026-04-05,S065,SKU00071,1
2026-03-29,S065,SKU00071,1
2026-03-22,S065,SKU00071,1
2026-03-15,S065,SKU00071,2
2026-03-08,S065,SKU00071,2
2026-02-22,S065,SKU00071,3
2026-04-12,S009,SKU00011,11
2026-04-05,S009,SKU00011,19
2026-03-29,S009,SKU00011,23
2026-03-22,S009,SKU00011,21
2026-03-15,S009,SKU00011,22
2026-03-08,S009,SKU00011,18
2026-03-01,S009,SKU00011,18
2026-02-22,S009,SKU00011,19
2026-04-12,S036,SKU00064,2
2026-04-05,S036,SKU00064,1
2026-03-29,S036,SKU00064,2
2026-03-22,S036,SKU00064,1
2026-03-15,S036,SKU00064,1
2026-03-08,S036,SKU00064,1
2026-03-01,S036,SKU00064,2
2026-02-22,S036,SKU00064,1
2026-04-12,S015,SKU00066,2
2026-04-05,S015,SKU00066,1
2026-03-29,S015,SKU00066,2
2026-03-15,S015,SKU00066,2
2026-03-08,S015,SKU00066,2
2026-03-01,S015,SKU00066,2
2026-02-22,S015,SKU00066,1
2026-04-12,S031,SKU00026,5
2026-04-05,S031,SKU00026,7
2026-03-29,S031,SKU00026,12
2026-03-22,S031,SKU00026,7
2026-03-15,S031,SKU00026,7
2026-03-08,S031,SKU00026,2
2026-03-01,S031,SKU00026,4
2026-02-22,S031,SKU00026,9
2026-04-12,S017,SKU00019,22
2026-04-05,S017,SKU00019,23
2026-03-29,S017,SKU00019,22
2026-03-22,S017,SKU00019,18
2026-03-15,S017,SKU00019,19
2026-03-08,S017,SKU00019,23
2026-03-01,S017,SKU00019,18
2026-02-22,S017,SKU00019,16
2026-04-12,S023,SKU00043,13
2026-04-05,S023,SKU00043,10
2026-03-29,S023,SKU00043,12
2026-03-22,S023,SKU00043,20
2026-03-15,S023,SKU00043,15
2026-03-08,S023,SKU00043,10
2026-03-01,S023,SKU00043,16
2026-02-22,S023,SKU00043,18
2026-03-29,S017,SKU00055,1
2026-03-22,S017,SKU00055,1
2026-03-08,S017,SKU00055,1
2026-02-22,S017,SKU00055,1
2026-04-12,S030,SKU00020,9
2026-04-05,S030,SKU00020,7
2026-03-29,S030,SKU00020,14
2026-03-22,S030,SKU00020,6
2026-03-15,S030,SKU00020,5
2026-03-08,S030,SKU00020,11
2026-03-01,S030,SKU00020,8
2026-02-22,S030,SKU00020,8
2026-04-12,S018,SKU00044,7
2026-04-05,S018,SKU00044,7
2026-03-29,S018,SKU00044,3
2026-03-22,S018,SKU00044,5
2026-03-15,S018,SKU00044,7
2026-03-08,S018,SKU00044,6
2026-03-01,S018,SKU00044,4
2026-02-22,S018,SKU00044,5
2026-04-12,S063,SKU00016,1
2026-04-05,S063,SKU00016,2
2026-03-29,S063,SKU00016,1
2026-03-22,S063,SKU00016,7
2026-03-08,S063,SKU00016,8
2026-03-01,S063,SKU00016,10
2026-02-22,S063,SKU00016,4
2026-04-12,S019,SKU00067,1
2026-04-12,S006,SKU00065,4
2026-04-05,S006,SKU00065,3
2026-03-29,S006,SKU00065,4
2026-03-22,S006,SKU00065,4
2026-03-15,S006,SKU00065,4
2026-03-08,S006,SKU00065,3
2026-03-01,S006,SKU00065,3
2026-02-22,S006,SKU00065,4
2026-04-12,S015,SKU00018,13
2026-04-05,S015,SKU00018,7
2026-03-29,S015,SKU00018,13
2026-03-22,S015,SKU00018,7
2026-03-15,S015,SKU00018,13
2026-03-08,S015,SKU00018,15
2026-03-01,S015,SKU00018,12
2026-02-22,S015,SKU00018,11
2026-04-12,S034,SKU00014,4
2026-04-05,S034,SKU00014,5
2026-03-29,S034,SKU00014,3
2026-03-22,S034,SKU00014,4
2026-03-15,S034,SKU00014,4
2026-03-08,S034,SKU00014,3
2026-03-01,S034,SKU00014,4
2026-02-22,S034,SKU00014,4
2026-04-12,S056,SKU00034,6
2026-04-05,S056,SKU00034,10
2026-03-29,S056,SKU00034,7
2026-03-22,S056,SKU00034,6
2026-03-15,S056,SKU00034,9
2026-03-08,S056,SKU00034,8
2026-03-01,S056,SKU00034,7
2026-02-22,S056,SKU00034,2
2026-04-12,S016,SKU00062,5
2026-04-05,S016,SKU00062,3
2026-03-29,S016,SKU00062,4
2026-03-22,S016,SKU00062,3
2026-03-15,S016,SKU00062,3
2026-03-08,S016,SKU00062,4
2026-03-01,S016,SKU00062,4
2026-02-22,S016,SKU00062,3
2026-04-12,S010,SKU00023,7
2026-04-05,S010,SKU00023,5
2026-03-29,S010,SKU00023,7
2026-03-22,S010,SKU00023,8
2026-03-15,S010,SKU00023,9
2026-03-08,S010,SKU00023,7
2026-03-01,S010,SKU00023,5
2026-02-22,S010,SKU00023,6
2026-04-12,S021,SKU00016,17
2026-04-05,S021,SKU00016,17
2026-03-29,S021,SKU00016,22
2026-03-22,S021,SKU00016,13
2026-03-15,S021,SKU00016,14
2026-03-08,S021,SKU00016,8
2026-03-01,S021,SKU00016,11
2026-02-22,S021,SKU00016,5
2026-04-12,S003,SKU00052,1
2026-04-05,S003,SKU00052,3
2026-03-29,S003,SKU00052,3
2026-03-22,S003,SKU00052,2
2026-03-15,S003,SKU00052,2
2026-03-08,S003,SKU00052,3
2026-03-01,S003,SKU00052,3
2026-02-22,S003,SKU00052,2
2026-04-12,S016,SKU00042,10
2026-04-05,S016,SKU00042,13
2026-03-29,S016,SKU00042,12
2026-03-22,S016,SKU00042,23
2026-03-15,S016,SKU00042,22
2026-03-08,S016,SKU00042,12
2026-03-01,S016,SKU00042,17
2026-02-22,S016,SKU00042,12
2026-04-12,S007,SKU00043,11
2026-04-05,S007,SKU00043,12
2026-03-29,S007,SKU00043,15
2026-03-22,S007,SKU00043,9
2026-03-15,S007,SKU00043,14
2026-03-08,S007,SKU00043,11
2026-03-01,S007,SKU00043,10
2026-02-22,S007,SKU00043,9
2026-04-12,S031,SKU00012,4
2026-03-29,S031,SKU00012,3
2026-03-22,S031,SKU00012,2
2026-03-15,S031,SKU00012,3
2026-03-08,S031,SKU00012,2
2026-03-01,S031,SKU00012,1
2026-02-22,S031,SKU00012,1
2026-04-12,S044,SKU00017,2
2026-04-05,S044,SKU00017,5
2026-03-29,S044,SKU00017,7
2026-03-22,S044,SKU00017,5
2026-03-15,S044,SKU00017,7
2026-03-08,S044,SKU00017,5
2026-03-01,S044,SKU00017,5
2026-02-22,S044,SKU00017,9
2026-04-12,S015,SKU00021,2
2026-04-05,S015,SKU00021,3
2026-03-29,S015,SKU00021,3
2026-03-22,S015,SKU00021,3
2026-03-15,S015,SKU00021,2
2026-03-08,S015,SKU00021,4
2026-03-01,S015,SKU00021,2
2026-02-22,S015,SKU00021,2
2026-04-12,S041,SKU00011,12
2026-04-05,S041,SKU00011,8
2026-03-29,S041,SKU00011,11
2026-03-22,S041,SKU00011,11
2026-03-15,S041,SKU00011,12
2026-03-08,S041,SKU00011,11
2026-03-01,S041,SKU00011,14
2026-02-22,S041,SKU00011,7
2026-04-12,S024,SKU00032,12
2026-04-05,S024,SKU00032,13
2026-03-29,S024,SKU00032,5
2026-03-22,S024,SKU00032,13
2026-03-15,S024,SKU00032,11
2026-03-08,S024,SKU00032,10
2026-03-01,S024,SKU00032,8
2026-02-22,S024,SKU00032,10
2026-04-12,S053,SKU00068,1
2026-03-15,S053,SKU00068,1
2026-03-08,S053,SKU00068,1
2026-02-22,S053,SKU00068,1
2026-04-12,S011,SKU00035,8
2026-04-05,S011,SKU00035,8
2026-03-29,S011,SKU00035,8
2026-03-22,S011,SKU00035,12
2026-03-15,S011,SKU00035,10
2026-03-08,S011,SKU00035,14
2026-03-01,S011,SKU00035,10
2026-02-22,S011,SKU00035,9
2026-04-12,S009,SKU00040,5
2026-04-05,S009,SKU00040,2
2026-03-29,S009,SKU00040,4
2026-03-22,S009,SKU00040,4
2026-03-15,S009,SKU00040,3
2026-03-08,S009,SKU00040,4
2026-03-01,S009,SKU00040,6
2026-02-22,S009,SKU00040,4
2026-04-12,S010,SKU00029,23
2026-04-05,S010,SKU00029,24
2026-03-29,S010,SKU00029,20
2026-03-22,S010,SKU00029,17
2026-03-15,S010,SKU00029,24
2026-03-08,S010,SKU00029,24
2026-03-01,S010,SKU00029,21
2026-02-22,S010,SKU00029,24
2026-04-12,S011,SKU00030,4
2026-04-05,S011,SKU00030,4
2026-03-29,S011,SKU00030,3
2026-03-22,S011,SKU00030,3
2026-03-15,S011,SKU00030,3
2026-03-08,S011,SKU00030,4
2026-03-01,S011,SKU00030,3
2026-02-22,S011,SKU00030,2
2026-04-12,S013,SKU00039,9
2026-04-05,S013,SKU00039,10
2026-03-29,S013,SKU00039,9
2026-03-22,S013,SKU00039,7
2026-03-15,S013,SKU00039,8
2026-03-08,S013,SKU00039,9
2026-03-01,S013,SKU00039,7
2026-02-22,S013,SKU00039,7
2026-04-12,S007,SKU00016,10
2026-04-05,S007,SKU00016,13
2026-03-29,S007,SKU00016,13
2026-03-22,S007,SKU00016,11
2026-03-15,S007,SKU00016,15
2026-03-08,S007,SKU00016,8
2026-03-01,S007,SKU00016,17
2026-02-22,S007,SKU00016,11
2026-04-12,S022,SKU00018,8
2026-04-05,S022,SKU00018,6
2026-03-29,S022,SKU00018,7
2026-03-22,S022,SKU00018,7
2026-03-15,S022,SKU00018,1
2026-03-08,S022,SKU00018,8
2026-03-01,S022,SKU00018,7
2026-02-22,S022,SKU00018,5
2026-04-12,S031,SKU00069,1
2026-04-05,S031,SKU00069,1
2026-03-29,S031,SKU00069,2
2026-03-22,S031,SKU00069,1
2026-03-15,S031,SKU00069,1
2026-03-01,S031,SKU00069,2
2026-02-22,S031,SKU00069,2
2026-04-12,S014,SKU00068,2
2026-04-05,S014,SKU00068,2
2026-03-29,S014,SKU00068,1
2026-03-22,S014,SKU00068,2
2026-03-15,S014,SKU00068,1
2026-03-08,S014,SKU00068,2
2026-03-01,S014,SKU00068,2
2026-02-22,S014,SKU00068,1
2026-04-05,S052,SKU00070,1
2026-03-22,S052,SKU00070,2
2026-04-12,S045,SKU00011,6
2026-04-05,S045,SKU00011,8
2026-03-29,S045,SKU00011,11
2026-03-22,S045,SKU00011,11
2026-03-15,S045,SKU00011,9
2026-03-08,S045,SKU00011,6
2026-02-22,S045,SKU00011,9
2026-04-12,S054,SKU00025,8
2026-04-05,S054,SKU00025,4
2026-03-29,S054,SKU00025,3
2026-03-22,S054,SKU00025,3
2026-03-15,S054,SKU00025,9
2026-03-08,S054,SKU00025,1
2026-03-01,S054,SKU00025,1
2026-02-22,S054,SKU00025,4
2026-04-12,S026,SKU00065,1
2026-03-01,S026,SKU00065,1
2026-02-22,S026,SKU00065,1
2026-04-12,S024,SKU00061,2
2026-04-05,S024,SKU00061,3
2026-03-29,S024,SKU00061,1
2026-03-22,S024,SKU00061,3
2026-03-15,S024,SKU00061,2
2026-03-08,S024,SKU00061,3
2026-03-01,S024,SKU00061,3
2026-02-22,S024,SKU00061,3
2026-04-12,S050,SKU00023,6
2026-04-05,S050,SKU00023,12
2026-03-29,S050,SKU00023,4
2026-03-22,S050,SKU00023,9
2026-03-15,S050,SKU00023,4
2026-03-08,S050,SKU00023,5
2026-03-01,S050,SKU00023,11
2026-02-22,S050,SKU00023,5
2026-04-12,S034,SKU00049,6
2026-04-05,S034,SKU00049,2
2026-03-29,S034,SKU00049,6
2026-03-22,S034,SKU00049,6
2026-03-15,S034,SKU00049,3
2026-03-08,S034,SKU00049,4
2026-03-01,S034,SKU00049,2
2026-02-22,S034,SKU00049,4
2026-04-12,S025,SKU00007,4
2026-04-05,S025,SKU00007,4
2026-03-29,S025,SKU00007,6
2026-03-22,S025,SKU00007,9
2026-03-15,S025,SKU00007,6
2026-03-08,S025,SKU00007,2
2026-03-01,S025,SKU00007,8
2026-02-22,S025,SKU00007,2
2026-04-12,S059,SKU00019,5
2026-04-05,S059,SKU00019,12
2026-03-22,S059,SKU00019,3
2026-03-08,S059,SKU00019,10
2026-03-01,S059,SKU00019,13
2026-02-22,S059,SKU00019,7
2026-04-12,S005,SKU00008,26
2026-04-05,S005,SKU00008,27
2026-03-29,S005,SKU00008,27
2026-03-22,S005,SKU00008,22
2026-03-15,S005,SKU00008,23
2026-03-08,S005,SKU00008,22
2026-03-01,S005,SKU00008,25
2026-02-22,S005,SKU00008,22
2026-04-12,S033,SKU00035,7
2026-04-05,S033,SKU00035,12
2026-03-29,S033,SKU00035,10
2026-03-22,S033,SKU00035,5
2026-03-15,S033,SKU00035,19
2026-03-08,S033,SKU00035,10
2026-03-01,S033,SKU00035,8
2026-02-22,S033,SKU00035,10
2026-04-12,S033,SKU00030,6
2026-04-05,S033,SKU00030,20
2026-03-29,S033,SKU00030,14
2026-03-22,S033,SKU00030,15
2026-03-15,S033,SKU00030,13
2026-03-08,S033,SKU00030,12
2026-03-01,S033,SKU00030,7
2026-02-22,S033,SKU00030,16
2026-04-12,S033,SKU00070,2
2026-04-05,S033,SKU00070,2
2026-03-29,S033,SKU00070,2
2026-03-22,S033,SKU00070,3
2026-03-15,S033,SKU00070,2
2026-03-08,S033,SKU00070,3
2026-03-01,S033,SKU00070,2
2026-02-22,S033,SKU00070,2
2026-04-12,S019,SKU00011,5
2026-04-05,S019,SKU00011,4
2026-03-29,S019,SKU00011,4
2026-03-22,S019,SKU00011,6
2026-03-15,S019,SKU00011,4
2026-03-08,S019,SKU00011,6
2026-03-01,S019,SKU00011,7
2026-02-22,S019,SKU00011,6
2026-04-12,S059,SKU00055,1
2026-04-12,S043,SKU00002,8
2026-04-05,S043,SKU00002,8
2026-03-29,S043,SKU00002,11
2026-03-22,S043,SKU00002,15
2026-03-15,S043,SKU00002,14
2026-03-08,S043,SKU00002,12
2026-03-01,S043,SKU00002,13
2026-02-22,S043,SKU00002,15
2026-04-12,S017,SKU00063,1
2026-04-05,S017,SKU00063,1
2026-03-29,S017,SKU00063,1
2026-03-22,S017,SKU00063,1
2026-03-15,S017,SKU00063,1
2026-03-01,S017,SKU00063,1
2026-02-22,S017,SKU00063,1
2026-04-12,S065,SKU00049,11
2026-04-05,S065,SKU00049,13
2026-03-29,S065,SKU00049,5
2026-03-22,S065,SKU00049,2
2026-03-08,S065,SKU00049,3
2026-03-01,S065,SKU00049,7
2026-02-22,S065,SKU00049,11
2026-04-12,S031,SKU00009,2
2026-04-05,S031,SKU00009,3
2026-03-29,S031,SKU00009,1
2026-03-22,S031,SKU00009,3
2026-03-15,S031,SKU00009,4
2026-03-08,S031,SKU00009,1
2026-03-01,S031,SKU00009,4
2026-02-22,S031,SKU00009,3
2026-03-22,S059,SKU00054,1
2026-03-15,S059,SKU00054,1
2026-03-08,S059,SKU00054,1
2026-04-12,S035,SKU00036,9
2026-04-05,S035,SKU00036,9
2026-03-29,S035,SKU00036,7
2026-03-22,S035,SKU00036,6
2026-03-15,S035,SKU00036,7
2026-03-08,S035,SKU00036,5
2026-03-01,S035,SKU00036,12
2026-02-22,S035,SKU00036,8
2026-04-12,S036,SKU00072,1
2026-04-05,S036,SKU00072,1
2026-03-29,S036,SKU00072,2
2026-03-22,S036,SKU00072,3
2026-03-15,S036,SKU00072,3
2026-03-08,S036,SKU00072,2
2026-03-01,S036,SKU00072,1
2026-02-22,S036,SKU00072,1
2026-04-12,S039,SKU00054,1
2026-04-05,S039,SKU00054,2
2026-03-29,S039,SKU00054,1
2026-03-22,S039,SKU00054,1
2026-03-15,S039,SKU00054,1
2026-03-01,S039,SKU00054,1
2026-02-22,S039,SKU00054,1
2026-04-12,S051,SKU00051,2
2026-03-29,S051,SKU00051,1
2026-03-22,S051,SKU00051,1
2026-03-15,S051,SKU00051,2
2026-03-08,S051,SKU00051,1
2026-02-22,S051,SKU00051,3
2026-04-12,S031,SKU00057,3
2026-04-05,S031,SKU00057,1
2026-03-29,S031,SKU00057,4
2026-03-22,S031,SKU00057,4
2026-03-15,S031,SKU00057,2
2026-03-08,S031,SKU00057,1
2026-03-01,S031,SKU00057,1
2026-02-22,S031,SKU00057,1
2026-04-12,S042,SKU00020,10
2026-04-05,S042,SKU00020,5
2026-03-29,S042,SKU00020,8
2026-03-22,S042,SKU00020,8
2026-03-15,S042,SKU00020,12
2026-03-08,S042,SKU00020,5
2026-03-01,S042,SKU00020,4
2026-02-22,S042,SKU00020,5
2026-04-12,S042,SKU00053,2
2026-04-05,S042,SKU00053,2
2026-03-29,S042,SKU00053,2
2026-03-22,S042,SKU00053,2
2026-03-15,S042,SKU00053,1
2026-03-08,S042,SKU00053,2
2026-03-01,S042,SKU00053,2
2026-02-22,S042,SKU00053,1
2026-04-12,S050,SKU00046,2
2026-04-05,S050,SKU00046,1
2026-03-15,S050,SKU00046,4
2026-03-08,S050,SKU00046,1
2026-03-01,S050,SKU00046,2
2026-02-22,S050,SKU00046,2
2026-04-12,S063,SKU00038,5
2026-04-05,S063,SKU00038,3
2026-03-29,S063,SKU00038,2
2026-03-22,S063,SKU00038,4
2026-03-15,S063,SKU00038,6
2026-03-08,S063,SKU00038,4
2026-03-01,S063,SKU00038,5
2026-02-22,S063,SKU00038,2
2026-04-12,S027,SKU00068,1
2026-04-05,S027,SKU00068,2
2026-03-29,S027,SKU00068,1
2026-03-22,S027,SKU00068,2
2026-03-15,S027,SKU00068,1
2026-03-08,S027,SKU00068,1
2026-03-01,S027,SKU00068,1
2026-02-22,S027,SKU00068,1
2026-04-12,S063,SKU00025,4
2026-04-05,S063,SKU00025,3
2026-03-22,S063,SKU00025,2
2026-03-15,S063,SKU00025,3
2026-03-08,S063,SKU00025,4
2026-03-01,S063,SKU00025,3
2026-02-22,S063,SKU00025,5
2026-04-12,S035,SKU00045,14
2026-04-05,S035,SKU00045,7
2026-03-29,S035,SKU00045,11
2026-03-22,S035,SKU00045,14
2026-03-15,S035,SKU00045,12
2026-03-08,S035,SKU00045,15
2026-03-01,S035,SKU00045,15
2026-02-22,S035,SKU00045,10
2026-04-12,S009,SKU00001,23
2026-04-05,S009,SKU00001,19
2026-03-29,S009,SKU00001,21
2026-03-22,S009,SKU00001,23
2026-03-15,S009,SKU00001,20
2026-03-08,S009,SKU00001,26
2026-03-01,S009,SKU00001,25
2026-02-22,S009,SKU00001,23
2026-04-12,S022,SKU00017,8
2026-04-05,S022,SKU00017,17
2026-03-29,S022,SKU00017,12
2026-03-22,S022,SKU00017,8
2026-03-15,S022,SKU00017,18
2026-03-08,S022,SKU00017,12
2026-03-01,S022,SKU00017,6
2026-02-22,S022,SKU00017,13
2026-04-12,S044,SKU00032,4
2026-04-05,S044,SKU00032,5
2026-03-29,S044,SKU00032,5
2026-03-22,S044,SKU00032,4
2026-03-15,S044,SKU00032,2
2026-03-08,S044,SKU00032,5
2026-03-01,S044,SKU00032,5
2026-02-22,S044,SKU00032,3
2026-04-12,S063,SKU00007,3
2026-04-05,S063,SKU00007,3
2026-03-29,S063,SKU00007,1
2026-03-22,S063,SKU00007,2
2026-03-15,S063,SKU00007,3
2026-03-08,S063,SKU00007,1
2026-02-22,S063,SKU00007,2
2026-04-12,S060,SKU00017,1
2026-04-05,S060,SKU00017,4
2026-03-29,S060,SKU00017,9
2026-03-22,S060,SKU00017,6
2026-03-15,S060,SKU00017,5
2026-03-08,S060,SKU00017,5
2026-03-01,S060,SKU00017,3
2026-02-22,S060,SKU00017,2
2026-04-12,S037,SKU00064,1
2026-04-12,S011,SKU00020,6
2026-04-05,S011,SKU00020,7
2026-03-29,S011,SKU00020,6
2026-03-22,S011,SKU00020,4
2026-03-15,S011,SKU00020,5
2026-03-08,S011,SKU00020,5
2026-03-01,S011,SKU00020,6
2026-02-22,S011,SKU00020,6
2026-04-12,S011,SKU00053,1
2026-04-05,S011,SKU00053,1
2026-03-29,S011,SKU00053,1
2026-03-22,S011,SKU00053,1
2026-03-15,S011,SKU00053,1
2026-03-08,S011,SKU00053,1
2026-03-01,S011,SKU00053,1
2026-02-22,S011,SKU00053,1
2026-04-12,S012,SKU00018,4
2026-04-05,S012,SKU00018,7
2026-03-29,S012,SKU00018,8
2026-03-22,S012,SKU00018,5
2026-03-15,S012,SKU00018,5
2026-03-08,S012,SKU00018,6
2026-03-01,S012,SKU00018,9
2026-02-22,S012,SKU00018,7
2026-04-12,S021,SKU00038,12
2026-04-05,S021,SKU00038,13
2026-03-29,S021,SKU00038,14
2026-03-22,S021,SKU00038,17
2026-03-15,S021,SKU00038,10
2026-03-08,S021,SKU00038,16
2026-03-01,S021,SKU00038,12
2026-02-22,S021,SKU00038,7
2026-04-12,S052,SKU00015,5
2026-04-05,S052,SKU00015,10
2026-03-29,S052,SKU00015,5
2026-03-22,S052,SKU00015,8
2026-03-15,S052,SKU00015,7
2026-03-08,S052,SKU00015,6
2026-03-01,S052,SKU00015,9
2026-02-22,S052,SKU00015,3
2026-04-05,S008,SKU00056,1
2026-03-01,S008,SKU00056,1
2026-02-22,S008,SKU00056,1
2026-04-12,S010,SKU00028,5
2026-04-05,S010,SKU00028,2
2026-03-29,S010,SKU00028,5
2026-03-22,S010,SKU00028,3
2026-03-15,S010,SKU00028,3
2026-03-08,S010,SKU00028,5
2026-03-01,S010,SKU00028,5
2026-02-22,S010,SKU00028,4
2026-04-12,S029,SKU00035,6
2026-04-05,S029,SKU00035,6
2026-03-29,S029,SKU00035,4
2026-03-22,S029,SKU00035,5
2026-03-15,S029,SKU00035,5
2026-03-08,S029,SKU00035,3
2026-03-01,S029,SKU00035,4
2026-02-22,S029,SKU00035,4
2026-04-05,S009,SKU00062,1
2026-03-22,S009,SKU00062,1
2026-02-22,S009,SKU00062,1
2026-04-12,S025,SKU00036,13
2026-04-05,S025,SKU00036,14
2026-03-29,S025,SKU00036,18
2026-03-22,S025,SKU00036,14
2026-03-15,S025,SKU00036,13
2026-03-08,S025,SKU00036,11
2026-03-01,S025,SKU00036,15
2026-02-22,S025,SKU00036,13
2026-04-12,S029,SKU00030,5
2026-04-05,S029,SKU00030,12
2026-03-29,S029,SKU00030,11
2026-03-22,S029,SKU00030,4
2026-03-15,S029,SKU00030,11
2026-03-08,S029,SKU00030,10
2026-03-01,S029,SKU00030,13
2026-02-22,S029,SKU00030,9
2026-04-12,S062,SKU00055,1
2026-03-29,S062,SKU00055,1
2026-03-22,S062,SKU00055,2
2026-03-15,S062,SKU00055,2
2026-03-08,S062,SKU00055,3
2026-03-01,S062,SKU00055,2
2026-02-22,S062,SKU00055,3
2026-04-12,S019,SKU00040,12
2026-04-05,S019,SKU00040,11
2026-03-29,S019,SKU00040,10
2026-03-22,S019,SKU00040,10
2026-03-15,S019,SKU00040,4
2026-03-08,S019,SKU00040,11
2026-03-01,S019,SKU00040,9
2026-02-22,S019,SKU00040,9
2026-04-12,S002,SKU00029,11
2026-04-05,S002,SKU00029,13
2026-03-29,S002,SKU00029,12
2026-03-22,S002,SKU00029,13
2026-03-15,S002,SKU00029,13
2026-03-08,S002,SKU00029,10
2026-03-01,S002,SKU00029,10
2026-02-22,S002,SKU00029,10
2026-04-12,S009,SKU00042,14
2026-04-05,S009,SKU00042,20
2026-03-29,S009,SKU00042,28
2026-03-22,S009,SKU00042,20
2026-03-15,S009,SKU00042,13
2026-03-08,S009,SKU00042,15
2026-03-01,S009,SKU00042,20
2026-02-22,S009,SKU00042,20
2026-04-12,S053,SKU00010,3
2026-04-05,S053,SKU00010,4
2026-03-29,S053,SKU00010,5
2026-03-22,S053,SKU00010,1
2026-03-15,S053,SKU00010,1
2026-03-08,S053,SKU00010,9
2026-03-01,S053,SKU00010,2
2026-02-22,S053,SKU00010,2
2026-04-12,S033,SKU00020,17
2026-04-05,S033,SKU00020,13
2026-03-29,S033,SKU00020,7
2026-03-22,S033,SKU00020,12
2026-03-15,S033,SKU00020,12
2026-03-08,S033,SKU00020,12
2026-03-01,S033,SKU00020,12
2026-02-22,S033,SKU00020,1
2026-04-12,S004,SKU00056,4
2026-04-05,S004,SKU00056,4
2026-03-29,S004,SKU00056,5
2026-03-22,S004,SKU00056,4
2026-03-15,S004,SKU00056,5
2026-03-08,S004,SKU00056,5
2026-03-01,S004,SKU00056,4
2026-02-22,S004,SKU00056,3
2026-04-12,S008,SKU00050,9
2026-04-05,S008,SKU00050,6
2026-03-29,S008,SKU00050,9
2026-03-22,S008,SKU00050,6
2026-03-15,S008,SKU00050,7
2026-03-08,S008,SKU00050,7
2026-03-01,S008,SKU00050,7
2026-02-22,S008,SKU00050,9
2026-04-12,S041,SKU00029,2
2026-04-05,S041,SKU00029,1
2026-03-29,S041,SKU00029,2
2026-03-22,S041,SKU00029,2
2026-03-15,S041,SKU00029,2
2026-03-08,S041,SKU00029,2
2026-03-01,S041,SKU00029,1
2026-02-22,S041,SKU00029,2
2026-04-12,S002,SKU00051,4
2026-04-05,S002,SKU00051,4
2026-03-29,S002,SKU00051,5
2026-03-22,S002,SKU00051,4
2026-03-15,S002,SKU00051,5
2026-03-08,S002,SKU00051,4
2026-03-01,S002,SKU00051,4
2026-02-22,S002,SKU00051,5
2026-04-12,S063,SKU00073,1
2026-04-05,S063,SKU00073,2
2026-03-22,S063,SKU00073,1
2026-03-08,S063,SKU00073,1
2026-03-01,S063,SKU00073,1
2026-02-22,S063,SKU00073,2
2026-04-12,S014,SKU00010,20
2026-04-05,S014,SKU00010,22
2026-03-29,S014,SKU00010,14
2026-03-22,S014,SKU00010,17
2026-03-15,S014,SKU00010,15
2026-03-08,S014,SKU00010,16
2026-03-01,S014,SKU00010,13
2026-02-22,S014,SKU00010,15
2026-04-12,S010,SKU00034,17
2026-04-05,S010,SKU00034,17
2026-03-29,S010,SKU00034,22
2026-03-22,S010,SKU00034,13
2026-03-15,S010,SKU00034,19
2026-03-08,S010,SKU00034,17
2026-03-01,S010,SKU00034,19
2026-02-22,S010,SKU00034,18
2026-04-12,S026,SKU00067,1
2026-04-05,S026,SKU00067,3
2026-03-29,S026,SKU00067,1
2026-03-22,S026,SKU00067,2
2026-03-15,S026,SKU00067,3
2026-03-08,S026,SKU00067,2
2026-03-01,S026,SKU00067,2
2026-02-22,S026,SKU00067,3
2026-04-12,S010,SKU00031,6
2026-04-05,S010,SKU00031,8
2026-03-29,S010,SKU00031,8
2026-03-22,S010,SKU00031,9
2026-03-15,S010,SKU00031,5
2026-03-08,S010,SKU00031,8
2026-03-01,S010,SKU00031,8
2026-02-22,S010,SKU00031,5
2026-04-12,S002,SKU00001,13
2026-04-05,S002,SKU00001,24
2026-03-29,S002,SKU00001,19
2026-03-22,S002,SKU00001,18
2026-03-15,S002,SKU00001,17
2026-03-08,S002,SKU00001,18
2026-03-01,S002,SKU00001,18
2026-02-22,S002,SKU00001,21
2026-04-12,S007,SKU00025,10
2026-04-05,S007,SKU00025,6
2026-03-29,S007,SKU00025,7
2026-03-22,S007,SKU00025,8
2026-03-15,S007,SKU00025,6
2026-03-08,S007,SKU00025,6
2026-03-01,S007,SKU00025,8
2026-02-22,S007,SKU00025,7
2026-04-12,S039,SKU00008,3
2026-04-05,S039,SKU00008,2
2026-03-29,S039,SKU00008,3
2026-03-22,S039,SKU00008,4
2026-03-15,S039,SKU00008,4
2026-03-08,S039,SKU00008,3
2026-03-01,S039,SKU00008,3
2026-02-22,S039,SKU00008,3
2026-04-12,S041,SKU00051,2
2026-04-05,S041,SKU00051,3
2026-03-29,S041,SKU00051,2
2026-03-22,S041,SKU00051,2
2026-03-15,S041,SKU00051,2
2026-03-08,S041,SKU00051,2
2026-03-01,S041,SKU00051,1
2026-02-22,S041,SKU00051,1
2026-04-12,S002,SKU00046,9
2026-04-05,S002,SKU00046,12
2026-03-29,S002,SKU00046,11
2026-03-22,S002,SKU00046,11
2026-03-15,S002,SKU00046,10
2026-03-08,S002,SKU00046,10
2026-03-01,S002,SKU00046,10
2026-02-22,S002,SKU00046,7
2026-04-12,S001,SKU00033,13
2026-04-05,S001,SKU00033,15
2026-03-29,S001,SKU00033,8
2026-03-22,S001,SKU00033,16
2026-03-15,S001,SKU00033,12
2026-03-08,S001,SKU00033,17
2026-03-01,S001,SKU00033,15
2026-02-22,S001,SKU00033,13
2026-04-12,S048,SKU00010,1
2026-04-05,S048,SKU00010,1
2026-03-29,S048,SKU00010,2
2026-03-22,S048,SKU00010,1
2026-03-15,S048,SKU00010,3
2026-03-08,S048,SKU00010,1
2026-04-12,S005,SKU00040,16
2026-04-05,S005,SKU00040,19
2026-03-29,S005,SKU00040,15
2026-03-22,S005,SKU00040,23
2026-03-15,S005,SKU00040,22
2026-03-08,S005,SKU00040,18
2026-03-01,S005,SKU00040,21
2026-02-22,S005,SKU00040,24
2026-04-12,S041,SKU00046,3
2026-04-05,S041,SKU00046,4
2026-03-29,S041,SKU00046,3
2026-03-22,S041,SKU00046,5
2026-03-15,S041,SKU00046,5
2026-03-08,S041,SKU00046,4
2026-03-01,S041,SKU00046,4
2026-02-22,S041,SKU00046,2
2026-04-12,S006,SKU00011,23
2026-04-05,S006,SKU00011,17
2026-03-29,S006,SKU00011,12
2026-03-22,S006,SKU00011,20
2026-03-15,S006,SKU00011,20
2026-03-08,S006,SKU00011,15
2026-03-01,S006,SKU00011,23
2026-02-22,S006,SKU00011,15
2026-04-05,S046,SKU00035,9
2026-03-29,S046,SKU00035,11
2026-03-22,S046,SKU00035,12
2026-03-15,S046,SKU00035,11
2026-03-08,S046,SKU00035,7
2026-03-01,S046,SKU00035,4
2026-02-22,S046,SKU00035,8
2026-04-12,S045,SKU00051,1
2026-04-05,S045,SKU00051,1
2026-03-29,S045,SKU00051,1
2026-03-15,S045,SKU00051,1
2026-03-08,S045,SKU00051,1
2026-03-01,S045,SKU00051,1
2026-02-22,S045,SKU00051,1
2026-04-12,S032,SKU00029,2
2026-04-05,S032,SKU00029,4
2026-03-29,S032,SKU00029,2
2026-03-22,S032,SKU00029,3
2026-03-15,S032,SKU00029,4
2026-03-01,S032,SKU00029,1
2026-02-22,S032,SKU00029,4
2026-04-12,S004,SKU00019,20
2026-04-05,S004,SKU00019,22
2026-03-29,S004,SKU00019,23
2026-03-22,S004,SKU00019,13
2026-03-15,S004,SKU00019,21
2026-03-08,S004,SKU00019,21
2026-03-01,S004,SKU00019,30
2026-02-22,S004,SKU00019,20
2026-04-12,S012,SKU00017,6
2026-04-05,S012,SKU00017,9
2026-03-29,S012,SKU00017,5
2026-03-22,S012,SKU00017,5
2026-03-15,S012,SKU00017,5
2026-03-08,S012,SKU00017,5
2026-03-01,S012,SKU00017,5
2026-02-22,S012,SKU00017,9
2026-04-12,S045,SKU00001,4
2026-04-05,S045,SKU00001,7
2026-03-29,S045,SKU00001,7
2026-03-22,S045,SKU00001,4
2026-03-15,S045,SKU00001,9
2026-03-01,S045,SKU00001,5
2026-02-22,S045,SKU00001,7
2026-04-12,S049,SKU00043,1
2026-04-05,S049,SKU00043,1
2026-03-29,S049,SKU00043,2
2026-03-22,S049,SKU00043,2
2026-03-15,S049,SKU00043,2
2026-03-08,S049,SKU00043,1
2026-03-01,S049,SKU00043,2
2026-02-22,S049,SKU00043,2
2026-04-12,S050,SKU00031,3
2026-04-05,S050,SKU00031,3
2026-03-29,S050,SKU00031,2
2026-03-22,S050,SKU00031,2
2026-03-15,S050,SKU00031,1
2026-03-08,S050,SKU00031,2
2026-03-01,S050,SKU00031,3
2026-02-22,S050,SKU00031,2
2026-04-12,S030,SKU00072,4
2026-04-05,S030,SKU00072,4
2026-03-29,S030,SKU00072,4
2026-03-22,S030,SKU00072,3
2026-03-15,S030,SKU00072,2
2026-03-08,S030,SKU00072,4
2026-03-01,S030,SKU00072,3
2026-02-22,S030,SKU00072,2
2026-04-12,S038,SKU00038,8
2026-04-05,S038,SKU00038,4
2026-03-29,S038,SKU00038,4
2026-03-22,S038,SKU00038,6
2026-03-15,S038,SKU00038,4
2026-03-08,S038,SKU00038,5
2026-03-01,S038,SKU00038,5
2026-02-22,S038,SKU00038,6
2026-04-12,S018,SKU00023,11
2026-04-05,S018,SKU00023,16
2026-03-29,S018,SKU00023,12
2026-03-22,S018,SKU00023,13
2026-03-15,S018,SKU00023,8
2026-03-08,S018,SKU00023,13
2026-03-01,S018,SKU00023,10
2026-02-22,S018,SKU00023,12
2026-04-12,S029,SKU00015,13
2026-04-05,S029,SKU00015,10
2026-03-29,S029,SKU00015,9
2026-03-22,S029,SKU00015,10
2026-03-15,S029,SKU00015,8
2026-03-08,S029,SKU00015,12
2026-03-01,S029,SKU00015,11
2026-02-22,S029,SKU00015,9
2026-04-05,S029,SKU00053,1
2026-03-22,S029,SKU00053,1
2026-03-15,S029,SKU00053,1
2026-03-08,S029,SKU00053,1
2026-02-22,S029,SKU00053,1
2026-04-12,S008,SKU00065,1
2026-04-05,S008,SKU00065,1
2026-03-29,S008,SKU00065,1
2026-03-22,S008,SKU00065,1
2026-03-08,S008,SKU00065,1
2026-03-01,S008,SKU00065,1
2026-02-22,S008,SKU00065,1
2026-04-12,S002,SKU00005,7
2026-04-05,S002,SKU00005,4
2026-03-29,S002,SKU00005,5
2026-03-22,S002,SKU00005,7
2026-03-15,S002,SKU00005,7
2026-03-08,S002,SKU00005,9
2026-03-01,S002,SKU00005,8
2026-02-22,S002,SKU00005,7
2026-04-12,S028,SKU00033,13
2026-04-05,S028,SKU00033,17
2026-03-29,S028,SKU00033,16
2026-03-22,S028,SKU00033,13
2026-03-15,S028,SKU00033,14
2026-03-08,S028,SKU00033,15
2026-03-01,S028,SKU00033,14
2026-02-22,S028,SKU00033,13
2026-04-12,S032,SKU00046,9
2026-04-05,S032,SKU00046,13
2026-03-29,S032,SKU00046,10
2026-03-22,S032,SKU00046,9
2026-03-15,S032,SKU00046,8
2026-03-08,S032,SKU00046,12
2026-03-01,S032,SKU00046,7
2026-02-22,S032,SKU00046,14
2026-04-12,S027,SKU00010,11
2026-04-05,S027,SKU00010,12
2026-03-29,S027,SKU00010,10
2026-03-22,S027,SKU00010,12
2026-03-15,S027,SKU00010,10
2026-03-08,S027,SKU00010,10
2026-03-01,S027,SKU00010,11
2026-02-22,S027,SKU00010,7
2026-04-12,S038,SKU00025,4
2026-04-05,S038,SKU00025,6
2026-03-29,S038,SKU00025,4
2026-03-22,S038,SKU00025,7
2026-03-15,S038,SKU00025,3
2026-03-08,S038,SKU00025,3
2026-03-01,S038,SKU00025,4
2026-02-22,S038,SKU00025,6
2026-04-12,S053,SKU00066,1
2026-04-05,S053,SKU00066,2
2026-03-22,S053,SKU00066,2
2026-03-08,S053,SKU00066,1
2026-04-12,S031,SKU00071,1
2026-04-05,S031,SKU00071,2
2026-03-29,S031,SKU00071,1
2026-03-22,S031,SKU00071,1
2026-03-15,S031,SKU00071,2
2026-03-08,S031,SKU00071,3
2026-03-01,S031,SKU00071,3
2026-04-12,S026,SKU00011,3
2026-04-05,S026,SKU00011,2
2026-03-29,S026,SKU00011,2
2026-03-22,S026,SKU00011,3
2026-03-15,S026,SKU00011,2
2026-03-08,S026,SKU00011,3
2026-03-01,S026,SKU00011,4
2026-02-22,S026,SKU00011,3
2026-04-12,S022,SKU00061,2
2026-04-05,S022,SKU00061,2
2026-03-29,S022,SKU00061,1
2026-03-22,S022,SKU00061,2
2026-03-15,S022,SKU00061,1
2026-03-08,S022,SKU00061,1
2026-03-01,S022,SKU00061,2
2026-02-22,S022,SKU00061,1
2026-04-05,S019,SKU00062,1
2026-03-29,S019,SKU00062,2
2026-03-22,S019,SKU00062,1
2026-03-15,S019,SKU00062,1
2026-03-08,S019,SKU00062,1
2026-03-01,S019,SKU00062,1
2026-02-22,S019,SKU00062,1
2026-04-12,S020,SKU00068,1
2026-04-05,S020,SKU00068,2
2026-03-29,S020,SKU00068,2
2026-03-22,S020,SKU00068,2
2026-03-15,S020,SKU00068,1
2026-03-08,S020,SKU00068,2
2026-03-01,S020,SKU00068,2
2026-02-22,S020,SKU00068,2
2026-04-12,S051,SKU00003,7
2026-04-05,S051,SKU00003,9
2026-03-29,S051,SKU00003,11
2026-04-12,S001,SKU00058,2
2026-04-05,S001,SKU00058,2
2026-03-29,S001,SKU00058,2
2026-03-22,S001,SKU00058,1
2026-03-15,S001,SKU00058,2
2026-03-08,S001,SKU00058,2
2026-03-01,S001,SKU00058,2
2026-02-22,S001,SKU00058,2
2026-04-12,S018,SKU00029,11
2026-04-05,S018,SKU00029,7
2026-03-29,S018,SKU00029,9
2026-03-22,S018,SKU00029,6
2026-03-15,S018,SKU00029,8
2026-03-08,S018,SKU00029,10
2026-03-01,S018,SKU00029,7
2026-02-22,S018,SKU00029,12
2026-04-12,S009,SKU00003,11
2026-04-05,S009,SKU00003,12
2026-03-29,S009,SKU00003,11
2026-03-22,S009,SKU00003,10
2026-03-15,S009,SKU00003,14
2026-03-08,S009,SKU00003,14
2026-03-01,S009,SKU00003,11
2026-02-22,S009,SKU00003,11
2026-04-12,S019,SKU00042,17
2026-04-05,S019,SKU00042,11
2026-03-29,S019,SKU00042,14
2026-03-22,S019,SKU00042,16
2026-03-15,S019,SKU00042,17
2026-03-08,S019,SKU00042,16
2026-03-01,S019,SKU00042,15
2026-02-22,S019,SKU00042,18
2026-04-12,S061,SKU00047,1
2026-03-29,S061,SKU00047,2
2026-03-15,S061,SKU00047,1
2026-03-01,S061,SKU00047,1
2026-04-12,S037,SKU00072,1
2026-04-05,S037,SKU00072,1
2026-03-29,S037,SKU00072,1
2026-03-22,S037,SKU00072,2
2026-03-15,S037,SKU00072,2
2026-03-08,S037,SKU00072,2
2026-03-01,S037,SKU00072,2
2026-02-22,S037,SKU00072,3
2026-04-12,S058,SKU00038,10
2026-04-05,S058,SKU00038,6
2026-03-29,S058,SKU00038,15
2026-03-22,S058,SKU00038,13
2026-03-15,S058,SKU00038,14
2026-03-08,S058,SKU00038,7
2026-03-01,S058,SKU00038,11
2026-02-22,S058,SKU00038,6
2026-04-12,S014,SKU00018,8
2026-04-05,S014,SKU00018,8
2026-03-29,S014,SKU00018,7
2026-03-22,S014,SKU00018,6
2026-03-15,S014,SKU00018,7
2026-03-08,S014,SKU00018,6
2026-03-01,S014,SKU00018,8
2026-02-22,S014,SKU00018,8
2026-04-12,S002,SKU00034,20
2026-04-05,S002,SKU00034,33
2026-03-29,S002,SKU00034,23
2026-03-22,S002,SKU00034,23
2026-03-15,S002,SKU00034,22
2026-03-08,S002,SKU00034,29
2026-03-01,S002,SKU00034,20
2026-02-22,S002,SKU00034,21
2026-04-12,S058,SKU00025,12
2026-04-05,S058,SKU00025,2
2026-03-29,S058,SKU00025,4
2026-03-22,S058,SKU00025,14
2026-03-15,S058,SKU00025,8
2026-03-01,S058,SKU00025,7
2026-04-12,S018,SKU00046,15
2026-04-05,S018,SKU00046,14
2026-03-29,S018,SKU00046,8
2026-03-22,S018,SKU00046,17
2026-03-15,S018,SKU00046,21
2026-03-08,S018,SKU00046,16
2026-03-01,S018,SKU00046,18
2026-02-22,S018,SKU00046,15
2026-04-12,S031,SKU00047,5
2026-04-05,S031,SKU00047,2
2026-03-29,S031,SKU00047,5
2026-03-22,S031,SKU00047,1
2026-03-15,S031,SKU00047,4
2026-03-08,S031,SKU00047,3
2026-03-01,S031,SKU00047,3
2026-02-22,S031,SKU00047,2
2026-04-12,S059,SKU00040,4
2026-04-05,S059,SKU00040,2
2026-03-29,S059,SKU00040,8
2026-03-22,S059,SKU00040,7
2026-03-15,S059,SKU00040,17
2026-03-08,S059,SKU00040,9
2026-03-01,S059,SKU00040,9
2026-02-22,S059,SKU00040,7
2026-04-12,S008,SKU00044,5
2026-04-05,S008,SKU00044,5
2026-03-29,S008,SKU00044,6
2026-03-22,S008,SKU00044,4
2026-03-15,S008,SKU00044,4
2026-03-08,S008,SKU00044,5
2026-03-01,S008,SKU00044,3
2026-02-22,S008,SKU00044,4
2026-04-12,S046,SKU00053,2
2026-04-05,S046,SKU00053,2
2026-03-29,S046,SKU00053,2
2026-03-22,S046,SKU00053,2
2026-03-15,S046,SKU00053,3
2026-03-08,S046,SKU00053,1
2026-03-01,S046,SKU00053,1
2026-04-12,S041,SKU00031,11
2026-04-05,S041,SKU00031,23
2026-03-29,S041,SKU00031,15
2026-03-22,S041,SKU00031,14
2026-03-15,S041,SKU00031,18
2026-03-08,S041,SKU00031,19
2026-03-01,S041,SKU00031,12
2026-02-22,S041,SKU00031,13
2026-04-12,S043,SKU00009,7
2026-04-05,S043,SKU00009,10
2026-03-29,S043,SKU00009,13
2026-03-22,S043,SKU00009,11
2026-03-15,S043,SKU00009,6
2026-03-08,S043,SKU00009,11
2026-03-01,S043,SKU00009,13
2026-02-22,S043,SKU00009,12
2026-04-12,S005,SKU00042,27
2026-04-05,S005,SKU00042,29
2026-03-29,S005,SKU00042,25
2026-03-22,S005,SKU00042,26
2026-03-15,S005,SKU00042,27
2026-03-08,S005,SKU00042,26
2026-03-01,S005,SKU00042,31
2026-02-22,S005,SKU00042,26
2026-04-12,S006,SKU00024,16
2026-04-05,S006,SKU00024,6
2026-03-29,S006,SKU00024,10
2026-03-22,S006,SKU00024,15
2026-03-15,S006,SKU00024,14
2026-03-08,S006,SKU00024,12
2026-03-01,S006,SKU00024,14
2026-02-22,S006,SKU00024,17
2026-04-12,S004,SKU00044,10
2026-04-05,S004,SKU00044,10
2026-03-29,S004,SKU00044,8
2026-03-22,S004,SKU00044,11
2026-03-15,S004,SKU00044,11
2026-03-08,S004,SKU00044,11
2026-03-01,S004,SKU00044,13
2026-02-22,S004,SKU00044,15
2026-04-12,S010,SKU00070,1
2026-04-05,S010,SKU00070,1
2026-03-29,S010,SKU00070,1
2026-03-22,S010,SKU00070,1
2026-03-15,S010,SKU00070,1
2026-03-08,S010,SKU00070,1
2026-03-01,S010,SKU00070,2
2026-02-22,S010,SKU00070,2
2026-04-12,S012,SKU00032,22
2026-04-05,S012,SKU00032,25
2026-03-29,S012,SKU00032,27
2026-03-22,S012,SKU00032,19
2026-03-15,S012,SKU00032,16
2026-03-08,S012,SKU00032,27
2026-03-01,S012,SKU00032,21
2026-02-22,S012,SKU00032,19
2026-04-12,S017,SKU00023,17
2026-04-05,S017,SKU00023,12
2026-03-29,S017,SKU00023,11
2026-03-22,S017,SKU00023,14
2026-03-15,S017,SKU00023,14
2026-03-08,S017,SKU00023,15
2026-03-01,S017,SKU00023,12
2026-02-22,S017,SKU00023,11
2026-04-12,S024,SKU00019,5
2026-04-05,S024,SKU00019,8
2026-03-29,S024,SKU00019,9
2026-03-22,S024,SKU00019,8
2026-03-15,S024,SKU00019,5
2026-03-08,S024,SKU00019,8
2026-03-01,S024,SKU00019,10
2026-02-22,S024,SKU00019,6
2026-04-12,S016,SKU00035,29
2026-04-05,S016,SKU00035,24
2026-03-29,S016,SKU00035,31
2026-03-22,S016,SKU00035,24
2026-03-15,S016,SKU00035,30
2026-03-08,S016,SKU00035,31
2026-03-01,S016,SKU00035,26
2026-02-22,S016,SKU00035,23
2026-04-12,S016,SKU00030,13
2026-04-05,S016,SKU00030,17
2026-03-29,S016,SKU00030,5
2026-03-22,S016,SKU00030,18
2026-03-15,S016,SKU00030,15
2026-03-08,S016,SKU00030,13
2026-03-01,S016,SKU00030,16
2026-02-22,S016,SKU00030,14
2026-04-12,S043,SKU00057,2
2026-04-05,S043,SKU00057,1
2026-03-29,S043,SKU00057,1
2026-03-22,S043,SKU00057,1
2026-03-15,S043,SKU00057,1
2026-03-08,S043,SKU00057,1
2026-02-22,S043,SKU00057,1
2026-04-12,S035,SKU00066,3
2026-04-05,S035,SKU00066,3
2026-03-29,S035,SKU00066,3
2026-03-22,S035,SKU00066,4
2026-03-15,S035,SKU00066,2
2026-03-08,S035,SKU00066,3
2026-03-01,S035,SKU00066,2
2026-02-22,S035,SKU00066,3
2026-04-12,S006,SKU00029,3
2026-04-05,S006,SKU00029,3
2026-03-29,S006,SKU00029,4
2026-03-22,S006,SKU00029,2
2026-03-15,S006,SKU00029,3
2026-03-08,S006,SKU00029,4
2026-03-01,S006,SKU00029,1
2026-02-22,S006,SKU00029,4
2026-04-12,S005,SKU00027,25
2026-04-05,S005,SKU00027,25
2026-03-29,S005,SKU00027,31
2026-03-22,S005,SKU00027,24
2026-03-15,S005,SKU00027,32
2026-03-08,S005,SKU00027,25
2026-03-01,S005,SKU00027,28
2026-02-22,S005,SKU00027,33
2026-04-12,S010,SKU00004,18
2026-04-05,S010,SKU00004,24
2026-03-29,S010,SKU00004,20
2026-03-22,S010,SKU00004,18
2026-03-15,S010,SKU00004,24
2026-03-08,S010,SKU00004,28
2026-03-01,S010,SKU00004,19
2026-02-22,S010,SKU00004,23
2026-04-12,S032,SKU00034,8
2026-04-05,S032,SKU00034,6
2026-03-29,S032,SKU00034,6
2026-03-22,S032,SKU00034,2
2026-03-15,S032,SKU00034,5
2026-03-08,S032,SKU00034,4
2026-03-01,S032,SKU00034,5
2026-02-22,S032,SKU00034,7
2026-04-12,S012,SKU00061,1
2026-04-05,S012,SKU00061,1
2026-03-29,S012,SKU00061,1
2026-03-22,S012,SKU00061,1
2026-03-15,S012,SKU00061,1
2026-03-08,S012,SKU00061,1
2026-03-01,S012,SKU00061,1
2026-02-22,S012,SKU00061,1
2026-04-12,S003,SKU00067,4
2026-04-05,S003,SKU00067,4
2026-03-29,S003,SKU00067,4
2026-03-22,S003,SKU00067,3
2026-03-15,S003,SKU00067,4
2026-03-08,S003,SKU00067,3
2026-03-01,S003,SKU00067,3
2026-02-22,S003,SKU00067,3
2026-04-12,S006,SKU00051,4
2026-04-05,S006,SKU00051,4
2026-03-29,S006,SKU00051,5
2026-03-22,S006,SKU00051,5
2026-03-15,S006,SKU00051,5
2026-03-08,S006,SKU00051,3
2026-03-01,S006,SKU00051,5
2026-02-22,S006,SKU00051,5
2026-04-05,S061,SKU00049,1
2026-03-15,S061,SKU00049,2
2026-03-08,S061,SKU00049,4
2026-03-01,S061,SKU00049,4
2026-04-05,S024,SKU00054,1
2026-04-12,S045,SKU00003,4
2026-04-05,S045,SKU00003,5
2026-03-29,S045,SKU00003,6
2026-03-22,S045,SKU00003,6
2026-03-15,S045,SKU00003,10
2026-03-08,S045,SKU00003,6
2026-03-01,S045,SKU00003,10
2026-02-22,S045,SKU00003,6
2026-04-12,S006,SKU00001,37
2026-04-05,S006,SKU00001,20
2026-03-29,S006,SKU00001,39
2026-03-22,S006,SKU00001,29
2026-03-15,S006,SKU00001,23
2026-03-08,S006,SKU00001,30
2026-03-01,S006,SKU00001,28
2026-02-22,S006,SKU00001,25
2026-04-12,S018,SKU00028,17
2026-04-05,S018,SKU00028,13
2026-03-29,S018,SKU00028,13
2026-03-22,S018,SKU00028,15
2026-03-15,S018,SKU00028,10
2026-03-08,S018,SKU00028,14
2026-03-01,S018,SKU00028,16
2026-02-22,S018,SKU00028,14
2026-04-12,S006,SKU00046,19
2026-04-05,S006,SKU00046,18
2026-03-29,S006,SKU00046,23
2026-03-22,S006,SKU00046,22
2026-03-15,S006,SKU00046,23
2026-03-08,S006,SKU00046,31
2026-03-01,S006,SKU00046,21
2026-02-22,S006,SKU00046,23
2026-04-12,S001,SKU00014,6
2026-04-05,S001,SKU00014,6
2026-03-29,S001,SKU00014,5
2026-03-22,S001,SKU00014,4
2026-03-15,S001,SKU00014,5
2026-03-08,S001,SKU00014,5
2026-03-01,S001,SKU00014,4
2026-02-22,S001,SKU00014,5
2026-04-12,S026,SKU00024,10
2026-04-05,S026,SKU00024,7
2026-03-29,S026,SKU00024,7
2026-03-22,S026,SKU00024,9
2026-03-15,S026,SKU00024,3
2026-03-08,S026,SKU00024,5
2026-03-01,S026,SKU00024,9
2026-02-22,S026,SKU00024,7
2026-04-12,S011,SKU00072,2
2026-04-05,S011,SKU00072,1
2026-03-29,S011,SKU00072,2
2026-03-22,S011,SKU00072,2
2026-03-15,S011,SKU00072,1
2026-03-08,S011,SKU00072,1
2026-03-01,S011,SKU00072,2
2026-02-22,S011,SKU00072,1
2026-04-12,S025,SKU00041,4
2026-04-05,S025,SKU00041,3
2026-03-29,S025,SKU00041,2
2026-03-22,S025,SKU00041,4
2026-03-15,S025,SKU00041,4
2026-03-08,S025,SKU00041,3
2026-03-01,S025,SKU00041,2
2026-02-22,S025,SKU00041,4
2026-04-12,S019,SKU00003,24
2026-04-05,S019,SKU00003,24
2026-03-29,S019,SKU00003,31
2026-03-22,S019,SKU00003,21
2026-03-15,S019,SKU00003,27
2026-03-08,S019,SKU00003,17
2026-03-01,S019,SKU00003,18
2026-02-22,S019,SKU00003,22
2026-04-12,S050,SKU00004,8
2026-04-05,S050,SKU00004,2
2026-03-29,S050,SKU00004,12
2026-03-22,S050,SKU00004,6
2026-03-15,S050,SKU00004,13
2026-03-01,S050,SKU00004,12
2026-02-22,S050,SKU00004,10
2026-04-12,S013,SKU00056,3
2026-04-05,S013,SKU00056,3
2026-03-29,S013,SKU00056,3
2026-03-22,S013,SKU00056,4
2026-03-15,S013,SKU00056,4
2026-03-08,S013,SKU00056,3
2026-03-01,S013,SKU00056,4
2026-02-22,S013,SKU00056,2
2026-04-12,S035,SKU00021,2
2026-04-05,S035,SKU00021,7
2026-03-29,S035,SKU00021,4
2026-03-22,S035,SKU00021,1
2026-03-15,S035,SKU00021,3
2026-03-08,S035,SKU00021,8
2026-03-01,S035,SKU00021,4
2026-02-22,S035,SKU00021,7
2026-04-12,S009,SKU00048,17
2026-04-05,S009,SKU00048,21
2026-03-29,S009,SKU00048,18
2026-03-22,S009,SKU00048,16
2026-03-15,S009,SKU00048,14
2026-03-08,S009,SKU00048,17
2026-03-01,S009,SKU00048,17
2026-02-22,S009,SKU00048,17
2026-04-12,S023,SKU00018,7
2026-04-05,S023,SKU00018,6
2026-03-29,S023,SKU00018,6
2026-03-22,S023,SKU00018,5
2026-03-15,S023,SKU00018,6
2026-03-08,S023,SKU00018,6
2026-03-01,S023,SKU00018,6
2026-02-22,S023,SKU00018,4
2026-04-12,S046,SKU00064,1
2026-04-05,S046,SKU00064,2
2026-03-29,S046,SKU00064,1
2026-03-22,S046,SKU00064,1
2026-03-08,S046,SKU00064,2
2026-03-01,S046,SKU00064,1
2026-04-12,S018,SKU00031,4
2026-04-05,S018,SKU00031,3
2026-03-29,S018,SKU00031,2
2026-03-22,S018,SKU00031,5
2026-03-15,S018,SKU00031,3
2026-03-08,S018,SKU00031,3
2026-03-01,S018,SKU00031,4
2026-02-22,S018,SKU00031,4
2026-04-12,S025,SKU00039,5
2026-04-05,S025,SKU00039,10
2026-03-29,S025,SKU00039,3
2026-03-22,S025,SKU00039,13
2026-03-15,S025,SKU00039,4
2026-03-08,S025,SKU00039,9
2026-03-01,S025,SKU00039,6
2026-02-22,S025,SKU00039,5
2026-04-12,S055,SKU00036,1
2026-04-05,S055,SKU00036,1
2026-03-29,S055,SKU00036,2
2026-03-22,S055,SKU00036,2
2026-03-15,S055,SKU00036,3
2026-03-08,S055,SKU00036,1
2026-03-01,S055,SKU00036,2
2026-04-12,S057,SKU00007,3
2026-03-29,S057,SKU00007,6
2026-03-22,S057,SKU00007,3
2026-03-01,S057,SKU00007,6
2026-02-22,S057,SKU00007,2
2026-04-12,S040,SKU00007,2
2026-04-05,S040,SKU00007,2
2026-03-29,S040,SKU00007,2
2026-03-22,S040,SKU00007,2
2026-03-15,S040,SKU00007,2
2026-03-08,S040,SKU00007,3
2026-03-01,S040,SKU00007,2
2026-02-22,S040,SKU00007,2
2026-04-12,S010,SKU00015,6
2026-04-05,S010,SKU00015,6
2026-03-29,S010,SKU00015,5
2026-03-22,S010,SKU00015,5
2026-03-15,S010,SKU00015,5
2026-03-08,S010,SKU00015,7
2026-03-01,S010,SKU00015,4
2026-02-22,S010,SKU00015,2
2026-04-12,S026,SKU00001,2
2026-04-05,S026,SKU00001,2
2026-03-29,S026,SKU00001,4
2026-03-22,S026,SKU00001,3
2026-03-15,S026,SKU00001,3
2026-03-08,S026,SKU00001,5
2026-03-01,S026,SKU00001,2
2026-02-22,S026,SKU00001,5
2026-04-12,S005,SKU00003,9
2026-04-05,S005,SKU00003,16
2026-03-29,S005,SKU00003,19
2026-03-22,S005,SKU00003,8
2026-03-15,S005,SKU00003,19
2026-03-08,S005,SKU00003,16
2026-03-01,S005,SKU00003,18
2026-02-22,S005,SKU00003,14
2026-04-12,S006,SKU00005,16
2026-04-05,S006,SKU00005,19
2026-03-29,S006,SKU00005,18
2026-03-22,S006,SKU00005,20
2026-03-15,S006,SKU00005,23
2026-03-08,S006,SKU00005,15
2026-03-01,S006,SKU00005,23
2026-02-22,S006,SKU00005,21
2026-04-12,S016,SKU00020,9
2026-04-05,S016,SKU00020,7
2026-03-29,S016,SKU00020,12
2026-03-22,S016,SKU00020,9
2026-03-15,S016,SKU00020,11
2026-03-08,S016,SKU00020,10
2026-03-01,S016,SKU00020,7
2026-02-22,S016,SKU00020,12
2026-04-12,S028,SKU00014,2
2026-04-05,S028,SKU00014,4
2026-03-29,S028,SKU00014,3
2026-03-22,S028,SKU00014,4
2026-03-15,S028,SKU00014,3
2026-03-08,S028,SKU00014,5
2026-03-01,S028,SKU00014,3
2026-02-22,S028,SKU00014,7
2026-04-12,S003,SKU00011,6
2026-04-05,S003,SKU00011,10
2026-03-29,S003,SKU00011,9
2026-03-22,S003,SKU00011,8
2026-03-15,S003,SKU00011,8
2026-03-08,S003,SKU00011,4
2026-03-01,S003,SKU00011,11
2026-02-22,S003,SKU00011,10
2026-04-12,S030,SKU00013,3
2026-04-05,S030,SKU00013,3
2026-03-29,S030,SKU00013,5
2026-03-22,S030,SKU00013,2
2026-03-08,S030,SKU00013,1
2026-03-01,S030,SKU00013,6
2026-02-22,S030,SKU00013,4
2026-04-12,S039,SKU00042,10
2026-04-05,S039,SKU00042,11
2026-03-29,S039,SKU00042,5
2026-03-22,S039,SKU00042,12
2026-03-15,S039,SKU00042,8
2026-03-08,S039,SKU00042,4
2026-03-01,S039,SKU00042,5
2026-02-22,S039,SKU00042,10
2026-04-12,S024,SKU00008,11
2026-04-05,S024,SKU00008,10
2026-03-29,S024,SKU00008,9
2026-03-22,S024,SKU00008,10
2026-03-15,S024,SKU00008,12
2026-03-08,S024,SKU00008,9
2026-03-01,S024,SKU00008,6
2026-02-22,S024,SKU00008,8
2026-04-12,S024,SKU00063,3
2026-04-05,S024,SKU00063,1
2026-03-29,S024,SKU00063,2
2026-03-22,S024,SKU00063,3
2026-03-15,S024,SKU00063,3
2026-03-01,S024,SKU00063,2
2026-02-22,S024,SKU00063,2
2026-04-12,S001,SKU00049,12
2026-04-05,S001,SKU00049,10
2026-03-29,S001,SKU00049,10
2026-03-22,S001,SKU00049,12
2026-03-15,S001,SKU00049,10
2026-03-08,S001,SKU00049,10
2026-03-01,S001,SKU00049,13
2026-02-22,S001,SKU00049,11
2026-04-12,S044,SKU00054,1
2026-04-05,S044,SKU00054,2
2026-03-29,S044,SKU00054,2
2026-03-22,S044,SKU00054,3
2026-03-15,S044,SKU00054,2
2026-03-08,S044,SKU00054,1
2026-03-01,S044,SKU00054,1
2026-02-22,S044,SKU00054,2
2026-04-12,S039,SKU00027,13
2026-04-05,S039,SKU00027,11
2026-03-29,S039,SKU00027,9
2026-03-22,S039,SKU00027,14
2026-03-15,S039,SKU00027,12
2026-03-08,S039,SKU00027,17
2026-03-01,S039,SKU00027,24
2026-02-22,S039,SKU00027,14
2026-04-12,S050,SKU00015,6
2026-04-05,S050,SKU00015,3
2026-03-29,S050,SKU00015,3
2026-03-22,S050,SKU00015,6
2026-03-15,S050,SKU00015,3
2026-03-08,S050,SKU00015,9
2026-03-01,S050,SKU00015,6
2026-02-22,S050,SKU00015,7
2026-04-12,S002,SKU00004,19
2026-04-05,S002,SKU00004,24
2026-03-29,S002,SKU00004,21
2026-03-22,S002,SKU00004,18
2026-03-15,S002,SKU00004,20
2026-03-08,S002,SKU00004,17
2026-03-01,S002,SKU00004,17
2026-02-22,S002,SKU00004,17
2026-04-12,S020,SKU00066,2
2026-04-05,S020,SKU00066,2
2026-03-29,S020,SKU00066,2
2026-03-22,S020,SKU00066,2
2026-03-15,S020,SKU00066,2
2026-03-08,S020,SKU00066,2
2026-03-01,S020,SKU00066,2
2026-02-22,S020,SKU00066,2
2026-04-12,S021,SKU00041,3
2026-04-05,S021,SKU00041,3
2026-03-29,S021,SKU00041,2
2026-03-22,S021,SKU00041,4
2026-03-15,S021,SKU00041,2
2026-03-08,S021,SKU00041,4
2026-03-01,S021,SKU00041,4
2026-02-22,S021,SKU00041,2
2026-04-12,S014,SKU00032,9
2026-04-05,S014,SKU00032,5
2026-03-29,S014,SKU00032,10
2026-03-22,S014,SKU00032,8
2026-03-15,S014,SKU00032,11
2026-03-08,S014,SKU00032,9
2026-03-01,S014,SKU00032,11
2026-02-22,S014,SKU00032,11
2026-04-12,S023,SKU00017,2
2026-04-05,S023,SKU00017,3
2026-03-29,S023,SKU00017,1
2026-03-22,S023,SKU00017,4
2026-03-15,S023,SKU00017,4
2026-03-08,S023,SKU00017,2
2026-03-01,S023,SKU00017,2
2026-02-22,S023,SKU00017,3
2026-04-12,S026,SKU00005,6
2026-04-05,S026,SKU00005,7
2026-03-29,S026,SKU00005,6
2026-03-22,S026,SKU00005,10
2026-03-15,S026,SKU00005,7
2026-03-08,S026,SKU00005,10
2026-03-01,S026,SKU00005,5
2026-02-22,S026,SKU00005,8
2026-03-29,S062,SKU00042,2
2026-03-22,S062,SKU00042,3
2026-03-08,S062,SKU00042,2
2026-03-01,S062,SKU00042,2
2026-02-22,S062,SKU00042,4
2026-04-12,S045,SKU00048,5
2026-04-05,S045,SKU00048,12
2026-03-29,S045,SKU00048,14
2026-03-22,S045,SKU00048,14
2026-03-15,S045,SKU00048,13
2026-03-08,S045,SKU00048,9
2026-03-01,S045,SKU00048,18
2026-02-22,S045,SKU00048,13
2026-04-12,S036,SKU00060,2
2026-03-29,S036,SKU00060,4
2026-03-22,S036,SKU00060,1
2026-03-15,S036,SKU00060,1
2026-03-08,S036,SKU00060,2
2026-03-01,S036,SKU00060,2
2026-02-22,S036,SKU00060,2
2026-04-12,S057,SKU00036,2
2026-04-05,S057,SKU00036,5
2026-03-29,S057,SKU00036,3
2026-03-22,S057,SKU00036,3
2026-03-15,S057,SKU00036,3
2026-03-01,S057,SKU00036,3
2026-02-22,S057,SKU00036,2
2026-04-12,S013,SKU00065,1
2026-04-05,S013,SKU00065,1
2026-03-29,S013,SKU00065,1
2026-03-22,S013,SKU00065,1
2026-03-15,S013,SKU00065,1
2026-03-08,S013,SKU00065,1
2026-03-01,S013,SKU00065,1
2026-02-22,S013,SKU00065,1
2026-04-12,S021,SKU00017,3
2026-04-05,S021,SKU00017,2
2026-03-29,S021,SKU00017,1
2026-03-22,S021,SKU00017,3
2026-03-15,S021,SKU00017,6
2026-03-08,S021,SKU00017,4
2026-03-01,S021,SKU00017,3
2026-02-22,S021,SKU00017,5
2026-04-12,S021,SKU00039,3
2026-04-05,S021,SKU00039,3
2026-03-29,S021,SKU00039,2
2026-03-22,S021,SKU00039,5
2026-03-15,S021,SKU00039,2
2026-03-08,S021,SKU00039,4
2026-03-01,S021,SKU00039,3
2026-02-22,S021,SKU00039,2
2026-04-12,S014,SKU00061,1
2026-04-05,S014,SKU00061,1
2026-03-29,S014,SKU00061,1
2026-03-22,S014,SKU00061,1
2026-03-15,S014,SKU00061,1
2026-03-08,S014,SKU00061,1
2026-03-01,S014,SKU00061,1
2026-02-22,S014,SKU00061,1
2026-04-12,S054,SKU00032,5
2026-03-29,S054,SKU00032,2
2026-03-22,S054,SKU00032,4
2026-03-15,S054,SKU00032,5
2026-03-08,S054,SKU00032,9
2026-03-01,S054,SKU00032,1
2026-02-22,S054,SKU00032,6
2026-04-12,S019,SKU00048,7
2026-04-05,S019,SKU00048,18
2026-03-29,S019,SKU00048,13
2026-03-22,S019,SKU00048,12
2026-03-15,S019,SKU00048,13
2026-03-08,S019,SKU00048,13
2026-03-01,S019,SKU00048,12
2026-02-22,S019,SKU00048,13
2026-04-12,S006,SKU00003,7
2026-04-05,S006,SKU00003,7
2026-03-29,S006,SKU00003,6
2026-03-22,S006,SKU00003,8
2026-03-15,S006,SKU00003,7
2026-03-08,S006,SKU00003,7
2026-03-01,S006,SKU00003,9
2026-02-22,S006,SKU00003,5
2026-04-12,S015,SKU00054,4
2026-04-05,S015,SKU00054,3
2026-03-29,S015,SKU00054,3
2026-03-22,S015,SKU00054,4
2026-03-15,S015,SKU00054,4
2026-03-08,S015,SKU00054,2
2026-03-01,S015,SKU00054,3
2026-02-22,S015,SKU00054,2
2026-04-05,S048,SKU00061,1
2026-03-15,S048,SKU00061,1
2026-03-08,S048,SKU00061,1
2026-02-22,S048,SKU00061,1
2026-04-12,S040,SKU00045,9
2026-04-05,S040,SKU00045,19
2026-03-29,S040,SKU00045,15
2026-03-22,S040,SKU00045,10
2026-03-15,S040,SKU00045,16
2026-03-08,S040,SKU00045,12
2026-03-01,S040,SKU00045,12
2026-02-22,S040,SKU00045,14
2026-04-12,S032,SKU00004,4
2026-04-05,S032,SKU00004,5
2026-03-29,S032,SKU00004,9
2026-03-22,S032,SKU00004,11
2026-03-15,S032,SKU00004,8
2026-03-08,S032,SKU00004,11
2026-03-01,S032,SKU00004,8
2026-02-22,S032,SKU00004,3
2026-04-12,S026,SKU00034,12
2026-04-05,S026,SKU00034,7
2026-03-29,S026,SKU00034,12
2026-03-22,S026,SKU00034,13
2026-03-15,S026,SKU00034,9
2026-03-08,S026,SKU00034,10
2026-03-01,S026,SKU00034,9
2026-02-22,S026,SKU00034,16
2026-04-12,S007,SKU00017,12
2026-04-05,S007,SKU00017,20
2026-03-29,S007,SKU00017,10
2026-03-22,S007,SKU00017,11
2026-03-15,S007,SKU00017,16
2026-03-08,S007,SKU00017,20
2026-03-01,S007,SKU00017,15
2026-02-22,S007,SKU00017,11
2026-04-12,S016,SKU00064,1
2026-04-05,S016,SKU00064,1
2026-03-29,S016,SKU00064,1
2026-03-15,S016,SKU00064,1
2026-03-08,S016,SKU00064,1
2026-04-12,S010,SKU00022,12
2026-04-05,S010,SKU00022,10
2026-03-29,S010,SKU00022,14
2026-03-22,S010,SKU00022,17
2026-03-15,S010,SKU00022,17
2026-03-08,S010,SKU00022,14
2026-03-01,S010,SKU00022,19
2026-02-22,S010,SKU00022,15
2026-04-12,S034,SKU00010,4
2026-03-29,S034,SKU00010,4
2026-03-22,S034,SKU00010,3
2026-03-15,S034,SKU00010,4
2026-03-08,S034,SKU00010,5
2026-03-01,S034,SKU00010,1
2026-02-22,S034,SKU00010,3
2026-04-12,S049,SKU00010,10
2026-03-29,S049,SKU00010,8
2026-03-22,S049,SKU00010,10
2026-03-15,S049,SKU00010,1
2026-03-08,S049,SKU00010,7
2026-02-22,S049,SKU00010,6
2026-04-12,S052,SKU00033,8
2026-04-05,S052,SKU00033,5
2026-03-29,S052,SKU00033,1
2026-03-22,S052,SKU00033,8
2026-03-15,S052,SKU00033,6
2026-03-08,S052,SKU00033,5
2026-03-01,S052,SKU00033,1
2026-04-12,S031,SKU00043,7
2026-04-05,S031,SKU00043,6
2026-03-29,S031,SKU00043,6
2026-03-22,S031,SKU00043,5
2026-03-15,S031,SKU00043,5
2026-03-08,S031,SKU00043,3
2026-03-01,S031,SKU00043,4
2026-02-22,S031,SKU00043,6
2026-04-05,S046,SKU00072,1
2026-03-29,S046,SKU00072,1
2026-03-22,S046,SKU00072,1
2026-04-12,S060,SKU00055,1
2026-04-05,S060,SKU00055,2
2026-03-29,S060,SKU00055,1
2026-03-22,S060,SKU00055,1
2026-03-01,S060,SKU00055,1
2026-02-22,S060,SKU00055,1
2026-04-12,S005,SKU00048,8
2026-04-05,S005,SKU00048,7
2026-03-29,S005,SKU00048,5
2026-03-22,S005,SKU00048,7
2026-03-15,S005,SKU00048,6
2026-03-08,S005,SKU00048,7
2026-03-01,S005,SKU00048,5
2026-02-22,S005,SKU00048,8
2026-04-12,S018,SKU00070,3
2026-04-05,S018,SKU00070,4
2026-03-29,S018,SKU00070,2
2026-03-22,S018,SKU00070,3
2026-03-15,S018,SKU00070,4
2026-03-08,S018,SKU00070,3
2026-03-01,S018,SKU00070,3
2026-02-22,S018,SKU00070,3
2026-04-12,S013,SKU00044,12
2026-04-05,S013,SKU00044,10
2026-03-29,S013,SKU00044,10
2026-03-22,S013,SKU00044,10
2026-03-15,S013,SKU00044,13
2026-03-08,S013,SKU00044,11
2026-03-01,S013,SKU00044,8
2026-02-22,S013,SKU00044,14
2026-04-12,S008,SKU00023,14
2026-04-05,S008,SKU00023,14
2026-03-29,S008,SKU00023,10
2026-03-22,S008,SKU00023,13
2026-03-15,S008,SKU00023,10
2026-03-08,S008,SKU00023,13
2026-03-01,S008,SKU00023,14
2026-02-22,S008,SKU00023,15
2026-04-12,S027,SKU00032,11
2026-04-05,S027,SKU00032,6
2026-03-29,S027,SKU00032,8
2026-03-22,S027,SKU00032,11
2026-03-15,S027,SKU00032,16
2026-03-08,S027,SKU00032,17
2026-03-01,S027,SKU00032,12
2026-02-22,S027,SKU00032,15
2026-04-12,S015,SKU00067,6
2026-04-05,S015,SKU00067,5
2026-03-29,S015,SKU00067,6
2026-03-22,S015,SKU00067,4
2026-03-15,S015,SKU00067,6
2026-03-08,S015,SKU00067,4
2026-03-01,S015,SKU00067,3
2026-02-22,S015,SKU00067,6
2026-04-12,S024,SKU00040,2
2026-04-05,S024,SKU00040,2
2026-03-29,S024,SKU00040,4
2026-03-22,S024,SKU00040,10
2026-03-15,S024,SKU00040,3
2026-03-08,S024,SKU00040,5
2026-03-01,S024,SKU00040,7
2026-02-22,S024,SKU00040,8
2026-04-12,S018,SKU00004,6
2026-04-05,S018,SKU00004,6
2026-03-29,S018,SKU00004,10
2026-03-22,S018,SKU00004,8
2026-03-15,S018,SKU00004,10
2026-03-08,S018,SKU00004,5
2026-03-01,S018,SKU00004,8
2026-02-22,S018,SKU00004,10
2026-04-12,S004,SKU00023,3
2026-04-05,S004,SKU00023,2
2026-03-29,S004,SKU00023,3
2026-03-22,S004,SKU00023,4
2026-03-15,S004,SKU00023,4
2026-03-08,S004,SKU00023,2
2026-03-01,S004,SKU00023,3
2026-02-22,S004,SKU00023,3
2026-04-12,S063,SKU00032,7
2026-04-05,S063,SKU00032,8
2026-03-29,S063,SKU00032,7
2026-03-22,S063,SKU00032,9
2026-03-15,S063,SKU00032,5
2026-03-08,S063,SKU00032,6
2026-03-01,S063,SKU00032,5
2026-02-22,S063,SKU00032,7
2026-04-05,S042,SKU00058,1
2026-03-22,S042,SKU00058,1
2026-03-15,S042,SKU00058,1
2026-04-12,S008,SKU00029,8
2026-04-05,S008,SKU00029,7
2026-03-29,S008,SKU00029,8
2026-03-22,S008,SKU00029,4
2026-03-15,S008,SKU00029,8
2026-03-08,S008,SKU00029,7
2026-03-01,S008,SKU00029,6
2026-02-22,S008,SKU00029,7
2026-04-12,S003,SKU00051,2
2026-04-05,S003,SKU00051,1
2026-03-29,S003,SKU00051,3
2026-03-22,S003,SKU00051,2
2026-03-15,S003,SKU00051,3
2026-03-08,S003,SKU00051,3
2026-03-01,S003,SKU00051,1
2026-02-22,S003,SKU00051,2
2026-04-12,S011,SKU00013,9
2026-04-05,S011,SKU00013,8
2026-03-29,S011,SKU00013,9
2026-03-22,S011,SKU00013,10
2026-03-15,S011,SKU00013,9
2026-03-08,S011,SKU00013,9
2026-03-01,S011,SKU00013,8
2026-02-22,S011,SKU00013,6
2026-04-12,S023,SKU00032,5
2026-04-05,S023,SKU00032,9
2026-03-29,S023,SKU00032,9
2026-03-22,S023,SKU00032,7
2026-03-15,S023,SKU00032,7
2026-03-08,S023,SKU00032,11
2026-03-01,S023,SKU00032,6
2026-02-22,S023,SKU00032,9
2026-04-12,S032,SKU00015,14
2026-04-05,S032,SKU00015,14
2026-03-29,S032,SKU00015,7
2026-03-22,S032,SKU00015,13
2026-03-15,S032,SKU00015,15
2026-03-08,S032,SKU00015,10
2026-03-01,S032,SKU00015,8
2026-02-22,S032,SKU00015,7
2026-04-12,S038,SKU00017,12
2026-04-05,S038,SKU00017,17
2026-03-29,S038,SKU00017,15
2026-03-22,S038,SKU00017,17
2026-03-15,S038,SKU00017,14
2026-03-08,S038,SKU00017,21
2026-03-01,S038,SKU00017,8
2026-02-22,S038,SKU00017,15
2026-04-12,S038,SKU00039,6
2026-04-05,S038,SKU00039,3
2026-03-29,S038,SKU00039,7
2026-03-22,S038,SKU00039,8
2026-03-15,S038,SKU00039,2
2026-03-08,S038,SKU00039,7
2026-03-01,S038,SKU00039,7
2026-02-22,S038,SKU00039,10
2026-04-12,S035,SKU00052,1
2026-04-05,S035,SKU00052,1
2026-03-29,S035,SKU00052,1
2026-03-22,S035,SKU00052,1
2026-03-15,S035,SKU00052,1
2026-03-08,S035,SKU00052,1
2026-02-22,S035,SKU00052,2
2026-04-12,S056,SKU00009,6
2026-04-05,S056,SKU00009,3
2026-03-29,S056,SKU00009,4
2026-03-22,S056,SKU00009,6
2026-03-15,S056,SKU00009,8
2026-03-08,S056,SKU00009,8
2026-03-01,S056,SKU00009,5
2026-02-22,S056,SKU00009,8
2026-04-12,S004,SKU00029,9
2026-04-05,S004,SKU00029,10
2026-03-29,S004,SKU00029,9
2026-03-22,S004,SKU00029,10
2026-03-15,S004,SKU00029,12
2026-03-08,S004,SKU00029,12
2026-03-01,S004,SKU00029,10
2026-02-22,S004,SKU00029,12
2026-03-29,S030,SKU00060,1
2026-03-22,S030,SKU00060,1
2026-03-15,S030,SKU00060,1
2026-03-01,S030,SKU00060,2
2026-02-22,S030,SKU00060,1
2026-04-12,S023,SKU00061,2
2026-03-29,S023,SKU00061,2
2026-03-22,S023,SKU00061,1
2026-03-15,S023,SKU00061,1
2026-03-08,S023,SKU00061,2
2026-03-01,S023,SKU00061,1
2026-02-22,S023,SKU00061,1
2026-04-12,S008,SKU00046,24
2026-04-05,S008,SKU00046,23
2026-03-29,S008,SKU00046,25
2026-03-22,S008,SKU00046,20
2026-03-15,S008,SKU00046,23
2026-03-08,S008,SKU00046,27
2026-03-01,S008,SKU00046,11
2026-02-22,S008,SKU00046,22
2026-04-12,S029,SKU00033,12
2026-04-05,S029,SKU00033,12
2026-03-29,S029,SKU00033,11
2026-03-22,S029,SKU00033,14
2026-03-15,S029,SKU00033,10
2026-03-08,S029,SKU00033,13
2026-03-01,S029,SKU00033,18
2026-02-22,S029,SKU00033,15
2026-04-12,S022,SKU00008,1
2026-04-05,S022,SKU00008,4
2026-03-29,S022,SKU00008,2
2026-03-22,S022,SKU00008,1
2026-03-15,S022,SKU00008,3
2026-03-08,S022,SKU00008,4
2026-03-01,S022,SKU00008,3
2026-02-22,S022,SKU00008,3
2026-04-12,S006,SKU00048,8
2026-04-05,S006,SKU00048,12
2026-03-29,S006,SKU00048,17
2026-03-22,S006,SKU00048,12
2026-03-15,S006,SKU00048,12
2026-03-08,S006,SKU00048,14
2026-03-01,S006,SKU00048,9
2026-02-22,S006,SKU00048,11
2026-04-12,S007,SKU00032,8
2026-04-05,S007,SKU00032,6
2026-03-29,S007,SKU00032,7
2026-03-22,S007,SKU00032,7
2026-03-15,S007,SKU00032,10
2026-03-08,S007,SKU00032,9
2026-03-01,S007,SKU00032,7
2026-02-22,S007,SKU00032,8
2026-04-12,S022,SKU00063,1
2026-04-05,S022,SKU00063,2
2026-03-29,S022,SKU00063,1
2026-03-22,S022,SKU00063,1
2026-03-15,S022,SKU00063,1
2026-03-08,S022,SKU00063,2
2026-03-01,S022,SKU00063,2
2026-02-22,S022,SKU00063,1
2026-04-12,S015,SKU00011,12
2026-04-05,S015,SKU00011,18
2026-03-29,S015,SKU00011,16
2026-03-22,S015,SKU00011,15
2026-03-15,S015,SKU00011,18
2026-03-08,S015,SKU00011,18
2026-03-01,S015,SKU00011,18
2026-02-22,S015,SKU00011,18
2026-04-12,S017,SKU00035,5
2026-04-05,S017,SKU00035,7
2026-03-29,S017,SKU00035,6
2026-03-22,S017,SKU00035,7
2026-03-15,S017,SKU00035,5
2026-03-08,S017,SKU00035,4
2026-03-01,S017,SKU00035,7
2026-02-22,S017,SKU00035,5
2026-04-12,S065,SKU00066,1
2026-04-05,S065,SKU00066,1
2026-03-29,S065,SKU00066,1
2026-03-22,S065,SKU00066,1
2026-03-08,S065,SKU00066,1
2026-03-01,S065,SKU00066,1
2026-04-12,S018,SKU00015,27
2026-04-05,S018,SKU00015,29
2026-03-29,S018,SKU00015,19
2026-03-22,S018,SKU00015,28
2026-03-15,S018,SKU00015,20
2026-03-08,S018,SKU00015,28
2026-03-01,S018,SKU00015,27
2026-02-22,S018,SKU00015,18
2026-04-12,S017,SKU00070,4
2026-04-05,S017,SKU00070,4
2026-03-29,S017,SKU00070,3
2026-03-22,S017,SKU00070,3
2026-03-15,S017,SKU00070,3
2026-03-08,S017,SKU00070,3
2026-03-01,S017,SKU00070,4
2026-02-22,S017,SKU00070,3
2026-04-12,S006,SKU00004,13
2026-04-05,S006,SKU00004,13
2026-03-29,S006,SKU00004,16
2026-03-22,S006,SKU00004,13
2026-03-15,S006,SKU00004,16
2026-03-08,S006,SKU00004,14
2026-03-01,S006,SKU00004,19
2026-02-22,S006,SKU00004,17
2026-04-12,S002,SKU00022,13
2026-04-05,S002,SKU00022,11
2026-03-29,S002,SKU00022,10
2026-03-22,S002,SKU00022,14
2026-03-15,S002,SKU00022,17
2026-03-08,S002,SKU00022,13
2026-03-01,S002,SKU00022,12
2026-02-22,S002,SKU00022,12
2026-04-12,S012,SKU00054,1
2026-04-05,S012,SKU00054,1
2026-03-22,S012,SKU00054,1
2026-03-15,S012,SKU00054,1
2026-03-08,S012,SKU00054,1
2026-02-22,S012,SKU00054,1
2026-04-12,S007,SKU00061,2
2026-04-05,S007,SKU00061,2
2026-03-29,S007,SKU00061,2
2026-03-22,S007,SKU00061,1
2026-03-15,S007,SKU00061,1
2026-03-08,S007,SKU00061,2
2026-03-01,S007,SKU00061,2
2026-02-22,S007,SKU00061,1
2026-04-12,S003,SKU00005,24
2026-04-05,S003,SKU00005,24
2026-03-29,S003,SKU00005,23
2026-03-22,S003,SKU00005,26
2026-03-15,S003,SKU00005,32
2026-03-08,S003,SKU00005,26
2026-03-01,S003,SKU00005,24
2026-02-22,S003,SKU00005,36
2026-04-12,S037,SKU00060,1
2026-04-05,S037,SKU00060,4
2026-03-29,S037,SKU00060,5
2026-03-22,S037,SKU00060,3
2026-03-15,S037,SKU00060,4
2026-03-08,S037,SKU00060,3
2026-03-01,S037,SKU00060,4
2026-02-22,S037,SKU00060,4
2026-03-22,S024,SKU00062,1
2026-03-08,S024,SKU00062,1
2026-03-01,S024,SKU00062,1
2026-02-22,S024,SKU00062,1
2026-04-12,S009,SKU00064,3
2026-04-05,S009,SKU00064,4
2026-03-29,S009,SKU00064,4
2026-03-22,S009,SKU00064,3
2026-03-15,S009,SKU00064,3
2026-03-08,S009,SKU00064,3
2026-03-01,S009,SKU00064,3
2026-02-22,S009,SKU00064,3
2026-04-12,S016,SKU00072,3
2026-04-05,S016,SKU00072,2
2026-03-29,S016,SKU00072,3
2026-03-22,S016,SKU00072,3
2026-03-15,S016,SKU00072,3
2026-03-08,S016,SKU00072,3
2026-03-01,S016,SKU00072,3
2026-02-22,S016,SKU00072,2
2026-04-12,S034,SKU00021,2
2026-04-05,S034,SKU00021,1
2026-03-29,S034,SKU00021,1
2026-03-22,S034,SKU00021,1
2026-03-15,S034,SKU00021,3
2026-03-08,S034,SKU00021,2
2026-03-01,S034,SKU00021,2
2026-02-22,S034,SKU00021,3
2026-04-12,S008,SKU00028,10
2026-04-05,S008,SKU00028,12
2026-03-29,S008,SKU00028,13
2026-03-22,S008,SKU00028,13
2026-03-15,S008,SKU00028,8
2026-03-08,S008,SKU00028,9
2026-03-01,S008,SKU00028,8
2026-02-22,S008,SKU00028,7
2026-04-12,S042,SKU00014,12
2026-04-05,S042,SKU00014,7
2026-03-29,S042,SKU00014,7
2026-03-22,S042,SKU00014,10
2026-03-15,S042,SKU00014,6
2026-03-08,S042,SKU00014,14
2026-03-01,S042,SKU00014,10
2026-02-22,S042,SKU00014,8
2026-04-12,S009,SKU00037,11
2026-04-05,S009,SKU00037,14
2026-03-29,S009,SKU00037,22
2026-03-22,S009,SKU00037,13
2026-03-15,S009,SKU00037,20
2026-03-08,S009,SKU00037,19
2026-03-01,S009,SKU00037,15
2026-02-22,S009,SKU00037,18
2026-04-12,S055,SKU00021,8
2026-04-05,S055,SKU00021,6
2026-03-29,S055,SKU00021,6
2026-03-22,S055,SKU00021,3
2026-03-15,S055,SKU00021,2
2026-03-08,S055,SKU00021,5
2026-03-01,S055,SKU00021,13
2026-02-22,S055,SKU00021,6
2026-04-12,S026,SKU00004,13
2026-04-05,S026,SKU00004,13
2026-03-29,S026,SKU00004,5
2026-03-22,S026,SKU00004,2
2026-03-15,S026,SKU00004,15
2026-03-08,S026,SKU00004,10
2026-03-01,S026,SKU00004,12
2026-02-22,S026,SKU00004,11
2026-04-12,S010,SKU00012,31
2026-04-05,S010,SKU00012,23
2026-03-29,S010,SKU00012,19
2026-03-22,S010,SKU00012,21
2026-03-15,S010,SKU00012,18
2026-03-08,S010,SKU00012,30
2026-03-01,S010,SKU00012,31
2026-02-22,S010,SKU00012,30
2026-04-12,S030,SKU00016,9
2026-04-05,S030,SKU00016,9
2026-03-29,S030,SKU00016,9
2026-03-22,S030,SKU00016,7
2026-03-15,S030,SKU00016,7
2026-03-08,S030,SKU00016,7
2026-03-01,S030,SKU00016,10
2026-02-22,S030,SKU00016,7
2026-04-12,S056,SKU00058,1
2026-03-29,S056,SKU00058,2
2026-03-22,S056,SKU00058,2
2026-03-15,S056,SKU00058,2
2026-03-08,S056,SKU00058,2
2026-03-01,S056,SKU00058,1
2026-02-22,S056,SKU00058,1
2026-04-12,S008,SKU00034,13
2026-04-05,S008,SKU00034,10
2026-03-29,S008,SKU00034,9
2026-03-22,S008,SKU00034,13
2026-03-15,S008,SKU00034,12
2026-03-08,S008,SKU00034,14
2026-03-01,S008,SKU00034,8
2026-02-22,S008,SKU00034,15
2026-04-12,S008,SKU00031,5
2026-04-05,S008,SKU00031,5
2026-03-29,S008,SKU00031,5
2026-03-22,S008,SKU00031,5
2026-03-15,S008,SKU00031,5
2026-03-08,S008,SKU00031,6
2026-03-01,S008,SKU00031,6
2026-02-22,S008,SKU00031,6
2026-04-12,S015,SKU00040,11
2026-04-05,S015,SKU00040,10
2026-03-29,S015,SKU00040,8
2026-03-22,S015,SKU00040,10
2026-03-15,S015,SKU00040,10
2026-03-08,S015,SKU00040,9
2026-03-01,S015,SKU00040,10
2026-02-22,S015,SKU00040,7
2026-04-12,S031,SKU00068,1
2026-04-05,S031,SKU00068,1
2026-03-29,S031,SKU00068,2
2026-03-22,S031,SKU00068,2
2026-03-08,S031,SKU00068,2
2026-03-01,S031,SKU00068,1
2026-02-22,S031,SKU00068,1
2026-04-12,S012,SKU00008,4
2026-04-05,S012,SKU00008,2
2026-03-29,S012,SKU00008,3
2026-03-22,S012,SKU00008,2
2026-03-15,S012,SKU00008,4
2026-03-08,S012,SKU00008,3
2026-03-01,S012,SKU00008,3
2026-02-22,S012,SKU00008,3
2026-04-12,S055,SKU00006,12
2026-04-05,S055,SKU00006,1
2026-03-29,S055,SKU00006,6
2026-03-15,S055,SKU00006,4
2026-03-08,S055,SKU00006,8
2026-03-01,S055,SKU00006,2
2026-02-22,S055,SKU00006,4
2026-04-12,S012,SKU00063,4
2026-04-05,S012,SKU00063,3
2026-03-29,S012,SKU00063,3
2026-03-22,S012,SKU00063,4
2026-03-15,S012,SKU00063,3
2026-03-08,S012,SKU00063,4
2026-03-01,S012,SKU00063,2
2026-02-22,S012,SKU00063,4
2026-04-12,S040,SKU00041,2
2026-04-05,S040,SKU00041,5
2026-03-29,S040,SKU00041,3
2026-03-22,S040,SKU00041,3
2026-03-15,S040,SKU00041,3
2026-03-08,S040,SKU00041,5
2026-03-01,S040,SKU00041,2
2026-02-22,S040,SKU00041,3
2026-04-12,S017,SKU00015,19
2026-04-05,S017,SKU00015,16
2026-03-29,S017,SKU00015,14
2026-03-22,S017,SKU00015,14
2026-03-15,S017,SKU00015,13
2026-03-08,S017,SKU00015,15
2026-03-01,S017,SKU00015,10
2026-02-22,S017,SKU00015,14
2026-04-12,S017,SKU00020,6
2026-04-05,S017,SKU00020,6
2026-03-29,S017,SKU00020,6
2026-03-22,S017,SKU00020,7
2026-03-15,S017,SKU00020,4
2026-03-08,S017,SKU00020,6
2026-03-01,S017,SKU00020,6
2026-02-22,S017,SKU00020,5
2026-04-12,S036,SKU00007,8
2026-04-05,S036,SKU00007,9
2026-03-29,S036,SKU00007,6
2026-03-22,S036,SKU00007,4
2026-03-15,S036,SKU00007,7
2026-03-08,S036,SKU00007,12
2026-03-01,S036,SKU00007,7
2026-02-22,S036,SKU00007,12
2026-04-12,S004,SKU00034,4
2026-04-05,S004,SKU00034,4
2026-03-29,S004,SKU00034,5
2026-03-22,S004,SKU00034,3
2026-03-15,S004,SKU00034,4
2026-03-08,S004,SKU00034,4
2026-03-01,S004,SKU00034,4
2026-02-22,S004,SKU00034,4
2026-04-12,S004,SKU00031,19
2026-04-05,S004,SKU00031,18
2026-03-29,S004,SKU00031,21
2026-03-22,S004,SKU00031,19
2026-03-15,S004,SKU00031,29
2026-03-08,S004,SKU00031,22
2026-03-01,S004,SKU00031,15
2026-02-22,S004,SKU00031,20
2026-04-12,S003,SKU00003,20
2026-04-05,S003,SKU00003,20
2026-03-29,S003,SKU00003,17
2026-03-22,S003,SKU00003,25
2026-03-15,S003,SKU00003,22
2026-03-08,S003,SKU00003,24
2026-03-01,S003,SKU00003,24
2026-02-22,S003,SKU00003,23
2026-04-12,S005,SKU00002,4
2026-04-05,S005,SKU00002,3
2026-03-29,S005,SKU00002,3
2026-03-22,S005,SKU00002,4
2026-03-15,S005,SKU00002,3
2026-03-08,S005,SKU00002,3
2026-03-01,S005,SKU00002,4
2026-02-22,S005,SKU00002,3
2026-04-12,S057,SKU00039,5
2026-04-05,S057,SKU00039,3
2026-03-29,S057,SKU00039,6
2026-03-22,S057,SKU00039,7
2026-03-15,S057,SKU00039,17
2026-03-08,S057,SKU00039,8
2026-03-01,S057,SKU00039,6
2026-02-22,S057,SKU00039,16
2026-04-12,S058,SKU00032,3
2026-04-05,S058,SKU00032,2
2026-03-29,S058,SKU00032,2
2026-03-22,S058,SKU00032,1
2026-03-15,S058,SKU00032,1
2026-03-08,S058,SKU00032,1
2026-03-01,S058,SKU00032,2
2026-02-22,S058,SKU00032,2
2026-04-12,S039,SKU00030,9
2026-04-05,S039,SKU00030,12
2026-03-29,S039,SKU00030,12
2026-03-22,S039,SKU00030,11
2026-03-15,S039,SKU00030,11
2026-03-08,S039,SKU00030,12
2026-03-01,S039,SKU00030,3
2026-02-22,S039,SKU00030,16
2026-04-12,S025,SKU00056,1
2026-04-05,S025,SKU00056,1
2026-03-29,S025,SKU00056,2
2026-03-22,S025,SKU00056,1
2026-03-15,S025,SKU00056,1
2026-03-08,S025,SKU00056,2
2026-03-01,S025,SKU00056,1
2026-02-22,S025,SKU00056,2
2026-04-12,S046,SKU00013,2
2026-04-05,S046,SKU00013,2
2026-03-29,S046,SKU00013,5
2026-03-22,S046,SKU00013,4
2026-03-15,S046,SKU00013,2
2026-03-08,S046,SKU00013,3
2026-03-01,S046,SKU00013,3
2026-02-22,S046,SKU00013,7
2026-04-05,S056,SKU00071,1
2026-03-22,S056,SKU00071,1
2026-03-01,S056,SKU00071,1
2026-02-22,S056,SKU00071,2
2026-04-12,S018,SKU00022,16
2026-04-05,S018,SKU00022,18
2026-03-29,S018,SKU00022,15
2026-03-22,S018,SKU00022,18
2026-03-15,S018,SKU00022,15
2026-03-08,S018,SKU00022,13
2026-03-01,S018,SKU00022,16
2026-02-22,S018,SKU00022,17
2026-04-12,S001,SKU00036,17
2026-04-05,S001,SKU00036,28
2026-03-29,S001,SKU00036,20
2026-03-22,S001,SKU00036,29
2026-03-15,S001,SKU00036,19
2026-03-08,S001,SKU00036,23
2026-03-01,S001,SKU00036,23
2026-02-22,S001,SKU00036,13
2026-04-12,S011,SKU00060,2
2026-04-05,S011,SKU00060,2
2026-03-29,S011,SKU00060,2
2026-03-22,S011,SKU00060,3
2026-03-15,S011,SKU00060,2
2026-03-08,S011,SKU00060,3
2026-03-01,S011,SKU00060,3
2026-02-22,S011,SKU00060,2
2026-04-12,S022,SKU00040,5
2026-04-05,S022,SKU00040,2
2026-03-29,S022,SKU00040,6
2026-03-22,S022,SKU00040,4
2026-03-15,S022,SKU00040,4
2026-03-08,S022,SKU00040,3
2026-03-01,S022,SKU00040,4
2026-02-22,S022,SKU00040,6
2026-04-12,S044,SKU00062,1
2026-04-05,S044,SKU00062,3
2026-03-29,S044,SKU00062,3
2026-03-22,S044,SKU00062,1
2026-03-15,S044,SKU00062,3
2026-03-08,S044,SKU00062,1
2026-03-01,S044,SKU00062,2
2026-02-22,S044,SKU00062,2
2026-04-12,S036,SKU00073,1
2026-04-05,S036,SKU00073,4
2026-03-29,S036,SKU00073,3
2026-03-22,S036,SKU00073,3
2026-03-15,S036,SKU00073,2
2026-03-08,S036,SKU00073,3
2026-03-01,S036,SKU00073,2
2026-02-22,S036,SKU00073,3
2026-04-12,S001,SKU00045,27
2026-04-05,S001,SKU00045,22
2026-03-29,S001,SKU00045,28
2026-03-22,S001,SKU00045,31
2026-03-15,S001,SKU00045,30
2026-03-08,S001,SKU00045,26
2026-03-01,S001,SKU00045,22
2026-02-22,S001,SKU00045,26
2026-04-12,S025,SKU00050,12
2026-04-05,S025,SKU00050,8
2026-03-29,S025,SKU00050,6
2026-03-22,S025,SKU00050,10
2026-03-15,S025,SKU00050,7
2026-03-08,S025,SKU00050,10
2026-03-01,S025,SKU00050,6
2026-02-22,S025,SKU00050,5
2026-04-12,S019,SKU00064,4
2026-04-05,S019,SKU00064,3
2026-03-29,S019,SKU00064,5
2026-03-22,S019,SKU00064,4
2026-03-15,S019,SKU00064,3
2026-03-08,S019,SKU00064,3
2026-03-01,S019,SKU00064,5
2026-02-22,S019,SKU00064,5
2026-04-12,S044,SKU00042,6
2026-04-05,S044,SKU00042,7
2026-03-29,S044,SKU00042,11
2026-03-22,S044,SKU00042,7
2026-03-15,S044,SKU00042,4
2026-03-08,S044,SKU00042,7
2026-03-01,S044,SKU00042,5
2026-02-22,S044,SKU00042,7
2026-04-12,S043,SKU00016,12
2026-04-05,S043,SKU00016,11
2026-03-29,S043,SKU00016,5
2026-03-22,S043,SKU00016,11
2026-03-15,S043,SKU00016,3
2026-03-08,S043,SKU00016,6
2026-03-01,S043,SKU00016,7
2026-02-22,S043,SKU00016,8
2026-04-12,S064,SKU00042,13
2026-04-05,S064,SKU00042,13
2026-03-29,S064,SKU00042,10
2026-03-22,S064,SKU00042,6
2026-03-15,S064,SKU00042,8
2026-03-08,S064,SKU00042,12
2026-03-01,S064,SKU00042,7
2026-02-22,S064,SKU00042,3
2026-04-12,S062,SKU00035,3
2026-03-29,S062,SKU00035,4
2026-03-22,S062,SKU00035,2
2026-03-15,S062,SKU00035,1
2026-03-08,S062,SKU00035,4
2026-03-01,S062,SKU00035,1
2026-02-22,S062,SKU00035,3
2026-04-12,S054,SKU00019,7
2026-04-05,S054,SKU00019,6
2026-03-29,S054,SKU00019,13
2026-03-22,S054,SKU00019,2
2026-03-01,S054,SKU00019,9
2026-02-22,S054,SKU00019,5
2026-04-12,S013,SKU00023,10
2026-04-05,S013,SKU00023,7
2026-03-29,S013,SKU00023,18
2026-03-22,S013,SKU00023,17
2026-03-15,S013,SKU00023,14
2026-03-08,S013,SKU00023,12
2026-03-01,S013,SKU00023,14
2026-02-22,S013,SKU00023,18
2026-04-12,S014,SKU00054,2
2026-04-05,S014,SKU00054,2
2026-03-29,S014,SKU00054,3
2026-03-22,S014,SKU00054,2
2026-03-15,S014,SKU00054,2
2026-03-08,S014,SKU00054,3
2026-03-01,S014,SKU00054,4
2026-02-22,S014,SKU00054,3
2026-04-12,S019,SKU00037,4
2026-04-05,S019,SKU00037,4
2026-03-29,S019,SKU00037,2
2026-03-22,S019,SKU00037,4
2026-03-15,S019,SKU00037,4
2026-03-08,S019,SKU00037,3
2026-03-01,S019,SKU00037,4
2026-02-22,S019,SKU00037,5
2026-04-12,S010,SKU00033,14
2026-04-05,S010,SKU00033,12
2026-03-29,S010,SKU00033,12
2026-03-22,S010,SKU00033,9
2026-03-15,S010,SKU00033,10
2026-03-08,S010,SKU00033,4
2026-03-01,S010,SKU00033,13
2026-02-22,S010,SKU00033,9
2026-04-12,S028,SKU00036,5
2026-04-05,S028,SKU00036,15
2026-03-29,S028,SKU00036,12
2026-03-22,S028,SKU00036,15
2026-03-15,S028,SKU00036,11
2026-03-08,S028,SKU00036,12
2026-03-01,S028,SKU00036,13
2026-02-22,S028,SKU00036,3
2026-04-12,S044,SKU00027,12
2026-04-05,S044,SKU00027,12
2026-03-29,S044,SKU00027,21
2026-03-22,S044,SKU00027,11
2026-03-15,S044,SKU00027,10
2026-03-08,S044,SKU00027,11
2026-03-01,S044,SKU00027,19
2026-02-22,S044,SKU00027,21
2026-04-12,S064,SKU00027,11
2026-03-29,S064,SKU00027,4
2026-03-22,S064,SKU00027,7
2026-03-15,S064,SKU00027,5
2026-03-08,S064,SKU00027,6
2026-03-01,S064,SKU00027,4
2026-02-22,S064,SKU00027,6
2026-04-12,S002,SKU00012,4
2026-04-05,S002,SKU00012,4
2026-03-29,S002,SKU00012,5
2026-03-22,S002,SKU00012,2
2026-03-15,S002,SKU00012,5
2026-03-08,S002,SKU00012,5
2026-03-01,S002,SKU00012,4
2026-02-22,S002,SKU00012,4
2026-04-12,S019,SKU00026,15
2026-04-05,S019,SKU00026,14
2026-03-29,S019,SKU00026,13
2026-03-22,S019,SKU00026,15
2026-03-15,S019,SKU00026,19
2026-03-08,S019,SKU00026,19
2026-03-01,S019,SKU00026,12
2026-02-22,S019,SKU00026,14
2026-04-12,S040,SKU00006,14
2026-04-05,S040,SKU00006,15
2026-03-29,S040,SKU00006,9
2026-03-22,S040,SKU00006,8
2026-03-15,S040,SKU00006,13
2026-03-08,S040,SKU00006,8
2026-03-01,S040,SKU00006,9
2026-02-22,S040,SKU00006,7
2026-04-12,S061,SKU00010,2
2026-04-05,S061,SKU00010,7
2026-03-29,S061,SKU00010,6
2026-03-22,S061,SKU00010,12
2026-03-15,S061,SKU00010,5
2026-03-08,S061,SKU00010,5
2026-03-01,S061,SKU00010,8
2026-02-22,S061,SKU00010,6
2026-04-12,S006,SKU00022,20
2026-04-05,S006,SKU00022,20
2026-03-29,S006,SKU00022,24
2026-03-22,S006,SKU00022,22
2026-03-15,S006,SKU00022,19
2026-03-08,S006,SKU00022,20
2026-03-01,S006,SKU00022,22
2026-02-22,S006,SKU00022,24
2026-04-12,S006,SKU00002,13
2026-04-05,S006,SKU00002,13
2026-03-29,S006,SKU00002,13
2026-03-22,S006,SKU00002,11
2026-03-15,S006,SKU00002,14
2026-03-08,S006,SKU00002,13
2026-03-01,S006,SKU00002,9
2026-02-22,S006,SKU00002,13
2026-04-12,S041,SKU00012,6
2026-04-05,S041,SKU00012,8
2026-03-29,S041,SKU00012,7
2026-03-22,S041,SKU00012,8
2026-03-15,S041,SKU00012,6
2026-03-08,S041,SKU00012,4
2026-03-01,S041,SKU00012,6
2026-02-22,S041,SKU00012,7
2026-04-12,S028,SKU00045,1
2026-04-05,S028,SKU00045,3
2026-03-29,S028,SKU00045,4
2026-03-22,S028,SKU00045,2
2026-03-15,S028,SKU00045,1
2026-03-08,S028,SKU00045,3
2026-03-01,S028,SKU00045,3
2026-02-22,S028,SKU00045,4
2026-03-29,S054,SKU00054,2
2026-03-22,S054,SKU00054,1
2026-03-15,S054,SKU00054,1
2026-03-08,S054,SKU00054,1
2026-03-01,S054,SKU00054,3
2026-02-22,S054,SKU00054,2
2026-04-05,S053,SKU00067,1
2026-03-29,S053,SKU00067,1
2026-03-08,S053,SKU00067,1
2026-03-01,S053,SKU00067,1
2026-04-12,S015,SKU00042,8
2026-04-05,S015,SKU00042,7
2026-03-29,S015,SKU00042,5
2026-03-22,S015,SKU00042,8
2026-03-15,S015,SKU00042,6
2026-03-08,S015,SKU00042,8
2026-03-01,S015,SKU00042,7
2026-02-22,S015,SKU00042,10
2026-04-12,S030,SKU00038,13
2026-04-05,S030,SKU00038,11
2026-03-29,S030,SKU00038,7
2026-03-22,S030,SKU00038,7
2026-03-15,S030,SKU00038,9
2026-03-08,S030,SKU00038,8
2026-03-01,S030,SKU00038,10
2026-02-22,S030,SKU00038,6
2026-04-12,S036,SKU00045,14
2026-04-05,S036,SKU00045,14
2026-03-29,S036,SKU00045,12
2026-03-22,S036,SKU00045,9
2026-03-15,S036,SKU00045,16
2026-03-08,S036,SKU00045,5
2026-03-01,S036,SKU00045,19
2026-02-22,S036,SKU00045,13
2026-04-12,S002,SKU00069,2
2026-04-05,S002,SKU00069,3
2026-03-29,S002,SKU00069,5
2026-03-22,S002,SKU00069,3
2026-03-15,S002,SKU00069,4
2026-03-08,S002,SKU00069,4
2026-03-01,S002,SKU00069,4
2026-02-22,S002,SKU00069,4
2026-04-12,S005,SKU00037,7
2026-04-05,S005,SKU00037,7
2026-03-29,S005,SKU00037,6
2026-03-22,S005,SKU00037,5
2026-03-15,S005,SKU00037,6
2026-03-08,S005,SKU00037,8
2026-03-01,S005,SKU00037,7
2026-02-22,S005,SKU00037,8
2026-04-12,S030,SKU00025,2
2026-04-05,S030,SKU00025,6
2026-03-29,S030,SKU00025,4
2026-03-22,S030,SKU00025,5
2026-03-15,S030,SKU00025,4
2026-03-08,S030,SKU00025,4
2026-03-01,S030,SKU00025,7
2026-02-22,S030,SKU00025,6
2026-04-12,S050,SKU00033,1
2026-04-05,S050,SKU00033,1
2026-03-29,S050,SKU00033,3
2026-03-22,S050,SKU00033,1
2026-03-15,S050,SKU00033,2
2026-03-08,S050,SKU00033,1
2026-03-01,S050,SKU00033,1
2026-04-12,S041,SKU00069,2
2026-04-05,S041,SKU00069,1
2026-03-15,S041,SKU00069,1
2026-03-08,S041,SKU00069,2
2026-03-01,S041,SKU00069,3
2026-02-22,S041,SKU00069,1
2026-04-12,S005,SKU00026,13
2026-04-05,S005,SKU00026,13
2026-03-29,S005,SKU00026,11
2026-03-22,S005,SKU00026,10
2026-03-15,S005,SKU00026,10
2026-03-08,S005,SKU00026,14
2026-03-01,S005,SKU00026,14
2026-02-22,S005,SKU00026,9
2026-04-12,S012,SKU00040,6
2026-04-05,S012,SKU00040,6
2026-03-29,S012,SKU00040,11
2026-03-22,S012,SKU00040,11
2026-03-15,S012,SKU00040,9
2026-03-08,S012,SKU00040,8
2026-03-01,S012,SKU00040,8
2026-02-22,S012,SKU00040,7
2026-04-12,S008,SKU00070,2
2026-04-05,S008,SKU00070,4
2026-03-29,S008,SKU00070,3
2026-03-22,S008,SKU00070,3
2026-03-15,S008,SKU00070,3
2026-03-08,S008,SKU00070,3
2026-03-01,S008,SKU00070,2
2026-02-22,S008,SKU00070,2
2026-04-12,S020,SKU00050,2
2026-04-05,S020,SKU00050,4
2026-03-29,S020,SKU00050,2
2026-03-22,S020,SKU00050,2
2026-03-15,S020,SKU00050,5
2026-03-08,S020,SKU00050,3
2026-03-01,S020,SKU00050,2
2026-02-22,S020,SKU00050,3
2026-04-12,S022,SKU00062,1
2026-03-29,S022,SKU00062,2
2026-03-15,S022,SKU00062,1
2026-02-22,S022,SKU00062,2
2026-03-29,S049,SKU00052,1
2026-03-08,S049,SKU00052,1
2026-04-12,S032,SKU00012,9
2026-04-05,S032,SKU00012,9
2026-03-29,S032,SKU00012,7
2026-03-22,S032,SKU00012,8
2026-03-15,S032,SKU00012,8
2026-03-08,S032,SKU00012,11
2026-03-01,S032,SKU00012,10
2026-02-22,S032,SKU00012,9
2026-04-12,S027,SKU00054,1
2026-04-05,S027,SKU00054,1
2026-03-29,S027,SKU00054,1
2026-03-22,S027,SKU00054,1
2026-03-08,S027,SKU00054,1
2026-04-12,S016,SKU00013,8
2026-04-05,S016,SKU00013,6
2026-03-29,S016,SKU00013,9
2026-03-22,S016,SKU00013,7
2026-03-15,S016,SKU00013,8
2026-03-08,S016,SKU00013,8
2026-03-01,S016,SKU00013,8
2026-02-22,S016,SKU00013,9
2026-04-12,S063,SKU00055,1
2026-04-05,S063,SKU00055,2
2026-03-29,S063,SKU00055,1
2026-03-22,S063,SKU00055,1
2026-03-15,S063,SKU00055,2
2026-03-08,S063,SKU00055,2
2026-03-01,S063,SKU00055,1
2026-02-22,S063,SKU00055,2
2026-04-12,S002,SKU00009,11
2026-04-05,S002,SKU00009,13
2026-03-29,S002,SKU00009,10
2026-03-22,S002,SKU00009,12
2026-03-15,S002,SKU00009,11
2026-03-08,S002,SKU00009,17
2026-03-01,S002,SKU00009,14
2026-02-22,S002,SKU00009,11
2026-04-12,S026,SKU00022,11
2026-04-05,S026,SKU00022,14
2026-03-29,S026,SKU00022,15
2026-03-22,S026,SKU00022,16
2026-03-15,S026,SKU00022,13
2026-03-08,S026,SKU00022,19
2026-03-01,S026,SKU00022,13
2026-02-22,S026,SKU00022,15
2026-04-12,S056,SKU00049,7
2026-04-05,S056,SKU00049,10
2026-03-29,S056,SKU00049,8
2026-03-22,S056,SKU00049,9
2026-03-15,S056,SKU00049,2
2026-03-08,S056,SKU00049,1
2026-03-01,S056,SKU00049,10
2026-02-22,S056,SKU00049,10
2026-04-12,S004,SKU00035,3
2026-04-05,S004,SKU00035,2
2026-03-29,S004,SKU00035,1
2026-03-22,S004,SKU00035,4
2026-03-15,S004,SKU00035,2
2026-03-08,S004,SKU00035,2
2026-03-01,S004,SKU00035,2
2026-02-22,S004,SKU00035,3
2026-04-12,S010,SKU00058,1
2026-04-05,S010,SKU00058,1
2026-03-29,S010,SKU00058,1
2026-03-22,S010,SKU00058,1
2026-03-08,S010,SKU00058,1
2026-03-01,S010,SKU00058,1
2026-02-22,S010,SKU00058,1
2026-04-12,S023,SKU00019,2
2026-04-05,S023,SKU00019,5
2026-03-22,S023,SKU00019,4
2026-03-15,S023,SKU00019,5
2026-03-08,S023,SKU00019,4
2026-03-01,S023,SKU00019,5
2026-02-22,S023,SKU00019,5
2026-04-12,S008,SKU00004,3
2026-04-05,S008,SKU00004,2
2026-03-29,S008,SKU00004,2
2026-03-22,S008,SKU00004,3
2026-03-15,S008,SKU00004,3
2026-03-08,S008,SKU00004,2
2026-03-01,S008,SKU00004,3
2026-02-22,S008,SKU00004,3
2026-04-12,S044,SKU00003,10
2026-04-05,S044,SKU00003,9
2026-03-29,S044,SKU00003,7
2026-03-22,S044,SKU00003,6
2026-03-15,S044,SKU00003,6
2026-03-08,S044,SKU00003,6
2026-03-01,S044,SKU00003,5
2026-02-22,S044,SKU00003,8
2026-03-29,S045,SKU00074,1
2026-04-12,S021,SKU00019,4
2026-04-05,S021,SKU00019,1
2026-03-29,S021,SKU00019,5
2026-03-22,S021,SKU00019,4
2026-03-15,S021,SKU00019,4
2026-03-08,S021,SKU00019,8
2026-03-01,S021,SKU00019,3
2026-02-22,S021,SKU00019,2
2026-04-12,S060,SKU00023,11
2026-04-05,S060,SKU00023,9
2026-03-29,S060,SKU00023,6
2026-03-22,S060,SKU00023,14
2026-03-15,S060,SKU00023,10
2026-03-08,S060,SKU00023,4
2026-03-01,S060,SKU00023,8
2026-02-22,S060,SKU00023,5
2026-04-12,S062,SKU00020,4
2026-04-05,S062,SKU00020,6
2026-03-29,S062,SKU00020,7
2026-03-22,S062,SKU00020,1
2026-03-15,S062,SKU00020,1
2026-03-01,S062,SKU00020,2
2026-02-22,S062,SKU00020,4
2026-04-12,S064,SKU00003,3
2026-04-05,S064,SKU00003,4
2026-03-29,S064,SKU00003,4
2026-03-22,S064,SKU00003,1
2026-03-15,S064,SKU00003,5
2026-03-08,S064,SKU00003,5
2026-03-01,S064,SKU00003,3
2026-02-22,S064,SKU00003,3
2026-04-12,S054,SKU00008,1
2026-04-05,S054,SKU00008,4
2026-03-29,S054,SKU00008,9
2026-03-22,S054,SKU00008,7
2026-03-15,S054,SKU00008,6
2026-03-08,S054,SKU00008,5
2026-03-01,S054,SKU00008,6
2026-02-22,S054,SKU00008,5
2026-04-12,S021,SKU00055,1
2026-04-05,S021,SKU00055,1
2026-03-29,S021,SKU00055,1
2026-03-22,S021,SKU00055,1
2026-03-15,S021,SKU00055,1
2026-03-08,S021,SKU00055,1
2026-03-01,S021,SKU00055,1
2026-02-22,S021,SKU00055,1
2026-04-12,S002,SKU00057,2
2026-04-05,S002,SKU00057,2
2026-03-29,S002,SKU00057,3
2026-03-22,S002,SKU00057,3
2026-03-15,S002,SKU00057,2
2026-03-08,S002,SKU00057,2
2026-03-01,S002,SKU00057,2
2026-02-22,S002,SKU00057,2
2026-04-05,S054,SKU00063,1
2026-03-22,S054,SKU00063,1
2026-03-15,S054,SKU00063,2
2026-03-08,S054,SKU00063,1
2026-02-22,S054,SKU00063,1
2026-04-12,S022,SKU00027,5
2026-04-05,S022,SKU00027,12
2026-03-29,S022,SKU00027,16
2026-03-22,S022,SKU00027,16
2026-03-15,S022,SKU00027,13
2026-03-08,S022,SKU00027,11
2026-03-01,S022,SKU00027,14
2026-02-22,S022,SKU00027,18
2026-04-12,S053,SKU00011,2
2026-04-05,S053,SKU00011,8
2026-03-29,S053,SKU00011,8
2026-03-22,S053,SKU00011,8
2026-03-15,S053,SKU00011,10
2026-03-08,S053,SKU00011,4
2026-03-01,S053,SKU00011,9
2026-02-22,S053,SKU00011,8
2026-04-12,S019,SKU00074,1
2026-04-05,S019,SKU00074,1
2026-03-29,S019,SKU00074,1
2026-03-22,S019,SKU00074,1
2026-03-15,S019,SKU00074,1
2026-03-08,S019,SKU00074,1
2026-03-01,S019,SKU00074,1
2026-02-22,S019,SKU00074,1
2026-04-12,S041,SKU00057,1
2026-03-29,S041,SKU00057,1
2026-03-22,S041,SKU00057,1
2026-03-15,S041,SKU00057,1
2026-03-08,S041,SKU00057,1
2026-03-01,S041,SKU00057,1
2026-04-12,S043,SKU00025,13
2026-04-05,S043,SKU00025,7
2026-03-29,S043,SKU00025,15
2026-03-22,S043,SKU00025,12
2026-03-15,S043,SKU00025,6
2026-03-08,S043,SKU00025,20
2026-03-01,S043,SKU00025,16
2026-02-22,S043,SKU00025,9
2026-04-12,S010,SKU00071,3
2026-04-05,S010,SKU00071,5
2026-03-29,S010,SKU00071,2
2026-03-22,S010,SKU00071,3
2026-03-15,S010,SKU00071,4
2026-03-08,S010,SKU00071,5
2026-03-01,S010,SKU00071,4
2026-02-22,S010,SKU00071,5
2026-04-12,S018,SKU00012,5
2026-04-05,S018,SKU00012,6
2026-03-29,S018,SKU00012,7
2026-03-22,S018,SKU00012,7
2026-03-15,S018,SKU00012,7
2026-03-08,S018,SKU00012,8
2026-03-01,S018,SKU00012,8
2026-02-22,S018,SKU00012,7
2026-03-22,S050,SKU00058,1
2026-03-15,S050,SKU00058,1
2026-04-12,S006,SKU00037,30
2026-04-05,S006,SKU00037,27
2026-03-29,S006,SKU00037,22
2026-03-22,S006,SKU00037,33
2026-03-15,S006,SKU00037,20
2026-03-08,S006,SKU00037,18
2026-03-01,S006,SKU00037,28
2026-02-22,S006,SKU00037,31
2026-04-12,S007,SKU00019,5
2026-04-05,S007,SKU00019,8
2026-03-29,S007,SKU00019,11
2026-03-22,S007,SKU00019,8
2026-03-15,S007,SKU00019,9
2026-03-08,S007,SKU00019,9
2026-03-01,S007,SKU00019,13
2026-02-22,S007,SKU00019,6
2026-04-12,S013,SKU00028,20
2026-04-05,S013,SKU00028,15
2026-03-29,S013,SKU00028,19
2026-03-22,S013,SKU00028,15
2026-03-15,S013,SKU00028,15
2026-03-08,S013,SKU00028,14
2026-03-01,S013,SKU00028,19
2026-02-22,S013,SKU00028,22
2026-04-12,S030,SKU00036,2
2026-04-05,S030,SKU00036,7
2026-03-29,S030,SKU00036,14
2026-03-22,S030,SKU00036,4
2026-03-15,S030,SKU00036,7
2026-03-08,S030,SKU00036,8
2026-03-01,S030,SKU00036,2
2026-02-22,S030,SKU00036,8
2026-03-22,S007,SKU00055,1
2026-04-12,S045,SKU00057,2
2026-03-29,S045,SKU00057,2
2026-03-22,S045,SKU00057,1
2026-03-15,S045,SKU00057,1
2026-03-08,S045,SKU00057,1
2026-03-01,S045,SKU00057,1
2026-02-22,S045,SKU00057,2
2026-04-12,S061,SKU00018,3
2026-04-05,S061,SKU00018,3
2026-03-29,S061,SKU00018,4
2026-03-22,S061,SKU00018,2
2026-03-15,S061,SKU00018,2
2026-03-08,S061,SKU00018,4
2026-03-01,S061,SKU00018,6
2026-02-22,S061,SKU00018,4
2026-04-12,S015,SKU00003,7
2026-04-05,S015,SKU00003,7
2026-03-29,S015,SKU00003,7
2026-03-22,S015,SKU00003,6
2026-03-15,S015,SKU00003,7
2026-03-08,S015,SKU00003,7
2026-03-01,S015,SKU00003,9
2026-02-22,S015,SKU00003,6
2026-04-12,S009,SKU00059,2
2026-04-05,S009,SKU00059,1
2026-03-29,S009,SKU00059,1
2026-03-22,S009,SKU00059,1
2026-03-15,S009,SKU00059,2
2026-03-08,S009,SKU00059,1
2026-03-01,S009,SKU00059,1
2026-02-22,S009,SKU00059,2
2026-04-12,S008,SKU00015,5
2026-04-05,S008,SKU00015,5
2026-03-29,S008,SKU00015,5
2026-03-22,S008,SKU00015,4
2026-03-15,S008,SKU00015,4
2026-03-08,S008,SKU00015,4
2026-03-01,S008,SKU00015,6
2026-02-22,S008,SKU00015,5
2026-04-12,S005,SKU00074,3
2026-04-05,S005,SKU00074,3
2026-03-29,S005,SKU00074,2
2026-03-22,S005,SKU00074,3
2026-03-15,S005,SKU00074,3
2026-03-08,S005,SKU00074,2
2026-03-01,S005,SKU00074,2
2026-02-22,S005,SKU00074,2
2026-04-12,S007,SKU00054,1
2026-04-05,S007,SKU00054,1
2026-03-29,S007,SKU00054,1
2026-03-22,S007,SKU00054,1
2026-03-15,S007,SKU00054,1
2026-03-01,S007,SKU00054,1
2026-02-22,S007,SKU00054,1
2026-03-01,S019,SKU00057,1
2026-04-12,S030,SKU00045,7
2026-04-05,S030,SKU00045,8
2026-03-29,S030,SKU00045,9
2026-03-22,S030,SKU00045,5
2026-03-15,S030,SKU00045,7
2026-03-08,S030,SKU00045,8
2026-03-01,S030,SKU00045,8
2026-02-22,S030,SKU00045,7
2026-04-12,S031,SKU00018,13
2026-04-05,S031,SKU00018,12
2026-03-29,S031,SKU00018,11
2026-03-22,S031,SKU00018,12
2026-03-15,S031,SKU00018,14
2026-03-08,S031,SKU00018,13
2026-03-01,S031,SKU00018,14
2026-02-22,S031,SKU00018,11
2026-04-12,S013,SKU00034,3
2026-04-05,S013,SKU00034,7
2026-03-29,S013,SKU00034,4
2026-03-22,S013,SKU00034,5
2026-03-15,S013,SKU00034,6
2026-03-08,S013,SKU00034,6
2026-03-01,S013,SKU00034,5
2026-02-22,S013,SKU00034,4
2026-04-12,S013,SKU00031,8
2026-04-05,S013,SKU00031,11
2026-03-29,S013,SKU00031,12
2026-03-22,S013,SKU00031,12
2026-03-15,S013,SKU00031,14
2026-03-08,S013,SKU00031,9
2026-03-01,S013,SKU00031,13
2026-02-22,S013,SKU00031,10
2026-04-12,S050,SKU00071,1
2026-04-05,S050,SKU00071,1
2026-03-08,S050,SKU00071,1
2026-03-01,S050,SKU00071,1
2026-02-22,S050,SKU00071,1
2026-04-12,S012,SKU00042,9
2026-04-05,S012,SKU00042,12
2026-03-29,S012,SKU00042,9
2026-03-22,S012,SKU00042,6
2026-03-15,S012,SKU00042,8
2026-03-08,S012,SKU00042,11
2026-03-01,S012,SKU00042,8
2026-02-22,S012,SKU00042,8
2026-04-12,S063,SKU00008,8
2026-04-05,S063,SKU00008,10
2026-03-29,S063,SKU00008,6
2026-03-22,S063,SKU00008,4
2026-03-15,S063,SKU00008,8
2026-03-08,S063,SKU00008,13
2026-03-01,S063,SKU00008,3
2026-02-22,S063,SKU00008,7
2026-04-12,S017,SKU00072,1
2026-04-05,S017,SKU00072,1
2026-03-29,S017,SKU00072,1
2026-03-22,S017,SKU00072,1
2026-03-15,S017,SKU00072,1
2026-03-08,S017,SKU00072,1
2026-03-01,S017,SKU00072,1
2026-02-22,S017,SKU00072,1
2026-04-12,S032,SKU00033,6
2026-04-05,S032,SKU00033,6
2026-03-29,S032,SKU00033,9
2026-03-22,S032,SKU00033,8
2026-03-15,S032,SKU00033,7
2026-03-08,S032,SKU00033,7
2026-03-01,S032,SKU00033,5
2026-02-22,S032,SKU00033,12
2026-04-12,S047,SKU00006,4
2026-04-05,S047,SKU00006,4
2026-03-29,S047,SKU00006,3
2026-03-15,S047,SKU00006,4
2026-03-08,S047,SKU00006,7
2026-02-22,S047,SKU00006,2
2026-04-12,S004,SKU00015,17
2026-04-05,S004,SKU00015,12
2026-03-29,S004,SKU00015,15
2026-03-22,S004,SKU00015,13
2026-03-15,S004,SKU00015,18
2026-03-08,S004,SKU00015,11
2026-03-01,S004,SKU00015,19
2026-02-22,S004,SKU00015,14
2026-04-12,S026,SKU00037,11
2026-04-05,S026,SKU00037,9
2026-03-29,S026,SKU00037,12
2026-03-22,S026,SKU00037,8
2026-03-15,S026,SKU00037,10
2026-03-08,S026,SKU00037,11
2026-03-01,S026,SKU00037,9
2026-02-22,S026,SKU00037,6
2026-04-12,S023,SKU00008,11
2026-04-05,S023,SKU00008,9
2026-03-29,S023,SKU00008,9
2026-03-22,S023,SKU00008,12
2026-03-15,S023,SKU00008,18
2026-03-08,S023,SKU00008,14
2026-03-01,S023,SKU00008,10
2026-02-22,S023,SKU00008,8
2026-04-05,S001,SKU00066,1
2026-03-29,S001,SKU00066,1
2026-03-22,S001,SKU00066,1
2026-03-15,S001,SKU00066,1
2026-03-01,S001,SKU00066,1
2026-02-22,S001,SKU00066,1
2026-04-12,S038,SKU00019,11
2026-04-05,S038,SKU00019,5
2026-03-29,S038,SKU00019,14
2026-03-22,S038,SKU00019,6
2026-03-15,S038,SKU00019,7
2026-03-08,S038,SKU00019,6
2026-03-01,S038,SKU00019,7
2026-02-22,S038,SKU00019,9
2026-04-12,S010,SKU00014,17
2026-04-05,S010,SKU00014,13
2026-03-29,S010,SKU00014,14
2026-03-22,S010,SKU00014,18
2026-03-15,S010,SKU00014,13
2026-03-08,S010,SKU00014,14
2026-03-01,S010,SKU00014,12
2026-02-22,S010,SKU00014,21
2026-04-12,S002,SKU00058,1
2026-04-05,S002,SKU00058,1
2026-03-29,S002,SKU00058,1
2026-03-22,S002,SKU00058,1
2026-03-15,S002,SKU00058,1
2026-03-08,S002,SKU00058,1
2026-03-01,S002,SKU00058,1
2026-02-22,S002,SKU00058,1
2026-04-12,S021,SKU00008,10
2026-04-05,S021,SKU00008,5
2026-03-29,S021,SKU00008,11
2026-03-22,S021,SKU00008,9
2026-03-15,S021,SKU00008,12
2026-03-08,S021,SKU00008,6
2026-03-01,S021,SKU00008,10
2026-02-22,S021,SKU00008,7
2026-04-12,S038,SKU00055,2
2026-04-05,S038,SKU00055,1
2026-03-22,S038,SKU00055,1
2026-03-15,S038,SKU00055,1
2026-03-08,S038,SKU00055,1
2026-02-22,S038,SKU00055,1
2026-04-12,S012,SKU00027,2
2026-04-05,S012,SKU00027,3
2026-03-29,S012,SKU00027,3
2026-03-22,S012,SKU00027,2
2026-03-15,S012,SKU00027,4
2026-03-08,S012,SKU00027,3
2026-03-01,S012,SKU00027,4
2026-02-22,S012,SKU00027,2
2026-04-12,S035,SKU00011,1
2026-04-05,S035,SKU00011,4
2026-03-29,S035,SKU00011,2
2026-03-22,S035,SKU00011,6
2026-03-15,S035,SKU00011,3
2026-03-08,S035,SKU00011,3
2026-03-01,S035,SKU00011,2
2026-02-22,S035,SKU00011,3
2026-04-12,S014,SKU00040,4
2026-04-05,S014,SKU00040,6
2026-03-29,S014,SKU00040,3
2026-03-22,S014,SKU00040,4
2026-03-15,S014,SKU00040,3
2026-03-08,S014,SKU00040,3
2026-03-01,S014,SKU00040,4
2026-02-22,S014,SKU00040,3
2026-04-12,S011,SKU00007,10
2026-04-05,S011,SKU00007,9
2026-03-29,S011,SKU00007,6
2026-03-22,S011,SKU00007,7
2026-03-15,S011,SKU00007,6
2026-03-08,S011,SKU00007,6
2026-03-01,S011,SKU00007,8
2026-02-22,S011,SKU00007,8
2026-04-12,S034,SKU00050,5
2026-04-05,S034,SKU00050,9
2026-03-29,S034,SKU00050,10
2026-03-22,S034,SKU00050,3
2026-03-15,S034,SKU00050,5
2026-03-08,S034,SKU00050,6
2026-03-01,S034,SKU00050,9
2026-02-22,S034,SKU00050,6
2026-04-12,S037,SKU00045,12
2026-04-05,S037,SKU00045,11
2026-03-29,S037,SKU00045,11
2026-03-22,S037,SKU00045,13
2026-03-15,S037,SKU00045,10
2026-03-08,S037,SKU00045,17
2026-03-01,S037,SKU00045,13
2026-02-22,S037,SKU00045,9
2026-04-12,S006,SKU00069,2
2026-04-05,S006,SKU00069,3
2026-03-29,S006,SKU00069,3
2026-03-22,S006,SKU00069,3
2026-03-15,S006,SKU00069,2
2026-03-08,S006,SKU00069,3
2026-03-01,S006,SKU00069,2
2026-02-22,S006,SKU00069,1
2026-04-12,S051,SKU00047,5
2026-04-05,S051,SKU00047,11
2026-03-29,S051,SKU00047,8
2026-03-08,S051,SKU00047,7
2026-03-01,S051,SKU00047,5
2026-02-22,S051,SKU00047,2
2026-04-12,S018,SKU00033,4
2026-04-05,S018,SKU00033,4
2026-03-29,S018,SKU00033,5
2026-03-22,S018,SKU00033,4
2026-03-15,S018,SKU00033,3
2026-03-08,S018,SKU00033,4
2026-03-01,S018,SKU00033,3
2026-02-22,S018,SKU00033,4
2026-04-12,S007,SKU00008,4
2026-04-05,S007,SKU00008,3
2026-03-29,S007,SKU00008,4
2026-03-22,S007,SKU00008,4
2026-03-15,S007,SKU00008,4
2026-03-08,S007,SKU00008,3
2026-03-01,S007,SKU00008,3
2026-02-22,S007,SKU00008,3
2026-04-12,S007,SKU00063,1
2026-04-05,S007,SKU00063,2
2026-03-29,S007,SKU00063,1
2026-03-22,S007,SKU00063,1
2026-03-15,S007,SKU00063,2
2026-03-08,S007,SKU00063,2
2026-03-01,S007,SKU00063,2
2026-02-22,S007,SKU00063,1
2026-04-12,S050,SKU00014,2
2026-03-22,S050,SKU00014,1
2026-03-08,S050,SKU00014,2
2026-03-01,S050,SKU00014,3
2026-02-22,S050,SKU00014,3
2026-04-12,S045,SKU00059,1
2026-04-05,S045,SKU00059,3
2026-03-29,S045,SKU00059,2
2026-03-22,S045,SKU00059,1
2026-03-15,S045,SKU00059,1
2026-03-08,S045,SKU00059,2
2026-03-01,S045,SKU00059,1
2026-02-22,S045,SKU00059,2
2026-04-12,S006,SKU00074,3
2026-04-05,S006,SKU00074,2
2026-03-29,S006,SKU00074,4
2026-03-22,S006,SKU00074,2
2026-03-15,S006,SKU00074,2
2026-03-08,S006,SKU00074,2
2026-03-01,S006,SKU00074,3
2026-02-22,S006,SKU00074,4
2026-04-12,S028,SKU00066,3
2026-04-05,S028,SKU00066,4
2026-03-29,S028,SKU00066,3
2026-03-22,S028,SKU00066,6
2026-03-15,S028,SKU00066,3
2026-03-08,S028,SKU00066,2
2026-03-01,S028,SKU00066,4
2026-02-22,S028,SKU00066,3
2026-04-12,S031,SKU00017,2
2026-04-05,S031,SKU00017,7
2026-03-29,S031,SKU00017,4
2026-03-22,S031,SKU00017,7
2026-03-15,S031,SKU00017,7
2026-03-08,S031,SKU00017,6
2026-03-01,S031,SKU00017,3
2026-02-22,S031,SKU00017,6
2026-04-12,S001,SKU00021,7
2026-04-05,S001,SKU00021,10
2026-03-29,S001,SKU00021,8
2026-03-22,S001,SKU00021,8
2026-03-15,S001,SKU00021,11
2026-03-08,S001,SKU00021,10
2026-03-01,S001,SKU00021,11
2026-02-22,S001,SKU00021,7
2026-04-12,S011,SKU00073,1
2026-04-05,S011,SKU00073,1
2026-03-29,S011,SKU00073,1
2026-03-22,S011,SKU00073,1
2026-03-08,S011,SKU00073,1
2026-03-01,S011,SKU00073,1
2026-02-22,S011,SKU00073,1
2026-04-12,S041,SKU00071,1
2026-04-12,S010,SKU00049,16
2026-04-05,S010,SKU00049,23
2026-03-29,S010,SKU00049,19
2026-03-22,S010,SKU00049,12
2026-03-15,S010,SKU00049,20
2026-03-08,S010,SKU00049,19
2026-03-01,S010,SKU00049,13
2026-02-22,S010,SKU00049,14
2026-03-22,S016,SKU00060,1
2026-03-15,S016,SKU00060,1
2026-03-08,S016,SKU00060,1
2026-03-01,S016,SKU00060,1
2026-04-12,S032,SKU00058,2
2026-03-29,S032,SKU00058,1
2026-03-22,S032,SKU00058,1
2026-03-15,S032,SKU00058,1
2026-03-08,S032,SKU00058,1
2026-03-01,S032,SKU00058,1
2026-02-22,S032,SKU00058,1
2026-04-12,S020,SKU00067,3
2026-04-05,S020,SKU00067,2
2026-03-29,S020,SKU00067,4
2026-03-22,S020,SKU00067,2
2026-03-15,S020,SKU00067,3
2026-03-08,S020,SKU00067,2
2026-03-01,S020,SKU00067,3
2026-02-22,S020,SKU00067,3
2026-04-12,S003,SKU00002,5
2026-04-05,S003,SKU00002,3
2026-03-29,S003,SKU00002,5
2026-03-22,S003,SKU00002,4
2026-03-15,S003,SKU00002,3
2026-03-08,S003,SKU00002,4
2026-03-01,S003,SKU00002,3
2026-02-22,S003,SKU00002,3
2026-04-12,S019,SKU00059,1
2026-04-05,S019,SKU00059,2
2026-03-29,S019,SKU00059,1
2026-03-22,S019,SKU00059,1
2026-03-15,S019,SKU00059,1
2026-03-08,S019,SKU00059,1
2026-03-01,S019,SKU00059,1
2026-02-22,S019,SKU00059,1
2026-04-12,S006,SKU00009,3
2026-04-05,S006,SKU00009,3
2026-03-29,S006,SKU00009,2
2026-03-22,S006,SKU00009,2
2026-03-15,S006,SKU00009,2
2026-03-08,S006,SKU00009,2
2026-03-01,S006,SKU00009,1
2026-02-22,S006,SKU00009,2
2026-04-12,S008,SKU00022,12
2026-04-05,S008,SKU00022,11
2026-03-29,S008,SKU00022,6
2026-03-22,S008,SKU00022,13
2026-03-15,S008,SKU00022,15
2026-03-08,S008,SKU00022,10
2026-03-01,S008,SKU00022,9
2026-02-22,S008,SKU00022,9
2026-04-12,S042,SKU00036,3
2026-04-05,S042,SKU00036,4
2026-03-29,S042,SKU00036,3
2026-03-22,S042,SKU00036,2
2026-03-15,S042,SKU00036,2
2026-03-08,S042,SKU00036,1
2026-03-01,S042,SKU00036,2
2026-02-22,S042,SKU00036,4
2026-04-12,S015,SKU00048,26
2026-04-05,S015,SKU00048,20
2026-03-29,S015,SKU00048,17
2026-03-22,S015,SKU00048,27
2026-03-15,S015,SKU00048,18
2026-03-08,S015,SKU00048,14
2026-03-01,S015,SKU00048,21
2026-02-22,S015,SKU00048,17
2026-04-12,S036,SKU00039,15
2026-04-05,S036,SKU00039,21
2026-03-29,S036,SKU00039,19
2026-03-22,S036,SKU00039,13
2026-03-15,S036,SKU00039,22
2026-03-08,S036,SKU00039,19
2026-03-01,S036,SKU00039,24
2026-02-22,S036,SKU00039,13
2026-04-12,S053,SKU00001,4
2026-04-05,S053,SKU00001,2
2026-03-29,S053,SKU00001,2
2026-03-22,S053,SKU00001,3
2026-03-15,S053,SKU00001,1
2026-03-08,S053,SKU00001,4
2026-02-22,S053,SKU00001,2
2026-04-12,S027,SKU00040,13
2026-04-05,S027,SKU00040,9
2026-03-29,S027,SKU00040,11
2026-03-22,S027,SKU00040,8
2026-03-15,S027,SKU00040,12
2026-03-08,S027,SKU00040,14
2026-03-01,S027,SKU00040,11
2026-02-22,S027,SKU00040,8
2026-04-12,S039,SKU00072,1
2026-04-05,S039,SKU00072,2
2026-03-29,S039,SKU00072,3
2026-03-22,S039,SKU00072,3
2026-03-15,S039,SKU00072,1
2026-03-08,S039,SKU00072,2
2026-03-01,S039,SKU00072,2
2026-02-22,S039,SKU00072,3
2026-04-12,S006,SKU00057,1
2026-03-29,S006,SKU00057,1
2026-03-22,S006,SKU00057,1
2026-03-15,S006,SKU00057,1
2026-03-08,S006,SKU00057,1
2026-03-01,S006,SKU00057,1
2026-02-22,S006,SKU00057,1
2026-04-12,S002,SKU00047,21
2026-04-05,S002,SKU00047,15
2026-03-29,S002,SKU00047,22
2026-03-22,S002,SKU00047,27
2026-03-15,S002,SKU00047,20
2026-03-08,S002,SKU00047,23
2026-03-01,S002,SKU00047,24
2026-02-22,S002,SKU00047,20
2026-04-12,S011,SKU00036,11
2026-04-05,S011,SKU00036,13
2026-03-29,S011,SKU00036,14
2026-03-22,S011,SKU00036,9
2026-03-15,S011,SKU00036,13
2026-03-08,S011,SKU00036,15
2026-03-01,S011,SKU00036,15
2026-02-22,S011,SKU00036,14
2026-04-12,S024,SKU00020,1
2026-04-05,S024,SKU00020,4
2026-03-29,S024,SKU00020,5
2026-03-22,S024,SKU00020,3
2026-03-15,S024,SKU00020,3
2026-03-08,S024,SKU00020,6
2026-03-01,S024,SKU00020,3
2026-02-22,S024,SKU00020,1
2026-04-05,S038,SKU00063,2
2026-03-29,S038,SKU00063,1
2026-03-22,S038,SKU00063,2
2026-03-15,S038,SKU00063,2
2026-03-08,S038,SKU00063,1
2026-03-01,S038,SKU00063,1
2026-02-22,S038,SKU00063,1
2026-04-12,S026,SKU00074,3
2026-04-05,S026,SKU00074,2
2026-03-29,S026,SKU00074,3
2026-03-22,S026,SKU00074,2
2026-03-15,S026,SKU00074,1
2026-03-08,S026,SKU00074,4
2026-03-01,S026,SKU00074,2
2026-02-22,S026,SKU00074,2
2026-04-12,S044,SKU00030,7
2026-04-05,S044,SKU00030,4
2026-03-29,S044,SKU00030,4
2026-03-22,S044,SKU00030,4
2026-03-15,S044,SKU00030,3
2026-03-08,S044,SKU00030,3
2026-03-01,S044,SKU00030,2
2026-02-22,S044,SKU00030,6
2026-04-12,S052,SKU00036,1
2026-04-05,S052,SKU00036,3
2026-03-29,S052,SKU00036,1
2026-03-22,S052,SKU00036,1
2026-03-15,S052,SKU00036,2
2026-03-08,S052,SKU00036,3
2026-03-01,S052,SKU00036,3
2026-04-12,S050,SKU00049,3
2026-04-05,S050,SKU00049,2
2026-03-29,S050,SKU00049,4
2026-03-22,S050,SKU00049,4
2026-03-15,S050,SKU00049,2
2026-03-08,S050,SKU00049,2
2026-03-01,S050,SKU00049,4
2026-02-22,S050,SKU00049,2
2026-04-12,S041,SKU00047,4
2026-04-05,S041,SKU00047,5
2026-03-29,S041,SKU00047,4
2026-03-22,S041,SKU00047,3
2026-03-15,S041,SKU00047,5
2026-03-08,S041,SKU00047,6
2026-03-01,S041,SKU00047,4
2026-02-22,S041,SKU00047,4
2026-04-12,S005,SKU00059,1
2026-04-05,S005,SKU00059,2
2026-03-29,S005,SKU00059,1
2026-03-22,S005,SKU00059,1
2026-03-15,S005,SKU00059,1
2026-03-08,S005,SKU00059,1
2026-03-01,S005,SKU00059,1
2026-04-12,S055,SKU00065,1
2026-04-05,S055,SKU00065,1
2026-03-29,S055,SKU00065,1
2026-03-22,S055,SKU00065,1
2026-03-01,S055,SKU00065,1
2026-02-22,S055,SKU00065,2
2026-04-12,S002,SKU00014,15
2026-04-05,S002,SKU00014,16
2026-03-29,S002,SKU00014,16
2026-03-22,S002,SKU00014,14
2026-03-15,S002,SKU00014,18
2026-03-08,S002,SKU00014,22
2026-03-01,S002,SKU00014,14
2026-02-22,S002,SKU00014,17
2026-04-12,S018,SKU00058,2
2026-04-05,S018,SKU00058,2
2026-03-29,S018,SKU00058,2
2026-03-22,S018,SKU00058,2
2026-03-15,S018,SKU00058,1
2026-03-08,S018,SKU00058,2
2026-03-01,S018,SKU00058,2
2026-02-22,S018,SKU00058,1
2026-04-12,S014,SKU00062,4
2026-04-05,S014,SKU00062,4
2026-03-29,S014,SKU00062,4
2026-03-22,S014,SKU00062,3
2026-03-15,S014,SKU00062,4
2026-03-08,S014,SKU00062,4
2026-03-01,S014,SKU00062,5
2026-02-22,S014,SKU00062,3
2026-04-12,S045,SKU00013,4
2026-04-05,S045,SKU00013,4
2026-03-29,S045,SKU00013,4
2026-03-22,S045,SKU00013,4
2026-03-15,S045,SKU00013,5
2026-03-08,S045,SKU00013,3
2026-03-01,S045,SKU00013,5
2026-02-22,S045,SKU00013,3
2026-04-12,S011,SKU00045,19
2026-04-05,S011,SKU00045,16
2026-03-29,S011,SKU00045,17
2026-03-22,S011,SKU00045,13
2026-03-15,S011,SKU00045,17
2026-03-08,S011,SKU00045,15
2026-03-01,S011,SKU00045,11
2026-02-22,S011,SKU00045,12
2026-04-12,S013,SKU00070,1
2026-03-29,S013,SKU00070,1
2026-03-22,S013,SKU00070,1
2026-03-15,S013,SKU00070,1
2026-03-01,S013,SKU00070,1
2026-02-22,S013,SKU00070,1
2026-04-12,S026,SKU00009,9
2026-04-05,S026,SKU00009,13
2026-03-29,S026,SKU00009,17
2026-03-22,S026,SKU00009,13
2026-03-15,S026,SKU00009,9
2026-03-08,S026,SKU00009,21
2026-03-01,S026,SKU00009,11
2026-02-22,S026,SKU00009,10
2026-04-12,S017,SKU00033,4
2026-04-05,S017,SKU00033,3
2026-03-29,S017,SKU00033,3
2026-03-22,S017,SKU00033,5
2026-03-15,S017,SKU00033,4
2026-03-08,S017,SKU00033,4
2026-03-01,S017,SKU00033,4
2026-02-22,S017,SKU00033,3
2026-04-12,S014,SKU00042,8
2026-04-05,S014,SKU00042,6
2026-03-29,S014,SKU00042,6
2026-03-22,S014,SKU00042,8
2026-03-15,S014,SKU00042,10
2026-03-08,S014,SKU00042,9
2026-03-01,S014,SKU00042,8
2026-02-22,S014,SKU00042,8
2026-04-12,S040,SKU00050,6
2026-04-05,S040,SKU00050,3
2026-03-29,S040,SKU00050,4
2026-03-22,S040,SKU00050,2
2026-03-15,S040,SKU00050,4
2026-03-08,S040,SKU00050,8
2026-03-01,S040,SKU00050,2
2026-02-22,S040,SKU00050,7
2026-04-12,S035,SKU00024,1
2026-04-05,S035,SKU00024,1
2026-03-29,S035,SKU00024,3
2026-03-22,S035,SKU00024,2
2026-03-15,S035,SKU00024,3
2026-03-08,S035,SKU00024,3
2026-03-01,S035,SKU00024,1
2026-02-22,S035,SKU00024,3
2026-04-12,S019,SKU00013,12
2026-04-05,S019,SKU00013,10
2026-03-29,S019,SKU00013,19
2026-03-22,S019,SKU00013,19
2026-03-15,S019,SKU00013,19
2026-03-08,S019,SKU00013,12
2026-03-01,S019,SKU00013,15
2026-02-22,S019,SKU00013,12
2026-04-12,S020,SKU00011,3
2026-04-05,S020,SKU00011,6
2026-03-29,S020,SKU00011,5
2026-03-22,S020,SKU00011,5
2026-03-15,S020,SKU00011,4
2026-03-08,S020,SKU00011,5
2026-03-01,S020,SKU00011,4
2026-02-22,S020,SKU00011,4
2026-03-22,S054,SKU00062,1
2026-03-08,S054,SKU00062,1
2026-04-12,S053,SKU00005,2
2026-04-05,S053,SKU00005,2
2026-03-29,S053,SKU00005,1
2026-03-22,S053,SKU00005,1
2026-03-08,S053,SKU00005,1
2026-03-01,S053,SKU00005,1
2026-02-22,S053,SKU00005,1
2026-04-12,S036,SKU00006,3
2026-04-05,S036,SKU00006,4
2026-03-29,S036,SKU00006,4
2026-03-22,S036,SKU00006,3
2026-03-15,S036,SKU00006,4
2026-03-08,S036,SKU00006,2
2026-03-01,S036,SKU00006,4
2026-02-22,S036,SKU00006,2
2026-04-12,S048,SKU00042,8
2026-04-05,S048,SKU00042,2
2026-03-29,S048,SKU00042,4
2026-03-22,S048,SKU00042,7
2026-03-15,S048,SKU00042,8
2026-03-08,S048,SKU00042,6
2026-03-01,S048,SKU00042,2
2026-02-22,S048,SKU00042,5
2026-04-12,S018,SKU00071,1
2026-04-05,S018,SKU00071,1
2026-03-29,S018,SKU00071,1
2026-03-15,S018,SKU00071,1
2026-03-08,S018,SKU00071,1
2026-03-01,S018,SKU00071,1
2026-02-22,S018,SKU00071,1
2026-04-12,S046,SKU00038,3
2026-04-05,S046,SKU00038,1
2026-03-29,S046,SKU00038,2
2026-03-22,S046,SKU00038,1
2026-03-15,S046,SKU00038,1
2026-03-08,S046,SKU00038,1
2026-03-01,S046,SKU00038,1
2026-02-22,S046,SKU00038,2
2026-04-12,S025,SKU00023,2
2026-04-05,S025,SKU00023,3
2026-03-29,S025,SKU00023,3
2026-03-22,S025,SKU00023,3
2026-03-15,S025,SKU00023,2
2026-03-08,S025,SKU00023,3
2026-03-01,S025,SKU00023,3
2026-02-22,S025,SKU00023,1
2026-04-12,S035,SKU00051,1
2026-04-05,S035,SKU00051,1
2026-03-29,S035,SKU00051,2
2026-03-22,S035,SKU00051,3
2026-03-15,S035,SKU00051,2
2026-03-08,S035,SKU00051,2
2026-03-01,S035,SKU00051,1
2026-02-22,S035,SKU00051,1
2026-04-12,S003,SKU00037,22
2026-04-05,S003,SKU00037,26
2026-03-29,S003,SKU00037,29
2026-03-22,S003,SKU00037,23
2026-03-15,S003,SKU00037,19
2026-03-08,S003,SKU00037,20
2026-03-01,S003,SKU00037,17
2026-02-22,S003,SKU00037,22
2026-04-12,S032,SKU00014,2
2026-04-05,S032,SKU00014,2
2026-03-29,S032,SKU00014,1
2026-03-15,S032,SKU00014,3
2026-03-08,S032,SKU00014,1
2026-03-01,S032,SKU00014,1
2026-02-22,S032,SKU00014,2
2026-04-12,S046,SKU00025,3
2026-03-29,S046,SKU00025,1
2026-03-15,S046,SKU00025,2
2026-03-08,S046,SKU00025,3
2026-02-22,S046,SKU00025,3
2026-04-12,S007,SKU00040,4
2026-04-05,S007,SKU00040,2
2026-03-29,S007,SKU00040,2
2026-03-22,S007,SKU00040,2
2026-03-15,S007,SKU00040,3
2026-03-08,S007,SKU00040,4
2026-03-01,S007,SKU00040,3
2026-02-22,S007,SKU00040,4
2026-04-05,S048,SKU00027,3
2026-03-22,S048,SKU00027,1
2026-03-15,S048,SKU00027,1
2026-03-08,S048,SKU00027,1
2026-02-22,S048,SKU00027,2
2026-04-12,S002,SKU00049,5
2026-04-05,S002,SKU00049,6
2026-03-29,S002,SKU00049,7
2026-03-22,S002,SKU00049,7
2026-03-15,S002,SKU00049,5
2026-03-08,S002,SKU00049,5
2026-03-01,S002,SKU00049,7
2026-02-22,S002,SKU00049,7
2026-04-12,S025,SKU00024,13
2026-04-05,S025,SKU00024,17
2026-03-29,S025,SKU00024,19
2026-03-22,S025,SKU00024,16
2026-03-15,S025,SKU00024,16
2026-03-08,S025,SKU00024,17
2026-03-01,S025,SKU00024,8
2026-02-22,S025,SKU00024,13
2026-04-12,S031,SKU00061,1
2026-04-05,S031,SKU00061,1
2026-03-29,S031,SKU00061,1
2026-03-22,S031,SKU00061,1
2026-03-15,S031,SKU00061,2
2026-03-01,S031,SKU00061,1
2026-02-22,S031,SKU00061,1
2026-04-12,S005,SKU00013,3
2026-04-05,S005,SKU00013,4
2026-03-29,S005,SKU00013,3
2026-03-22,S005,SKU00013,4
2026-03-15,S005,SKU00013,4
2026-03-08,S005,SKU00013,4
2026-03-01,S005,SKU00013,4
2026-02-22,S005,SKU00013,3
2026-04-12,S030,SKU00041,8
2026-04-05,S030,SKU00041,7
2026-03-29,S030,SKU00041,8
2026-03-22,S030,SKU00041,7
2026-03-15,S030,SKU00041,8
2026-03-08,S030,SKU00041,10
2026-03-01,S030,SKU00041,3
2026-02-22,S030,SKU00041,4
2026-04-12,S003,SKU00026,18
2026-04-05,S003,SKU00026,14
2026-03-29,S003,SKU00026,18
2026-03-22,S003,SKU00026,16
2026-03-15,S003,SKU00026,14
2026-03-08,S003,SKU00026,19
2026-03-01,S003,SKU00026,11
2026-02-22,S003,SKU00026,13
2026-04-12,S035,SKU00046,18
2026-04-05,S035,SKU00046,22
2026-03-29,S035,SKU00046,17
2026-03-22,S035,SKU00046,14
2026-03-15,S035,SKU00046,22
2026-03-08,S035,SKU00046,18
2026-03-01,S035,SKU00046,11
2026-02-22,S035,SKU00046,17
2026-04-12,S027,SKU00062,2
2026-04-05,S027,SKU00062,3
2026-03-29,S027,SKU00062,1
2026-03-22,S027,SKU00062,1
2026-03-15,S027,SKU00062,2
2026-03-08,S027,SKU00062,3
2026-03-01,S027,SKU00062,2
2026-04-12,S006,SKU00059,3
2026-04-05,S006,SKU00059,2
2026-03-29,S006,SKU00059,4
2026-03-22,S006,SKU00059,3
2026-03-15,S006,SKU00059,3
2026-03-08,S006,SKU00059,3
2026-03-01,S006,SKU00059,3
2026-02-22,S006,SKU00059,3
2026-04-12,S025,SKU00029,11
2026-04-05,S025,SKU00029,12
2026-03-29,S025,SKU00029,11
2026-03-22,S025,SKU00029,13
2026-03-15,S025,SKU00029,15
2026-03-08,S025,SKU00029,16
2026-03-01,S025,SKU00029,12
2026-02-22,S025,SKU00029,12
2026-03-15,S057,SKU00065,1
2026-02-22,S057,SKU00065,1
2026-04-12,S024,SKU00064,1
2026-04-05,S024,SKU00064,1
2026-03-29,S024,SKU00064,2
2026-03-22,S024,SKU00064,2
2026-03-15,S024,SKU00064,1
2026-03-08,S024,SKU00064,2
2026-03-01,S024,SKU00064,3
2026-02-22,S024,SKU00064,2
2026-04-12,S029,SKU00036,12
2026-04-05,S029,SKU00036,12
2026-03-29,S029,SKU00036,14
2026-03-22,S029,SKU00036,4
2026-03-15,S029,SKU00036,13
2026-03-08,S029,SKU00036,9
2026-03-01,S029,SKU00036,9
2026-02-22,S029,SKU00036,5
2026-04-12,S022,SKU00030,13
2026-04-05,S022,SKU00030,4
2026-03-29,S022,SKU00030,3
2026-03-22,S022,SKU00030,8
2026-03-15,S022,SKU00030,4
2026-03-08,S022,SKU00030,3
2026-03-01,S022,SKU00030,10
2026-02-22,S022,SKU00030,5
2026-04-12,S027,SKU00042,7
2026-04-05,S027,SKU00042,6
2026-03-29,S027,SKU00042,8
2026-03-22,S027,SKU00042,7
2026-03-15,S027,SKU00042,8
2026-03-08,S027,SKU00042,5
2026-03-01,S027,SKU00042,3
2026-02-22,S027,SKU00042,9
2026-04-12,S049,SKU00067,2
2026-04-05,S049,SKU00067,2
2026-03-29,S049,SKU00067,1
2026-03-22,S049,SKU00067,1
2026-03-15,S049,SKU00067,2
2026-03-08,S049,SKU00067,1
2026-03-01,S049,SKU00067,2
2026-02-22,S049,SKU00067,2
2026-03-29,S034,SKU00067,1
2026-04-12,S060,SKU00035,1
2026-04-05,S060,SKU00035,3
2026-03-29,S060,SKU00035,2
2026-03-22,S060,SKU00035,3
2026-03-15,S060,SKU00035,2
2026-03-08,S060,SKU00035,2
2026-03-01,S060,SKU00035,1
2026-02-22,S060,SKU00035,4
2026-04-12,S013,SKU00015,21
2026-04-05,S013,SKU00015,21
2026-03-29,S013,SKU00015,20
2026-03-22,S013,SKU00015,18
2026-03-15,S013,SKU00015,14
2026-03-08,S013,SKU00015,16
2026-03-01,S013,SKU00015,23
2026-02-22,S013,SKU00015,18
2026-04-12,S029,SKU00045,8
2026-04-05,S029,SKU00045,7
2026-03-29,S029,SKU00045,7
2026-03-22,S029,SKU00045,7
2026-03-15,S029,SKU00045,5
2026-03-08,S029,SKU00045,8
2026-03-01,S029,SKU00045,5
2026-02-22,S029,SKU00045,7
2026-04-12,S018,SKU00014,22
2026-04-05,S018,SKU00014,19
2026-03-29,S018,SKU00014,17
2026-03-22,S018,SKU00014,18
2026-03-15,S018,SKU00014,21
2026-03-08,S018,SKU00014,19
2026-03-01,S018,SKU00014,18
2026-02-22,S018,SKU00014,21
2026-04-12,S023,SKU00062,3
2026-04-05,S023,SKU00062,3
2026-03-29,S023,SKU00062,2
2026-03-15,S023,SKU00062,3
2026-03-08,S023,SKU00062,3
2026-03-01,S023,SKU00062,3
2026-02-22,S023,SKU00062,2
2026-04-12,S053,SKU00003,6
2026-04-05,S053,SKU00003,4
2026-03-29,S053,SKU00003,4
2026-03-15,S053,SKU00003,7
2026-03-08,S053,SKU00003,4
2026-03-01,S053,SKU00003,1
2026-02-22,S053,SKU00003,5
2026-04-12,S006,SKU00071,1
2026-03-29,S006,SKU00071,1
2026-03-22,S006,SKU00071,1
2026-03-15,S006,SKU00071,1
2026-03-08,S006,SKU00071,1
2026-03-01,S006,SKU00071,1
2026-02-22,S006,SKU00071,1
2026-04-12,S027,SKU00027,5
2026-04-05,S027,SKU00027,2
2026-03-29,S027,SKU00027,3
2026-03-22,S027,SKU00027,4
2026-03-15,S027,SKU00027,5
2026-03-08,S027,SKU00027,5
2026-03-01,S027,SKU00027,4
2026-02-22,S027,SKU00027,2
2026-04-12,S037,SKU00041,1
2026-04-05,S037,SKU00041,2
2026-03-29,S037,SKU00041,2
2026-03-22,S037,SKU00041,1
2026-03-15,S037,SKU00041,2
2026-03-08,S037,SKU00041,2
2026-03-01,S037,SKU00041,1
2026-02-22,S037,SKU00041,1
2026-04-12,S014,SKU00003,9
2026-04-05,S014,SKU00003,10
2026-03-29,S014,SKU00003,8
2026-03-22,S014,SKU00003,8
2026-03-15,S014,SKU00003,16
2026-03-08,S014,SKU00003,12
2026-03-01,S014,SKU00003,8
2026-02-22,S014,SKU00003,9
2026-04-12,S023,SKU00042,6
2026-04-05,S023,SKU00042,5
2026-03-29,S023,SKU00042,7
2026-03-22,S023,SKU00042,17
2026-03-15,S023,SKU00042,13
2026-03-08,S023,SKU00042,9
2026-03-01,S023,SKU00042,9
2026-02-22,S023,SKU00042,10
2026-04-12,S008,SKU00012,6
2026-04-05,S008,SKU00012,9
2026-03-29,S008,SKU00012,7
2026-03-22,S008,SKU00012,9
2026-03-15,S008,SKU00012,10
2026-03-08,S008,SKU00012,10
2026-03-01,S008,SKU00012,9
2026-02-22,S008,SKU00012,10
2026-04-12,S001,SKU00052,3
2026-04-05,S001,SKU00052,2
2026-03-29,S001,SKU00052,3
2026-03-22,S001,SKU00052,3
2026-03-15,S001,SKU00052,3
2026-03-08,S001,SKU00052,4
2026-03-01,S001,SKU00052,3
2026-02-22,S001,SKU00052,3
2026-04-12,S037,SKU00039,9
2026-04-05,S037,SKU00039,11
2026-03-29,S037,SKU00039,7
2026-03-22,S037,SKU00039,16
2026-03-15,S037,SKU00039,11
2026-03-08,S037,SKU00039,8
2026-03-01,S037,SKU00039,7
2026-02-22,S037,SKU00039,6
2026-04-12,S021,SKU00023,4
2026-04-05,S021,SKU00023,1
2026-03-29,S021,SKU00023,5
2026-03-22,S021,SKU00023,3
2026-03-15,S021,SKU00023,2
2026-03-08,S021,SKU00023,3
2026-03-01,S021,SKU00023,3
2026-02-22,S021,SKU00023,3
2026-04-12,S003,SKU00069,2
2026-04-05,S003,SKU00069,1
2026-03-29,S003,SKU00069,2
2026-03-22,S003,SKU00069,3
2026-03-15,S003,SKU00069,2
2026-03-08,S003,SKU00069,2
2026-03-01,S003,SKU00069,3
2026-02-22,S003,SKU00069,3
2026-04-12,S020,SKU00024,6
2026-04-05,S020,SKU00024,4
2026-03-29,S020,SKU00024,6
2026-03-22,S020,SKU00024,7
2026-03-15,S020,SKU00024,7
2026-03-08,S020,SKU00024,6
2026-03-01,S020,SKU00024,9
2026-02-22,S020,SKU00024,3
2026-04-05,S046,SKU00036,6
2026-03-29,S046,SKU00036,5
2026-03-22,S046,SKU00036,7
2026-03-15,S046,SKU00036,11
2026-03-08,S046,SKU00036,3
2026-03-01,S046,SKU00036,8
2026-02-22,S046,SKU00036,7
2026-04-12,S030,SKU00006,8
2026-04-05,S030,SKU00006,9
2026-03-29,S030,SKU00006,8
2026-03-22,S030,SKU00006,7
2026-03-15,S030,SKU00006,8
2026-03-08,S030,SKU00006,7
2026-03-01,S030,SKU00006,5
2026-02-22,S030,SKU00006,8
2026-04-12,S023,SKU00027,10
2026-04-05,S023,SKU00027,12
2026-03-29,S023,SKU00027,13
2026-03-22,S023,SKU00027,14
2026-03-15,S023,SKU00027,12
2026-03-08,S023,SKU00027,14
2026-03-01,S023,SKU00027,10
2026-02-22,S023,SKU00027,11
2026-04-12,S004,SKU00012,5
2026-04-05,S004,SKU00012,4
2026-03-29,S004,SKU00012,4
2026-03-22,S004,SKU00012,3
2026-03-15,S004,SKU00012,5
2026-03-08,S004,SKU00012,3
2026-03-01,S004,SKU00012,5
2026-02-22,S004,SKU00012,5
2026-04-12,S043,SKU00017,11
2026-04-05,S043,SKU00017,8
2026-03-29,S043,SKU00017,10
2026-03-22,S043,SKU00017,12
2026-03-15,S043,SKU00017,7
2026-03-08,S043,SKU00017,10
2026-03-01,S043,SKU00017,9
2026-02-22,S043,SKU00017,3
2026-04-12,S015,SKU00002,12
2026-04-05,S015,SKU00002,14
2026-03-29,S015,SKU00002,8
2026-03-22,S015,SKU00002,17
2026-03-15,S015,SKU00002,12
2026-03-08,S015,SKU00002,9
2026-03-01,S015,SKU00002,14
2026-02-22,S015,SKU00002,11
2026-04-12,S051,SKU00043,1
2026-03-29,S051,SKU00043,1
2026-03-22,S051,SKU00043,1
2026-03-08,S051,SKU00043,1
2026-02-22,S051,SKU00043,1
2026-04-12,S007,SKU00062,1
2026-04-05,S007,SKU00062,1
2026-03-29,S007,SKU00062,1
2026-03-08,S007,SKU00062,2
2026-03-01,S007,SKU00062,1
2026-04-12,S006,SKU00047,31
2026-04-05,S006,SKU00047,25
2026-03-29,S006,SKU00047,33
2026-03-22,S006,SKU00047,19
2026-03-15,S006,SKU00047,30
2026-03-08,S006,SKU00047,19
2026-03-01,S006,SKU00047,26
2026-02-22,S006,SKU00047,30
2026-04-12,S003,SKU00074,4
2026-04-05,S003,SKU00074,5
2026-03-29,S003,SKU00074,5
2026-03-22,S003,SKU00074,5
2026-03-15,S003,SKU00074,5
2026-03-08,S003,SKU00074,4
2026-03-01,S003,SKU00074,6
2026-02-22,S003,SKU00074,5
2026-04-12,S058,SKU00040,13
2026-04-05,S058,SKU00040,7
2026-03-29,S058,SKU00040,7
2026-03-22,S058,SKU00040,3
2026-03-15,S058,SKU00040,9
2026-03-08,S058,SKU00040,10
2026-02-22,S058,SKU00040,9
2026-04-12,S035,SKU00034,13
2026-04-05,S035,SKU00034,14
2026-03-29,S035,SKU00034,8
2026-03-22,S035,SKU00034,24
2026-03-15,S035,SKU00034,11
2026-03-08,S035,SKU00034,19
2026-03-01,S035,SKU00034,14
2026-02-22,S035,SKU00034,14
2026-04-12,S018,SKU00049,2
2026-04-05,S018,SKU00049,4
2026-03-29,S018,SKU00049,3
2026-03-22,S018,SKU00049,2
2026-03-15,S018,SKU00049,4
2026-03-08,S018,SKU00049,3
2026-03-01,S018,SKU00049,5
2026-02-22,S018,SKU00049,4
2026-04-12,S035,SKU00031,19
2026-04-05,S035,SKU00031,16
2026-03-29,S035,SKU00031,13
2026-03-22,S035,SKU00031,16
2026-03-15,S035,SKU00031,14
2026-03-08,S035,SKU00031,5
2026-03-01,S035,SKU00031,15
2026-02-22,S035,SKU00031,11
2026-04-12,S046,SKU00045,2
2026-04-05,S046,SKU00045,5
2026-03-29,S046,SKU00045,2
2026-03-22,S046,SKU00045,5
2026-03-15,S046,SKU00045,6
2026-03-08,S046,SKU00045,4
2026-03-01,S046,SKU00045,3
2026-02-22,S046,SKU00045,3
2026-04-12,S034,SKU00011,2
2026-04-05,S034,SKU00011,4
2026-03-29,S034,SKU00011,3
2026-03-22,S034,SKU00011,2
2026-03-15,S034,SKU00011,3
2026-03-08,S034,SKU00011,3
2026-03-01,S034,SKU00011,4
2026-02-22,S034,SKU00011,2
2026-04-12,S007,SKU00042,15
2026-04-05,S007,SKU00042,15
2026-03-29,S007,SKU00042,22
2026-03-22,S007,SKU00042,14
2026-03-15,S007,SKU00042,12
2026-03-08,S007,SKU00042,22
2026-03-01,S007,SKU00042,12
2026-02-22,S007,SKU00042,11
2026-04-12,S044,SKU00064,1
2026-04-05,S044,SKU00064,1
2026-03-29,S044,SKU00064,1
2026-03-22,S044,SKU00064,1
2026-03-15,S044,SKU00064,1
2026-03-01,S044,SKU00064,1
2026-02-22,S044,SKU00064,1
2026-04-12,S020,SKU00051,2
2026-04-05,S020,SKU00051,1
2026-03-29,S020,SKU00051,2
2026-03-22,S020,SKU00051,2
2026-03-15,S020,SKU00051,1
2026-03-08,S020,SKU00051,2
2026-03-01,S020,SKU00051,2
2026-02-22,S020,SKU00051,2
2026-04-12,S039,SKU00013,7
2026-04-05,S039,SKU00013,6
2026-03-29,S039,SKU00013,10
2026-03-22,S039,SKU00013,13
2026-03-15,S039,SKU00013,6
2026-03-08,S039,SKU00013,8
2026-03-01,S039,SKU00013,7
2026-02-22,S039,SKU00013,12
2026-04-12,S003,SKU00009,3
2026-04-05,S003,SKU00009,4
2026-03-29,S003,SKU00009,5
2026-03-22,S003,SKU00009,4
2026-03-15,S003,SKU00009,4
2026-03-08,S003,SKU00009,4
2026-03-01,S003,SKU00009,4
2026-02-22,S003,SKU00009,3
2026-04-12,S009,SKU00016,20
2026-04-05,S009,SKU00016,18
2026-03-29,S009,SKU00016,15
2026-03-22,S009,SKU00016,15
2026-03-15,S009,SKU00016,14
2026-03-08,S009,SKU00016,22
2026-03-01,S009,SKU00016,17
2026-02-22,S009,SKU00016,14
2026-04-12,S060,SKU00020,3
2026-04-05,S060,SKU00020,9
2026-03-29,S060,SKU00020,8
2026-03-22,S060,SKU00020,7
2026-03-15,S060,SKU00020,9
2026-03-08,S060,SKU00020,12
2026-03-01,S060,SKU00020,14
2026-02-22,S060,SKU00020,16
2026-04-12,S020,SKU00001,15
2026-04-05,S020,SKU00001,18
2026-03-29,S020,SKU00001,14
2026-03-22,S020,SKU00001,14
2026-03-15,S020,SKU00001,11
2026-03-08,S020,SKU00001,15
2026-03-01,S020,SKU00001,15
2026-02-22,S020,SKU00001,10
2026-04-12,S016,SKU00007,7
2026-04-05,S016,SKU00007,7
2026-03-29,S016,SKU00007,8
2026-03-22,S016,SKU00007,9
2026-03-15,S016,SKU00007,6
2026-03-08,S016,SKU00007,8
2026-03-01,S016,SKU00007,9
2026-02-22,S016,SKU00007,5
2026-04-12,S042,SKU00066,1
2026-04-05,S042,SKU00066,1
2026-03-29,S042,SKU00066,1
2026-03-22,S042,SKU00066,1
2026-03-08,S042,SKU00066,1
2026-04-12,S020,SKU00046,12
2026-04-05,S020,SKU00046,14
2026-03-29,S020,SKU00046,16
2026-03-22,S020,SKU00046,14
2026-03-15,S020,SKU00046,17
2026-03-08,S020,SKU00046,11
2026-03-01,S020,SKU00046,10
2026-02-22,S020,SKU00046,11
2026-04-12,S007,SKU00027,8
2026-04-05,S007,SKU00027,7
2026-03-29,S007,SKU00027,8
2026-03-22,S007,SKU00027,10
2026-03-15,S007,SKU00027,8
2026-03-08,S007,SKU00027,10
2026-03-01,S007,SKU00027,7
2026-02-22,S007,SKU00027,8
2026-04-12,S037,SKU00006,8
2026-04-05,S037,SKU00006,12
2026-03-29,S037,SKU00006,11
2026-03-22,S037,SKU00006,17
2026-03-15,S037,SKU00006,16
2026-03-08,S037,SKU00006,12
2026-03-01,S037,SKU00006,11
2026-02-22,S037,SKU00006,14
2026-04-12,S013,SKU00022,16
2026-04-05,S013,SKU00022,12
2026-03-29,S013,SKU00022,16
2026-03-22,S013,SKU00022,12
2026-03-15,S013,SKU00022,9
2026-03-08,S013,SKU00022,12
2026-03-01,S013,SKU00022,10
2026-02-22,S013,SKU00022,14
2026-04-05,S003,SKU00057,1
2026-03-29,S003,SKU00057,1
2026-03-22,S003,SKU00057,1
2026-03-15,S003,SKU00057,1
2026-03-08,S003,SKU00057,1
2026-03-01,S003,SKU00057,1
2026-04-12,S025,SKU00031,3
2026-04-05,S025,SKU00031,1
2026-03-29,S025,SKU00031,2
2026-03-22,S025,SKU00031,3
2026-03-15,S025,SKU00031,2
2026-03-08,S025,SKU00031,3
2026-03-01,S025,SKU00031,2
2026-02-22,S025,SKU00031,3
2026-04-12,S016,SKU00073,1
2026-04-05,S016,SKU00073,1
2026-03-29,S016,SKU00073,1
2026-03-22,S016,SKU00073,1
2026-03-15,S016,SKU00073,2
2026-03-08,S016,SKU00073,1
2026-03-01,S016,SKU00073,1
2026-02-22,S016,SKU00073,1
2026-04-12,S041,SKU00043,6
2026-04-05,S041,SKU00043,5
2026-03-29,S041,SKU00043,9
2026-03-22,S041,SKU00043,9
2026-03-15,S041,SKU00043,11
2026-03-08,S041,SKU00043,9
2026-03-01,S041,SKU00043,17
2026-02-22,S041,SKU00043,11
2026-04-12,S015,SKU00064,2
2026-04-05,S015,SKU00064,1
2026-03-29,S015,SKU00064,1
2026-03-22,S015,SKU00064,2
2026-03-15,S015,SKU00064,2
2026-03-08,S015,SKU00064,3
2026-03-01,S015,SKU00064,3
2026-02-22,S015,SKU00064,3
2026-04-12,S038,SKU00023,9
2026-04-05,S038,SKU00023,4
2026-03-29,S038,SKU00023,11
2026-03-22,S038,SKU00023,10
2026-03-15,S038,SKU00023,15
2026-03-08,S038,SKU00023,13
2026-03-01,S038,SKU00023,5
2026-02-22,S038,SKU00023,10
2026-04-12,S005,SKU00060,2
2026-04-05,S005,SKU00060,2
2026-03-29,S005,SKU00060,2
2026-03-22,S005,SKU00060,2
2026-03-15,S005,SKU00060,2
2026-03-08,S005,SKU00060,2
2026-03-01,S005,SKU00060,2
2026-02-22,S005,SKU00060,2
2026-04-12,S011,SKU00039,14
2026-04-05,S011,SKU00039,17
2026-03-29,S011,SKU00039,12
2026-03-22,S011,SKU00039,13
2026-03-15,S011,SKU00039,12
2026-03-08,S011,SKU00039,11
2026-03-01,S011,SKU00039,10
2026-02-22,S011,SKU00039,18
2026-04-12,S053,SKU00048,2
2026-04-05,S053,SKU00048,4
2026-03-22,S053,SKU00048,8
2026-03-15,S053,SKU00048,2
2026-03-08,S053,SKU00048,3
2026-03-01,S053,SKU00048,2
2026-02-22,S053,SKU00048,2
2026-04-12,S056,SKU00010,7
2026-04-05,S056,SKU00010,7
2026-03-29,S056,SKU00010,9
2026-03-22,S056,SKU00010,12
2026-03-08,S056,SKU00010,7
2026-03-01,S056,SKU00010,9
2026-02-22,S056,SKU00010,5
2026-04-12,S014,SKU00048,19
2026-04-05,S014,SKU00048,19
2026-03-29,S014,SKU00048,23
2026-03-22,S014,SKU00048,21
2026-03-15,S014,SKU00048,23
2026-03-08,S014,SKU00048,22
2026-03-01,S014,SKU00048,25
2026-02-22,S014,SKU00048,19
2026-04-12,S017,SKU00060,1
2026-04-05,S017,SKU00060,2
2026-03-29,S017,SKU00060,1
2026-03-22,S017,SKU00060,2
2026-03-15,S017,SKU00060,2
2026-03-08,S017,SKU00060,2
2026-03-01,S017,SKU00060,1
2026-02-22,S017,SKU00060,1
2026-04-12,S020,SKU00005,7
2026-04-05,S020,SKU00005,8
2026-03-29,S020,SKU00005,8
2026-03-22,S020,SKU00005,9
2026-03-15,S020,SKU00005,7
2026-03-08,S020,SKU00005,8
2026-03-01,S020,SKU00005,10
2026-02-22,S020,SKU00005,5
2026-04-12,S004,SKU00033,7
2026-04-05,S004,SKU00033,6
2026-03-29,S004,SKU00033,7
2026-03-22,S004,SKU00033,8
2026-03-15,S004,SKU00033,9
2026-03-08,S004,SKU00033,8
2026-03-01,S004,SKU00033,6
2026-02-22,S004,SKU00033,5
2026-04-12,S015,SKU00037,12
2026-04-05,S015,SKU00037,8
2026-03-29,S015,SKU00037,10
2026-03-22,S015,SKU00037,11
2026-03-15,S015,SKU00037,15
2026-03-08,S015,SKU00037,9
2026-03-01,S015,SKU00037,13
2026-02-22,S015,SKU00037,12
2026-04-12,S038,SKU00027,1
2026-04-05,S038,SKU00027,2
2026-03-29,S038,SKU00027,2
2026-03-22,S038,SKU00027,1
2026-03-15,S038,SKU00027,1
2026-03-08,S038,SKU00027,2
2026-03-01,S038,SKU00027,1
2026-02-22,S038,SKU00027,3
2026-04-12,S043,SKU00032,14
2026-04-05,S043,SKU00032,18
2026-03-29,S043,SKU00032,20
2026-03-22,S043,SKU00032,20
2026-03-15,S043,SKU00032,12
2026-03-08,S043,SKU00032,24
2026-03-01,S043,SKU00032,17
2026-02-22,S043,SKU00032,15
2026-04-12,S048,SKU00048,8
2026-03-29,S048,SKU00048,5
2026-03-22,S048,SKU00048,5
2026-03-15,S048,SKU00048,12
2026-03-08,S048,SKU00048,4
2026-03-01,S048,SKU00048,1
2026-02-22,S048,SKU00048,8
2026-04-12,S058,SKU00062,2
2026-04-05,S058,SKU00062,2
2026-03-29,S058,SKU00062,2
2026-03-22,S058,SKU00062,1
2026-03-08,S058,SKU00062,1
2026-03-01,S058,SKU00062,2
2026-02-22,S058,SKU00062,2
2026-04-12,S015,SKU00026,22
2026-04-05,S015,SKU00026,20
2026-03-29,S015,SKU00026,17
2026-03-22,S015,SKU00026,13
2026-03-15,S015,SKU00026,24
2026-03-08,S015,SKU00026,17
2026-03-01,S015,SKU00026,19
2026-02-22,S015,SKU00026,18
2026-04-12,S021,SKU00028,4
2026-03-29,S021,SKU00028,8
2026-03-22,S021,SKU00028,10
2026-03-15,S021,SKU00028,8
2026-03-08,S021,SKU00028,7
2026-03-01,S021,SKU00028,4
2026-02-22,S021,SKU00028,7
2026-04-12,S012,SKU00053,5
2026-04-05,S012,SKU00053,3
2026-03-29,S012,SKU00053,5
2026-03-22,S012,SKU00053,4
2026-03-15,S012,SKU00053,5
2026-03-08,S012,SKU00053,5
2026-03-01,S012,SKU00053,4
2026-02-22,S012,SKU00053,5
2026-04-12,S016,SKU00036,3
2026-04-05,S016,SKU00036,3
2026-03-29,S016,SKU00036,4
2026-03-22,S016,SKU00036,4
2026-03-15,S016,SKU00036,3
2026-03-08,S016,SKU00036,3
2026-03-01,S016,SKU00036,5
2026-02-22,S016,SKU00036,2
2026-04-12,S045,SKU00016,5
2026-04-05,S045,SKU00016,5
2026-03-29,S045,SKU00016,6
2026-03-22,S045,SKU00016,4
2026-03-15,S045,SKU00016,6
2026-03-08,S045,SKU00016,5
2026-03-01,S045,SKU00016,6
2026-02-22,S045,SKU00016,2
2026-04-12,S022,SKU00064,2
2026-04-05,S022,SKU00064,2
2026-03-29,S022,SKU00064,2
2026-03-22,S022,SKU00064,1
2026-03-15,S022,SKU00064,1
2026-03-08,S022,SKU00064,3
2026-03-01,S022,SKU00064,1
2026-02-22,S022,SKU00064,3
2026-04-12,S058,SKU00042,3
2026-04-05,S058,SKU00042,7
2026-03-29,S058,SKU00042,4
2026-03-22,S058,SKU00042,3
2026-03-15,S058,SKU00042,3
2026-03-08,S058,SKU00042,4
2026-03-01,S058,SKU00042,8
2026-02-22,S058,SKU00042,3
2026-04-12,S043,SKU00061,2
2026-04-05,S043,SKU00061,1
2026-03-29,S043,SKU00061,2
2026-03-22,S043,SKU00061,2
2026-03-15,S043,SKU00061,1
2026-03-08,S043,SKU00061,1
2026-03-01,S043,SKU00061,1
2026-02-22,S043,SKU00061,1
2026-04-12,S010,SKU00068,2
2026-04-05,S010,SKU00068,2
2026-03-29,S010,SKU00068,3
2026-03-22,S010,SKU00068,3
2026-03-15,S010,SKU00068,3
2026-03-08,S010,SKU00068,1
2026-03-01,S010,SKU00068,2
2026-02-22,S010,SKU00068,2
2026-04-12,S049,SKU00024,3
2026-04-05,S049,SKU00024,3
2026-03-29,S049,SKU00024,1
2026-03-22,S049,SKU00024,2
2026-03-15,S049,SKU00024,3
2026-03-01,S049,SKU00024,2
2026-02-22,S049,SKU00024,2
2026-04-12,S034,SKU00024,9
2026-04-05,S034,SKU00024,9
2026-03-29,S034,SKU00024,12
2026-03-22,S034,SKU00024,4
2026-03-15,S034,SKU00024,8
2026-03-08,S034,SKU00024,9
2026-03-01,S034,SKU00024,14
2026-02-22,S034,SKU00024,15
2026-04-12,S016,SKU00045,17
2026-04-05,S016,SKU00045,11
2026-03-29,S016,SKU00045,16
2026-03-22,S016,SKU00045,15
2026-03-15,S016,SKU00045,14
2026-03-08,S016,SKU00045,15
2026-03-01,S016,SKU00045,17
2026-02-22,S016,SKU00045,12
2026-04-12,S019,SKU00016,17
2026-04-05,S019,SKU00016,24
2026-03-29,S019,SKU00016,19
2026-03-22,S019,SKU00016,22
2026-03-15,S019,SKU00016,23
2026-03-08,S019,SKU00016,21
2026-03-01,S019,SKU00016,34
2026-02-22,S019,SKU00016,26
2026-04-12,S011,SKU00006,20
2026-04-05,S011,SKU00006,23
2026-03-29,S011,SKU00006,18
2026-03-22,S011,SKU00006,20
2026-03-15,S011,SKU00006,21
2026-03-08,S011,SKU00006,16
2026-03-01,S011,SKU00006,22
2026-02-22,S011,SKU00006,19
2026-04-12,S003,SKU00059,1
2026-04-05,S003,SKU00059,2
2026-03-29,S003,SKU00059,2
2026-03-22,S003,SKU00059,1
2026-03-08,S003,SKU00059,1
2026-03-01,S003,SKU00059,1
2026-02-22,S003,SKU00059,1
2026-04-12,S058,SKU00027,2
2026-04-05,S058,SKU00027,2
2026-03-29,S058,SKU00027,1
2026-03-22,S058,SKU00027,3
2026-03-15,S058,SKU00027,4
2026-03-08,S058,SKU00027,2
2026-03-01,S058,SKU00027,2
2026-02-22,S058,SKU00027,1
2026-04-12,S009,SKU00038,10
2026-04-05,S009,SKU00038,13
2026-03-29,S009,SKU00038,7
2026-03-22,S009,SKU00038,12
2026-03-15,S009,SKU00038,9
2026-03-08,S009,SKU00038,8
2026-03-01,S009,SKU00038,9
2026-02-22,S009,SKU00038,14
2026-03-29,S055,SKU00024,1
2026-03-22,S055,SKU00024,1
2026-03-08,S055,SKU00024,2
2026-03-01,S055,SKU00024,1
2026-02-22,S055,SKU00024,1
2026-04-12,S029,SKU00041,5
2026-04-05,S029,SKU00041,10
2026-03-29,S029,SKU00041,8
2026-03-22,S029,SKU00041,10
2026-03-15,S029,SKU00041,2
2026-03-08,S029,SKU00041,6
2026-03-01,S029,SKU00041,3
2026-02-22,S029,SKU00041,9
2026-04-12,S049,SKU00051,1
2026-03-08,S049,SKU00051,1
2026-04-12,S034,SKU00051,3
2026-04-05,S034,SKU00051,3
2026-03-29,S034,SKU00051,4
2026-03-22,S034,SKU00051,4
2026-03-15,S034,SKU00051,3
2026-03-08,S034,SKU00051,4
2026-03-01,S034,SKU00051,4
2026-02-22,S034,SKU00051,2
2026-04-12,S028,SKU00050,4
2026-04-05,S028,SKU00050,12
2026-03-29,S028,SKU00050,10
2026-03-22,S028,SKU00050,6
2026-03-15,S028,SKU00050,10
2026-03-08,S028,SKU00050,11
2026-03-01,S028,SKU00050,8
2026-02-22,S028,SKU00050,14
2026-04-12,S033,SKU00006,7
2026-04-05,S033,SKU00006,13
2026-03-29,S033,SKU00006,14
2026-03-22,S033,SKU00006,8
2026-03-15,S033,SKU00006,6
2026-03-08,S033,SKU00006,10
2026-03-01,S033,SKU00006,11
2026-02-22,S033,SKU00006,12
2026-04-12,S009,SKU00007,17
2026-04-05,S009,SKU00007,22
2026-03-29,S009,SKU00007,16
2026-03-22,S009,SKU00007,10
2026-03-15,S009,SKU00007,17
2026-03-08,S009,SKU00007,20
2026-03-01,S009,SKU00007,13
2026-02-22,S009,SKU00007,15
2026-04-12,S020,SKU00003,24
2026-04-05,S020,SKU00003,28
2026-03-29,S020,SKU00003,31
2026-03-22,S020,SKU00003,28
2026-03-15,S020,SKU00003,26
2026-03-08,S020,SKU00003,24
2026-03-01,S020,SKU00003,25
2026-02-22,S020,SKU00003,21
2026-04-12,S004,SKU00058,2
2026-04-05,S004,SKU00058,3
2026-03-29,S004,SKU00058,3
2026-03-22,S004,SKU00058,2
2026-03-15,S004,SKU00058,3
2026-03-08,S004,SKU00058,2
2026-03-01,S004,SKU00058,2
2026-02-22,S004,SKU00058,4
2026-04-12,S034,SKU00001,3
2026-04-05,S034,SKU00001,6
2026-03-29,S034,SKU00001,3
2026-03-22,S034,SKU00001,3
2026-03-15,S034,SKU00001,5
2026-03-08,S034,SKU00001,4
2026-03-01,S034,SKU00001,6
2026-02-22,S034,SKU00001,3
2026-04-12,S055,SKU00029,11
2026-04-05,S055,SKU00029,11
2026-03-29,S055,SKU00029,9
2026-03-22,S055,SKU00029,12
2026-03-15,S055,SKU00029,4
2026-03-08,S055,SKU00029,11
2026-03-01,S055,SKU00029,6
2026-02-22,S055,SKU00029,13
2026-04-12,S005,SKU00016,8
2026-04-05,S005,SKU00016,13
2026-03-29,S005,SKU00016,10
2026-03-22,S005,SKU00016,9
2026-03-15,S005,SKU00016,10
2026-03-08,S005,SKU00016,10
2026-03-01,S005,SKU00016,10
2026-02-22,S005,SKU00016,13
2026-04-12,S035,SKU00004,6
2026-04-05,S035,SKU00004,9
2026-03-29,S035,SKU00004,5
2026-03-22,S035,SKU00004,6
2026-03-15,S035,SKU00004,9
2026-03-08,S035,SKU00004,8
2026-03-01,S035,SKU00004,8
2026-02-22,S035,SKU00004,12
2026-04-12,S001,SKU00065,2
2026-04-05,S001,SKU00065,2
2026-03-29,S001,SKU00065,2
2026-03-22,S001,SKU00065,1
2026-03-15,S001,SKU00065,2
2026-03-08,S001,SKU00065,1
2026-03-01,S001,SKU00065,1
2026-02-22,S001,SKU00065,2
2026-04-12,S008,SKU00071,2
2026-04-05,S008,SKU00071,4
2026-03-29,S008,SKU00071,3
2026-03-22,S008,SKU00071,3
2026-03-15,S008,SKU00071,3
2026-03-08,S008,SKU00071,3
2026-03-01,S008,SKU00071,4
2026-02-22,S008,SKU00071,2
2026-04-12,S056,SKU00018,1
2026-04-05,S056,SKU00018,2
2026-03-29,S056,SKU00018,2
2026-03-22,S056,SKU00018,3
2026-03-15,S056,SKU00018,1
2026-03-08,S056,SKU00018,2
2026-03-01,S056,SKU00018,3
2026-02-22,S056,SKU00018,2
2026-04-12,S065,SKU00001,2
2026-04-05,S065,SKU00001,2
2026-03-29,S065,SKU00001,3
2026-03-22,S065,SKU00001,4
2026-03-15,S065,SKU00001,2
2026-03-08,S065,SKU00001,5
2026-03-01,S065,SKU00001,3
2026-02-22,S065,SKU00001,1
2026-04-12,S031,SKU00054,1
2026-04-05,S031,SKU00054,2
2026-03-22,S031,SKU00054,1
2026-03-15,S031,SKU00054,1
2026-03-08,S031,SKU00054,2
2026-03-01,S031,SKU00054,1
2026-02-22,S031,SKU00054,1
2026-04-12,S055,SKU00046,6
2026-04-05,S055,SKU00046,5
2026-03-29,S055,SKU00046,7
2026-03-22,S055,SKU00046,12
2026-03-15,S055,SKU00046,4
2026-03-08,S055,SKU00046,5
2026-03-01,S055,SKU00046,9
2026-04-12,S009,SKU00073,2
2026-04-05,S009,SKU00073,1
2026-03-29,S009,SKU00073,1
2026-03-22,S009,SKU00073,2
2026-03-15,S009,SKU00073,2
2026-03-08,S009,SKU00073,2
2026-03-01,S009,SKU00073,1
2026-02-22,S009,SKU00073,2
2026-04-12,S003,SKU00013,20
2026-04-05,S003,SKU00013,18
2026-03-29,S003,SKU00013,19
2026-03-22,S003,SKU00013,25
2026-03-15,S003,SKU00013,19
2026-03-08,S003,SKU00013,15
2026-03-01,S003,SKU00013,16
2026-02-22,S003,SKU00013,17
2026-04-12,S013,SKU00012,20
2026-04-05,S013,SKU00012,16
2026-03-29,S013,SKU00012,15
2026-03-22,S013,SKU00012,21
2026-03-15,S013,SKU00012,16
2026-03-08,S013,SKU00012,14
2026-03-01,S013,SKU00012,18
2026-02-22,S013,SKU00012,20
2026-04-12,S057,SKU00023,22
2026-04-05,S057,SKU00023,7
2026-03-29,S057,SKU00023,9
2026-03-22,S057,SKU00023,2
2026-03-15,S057,SKU00023,7
2026-03-08,S057,SKU00023,5
2026-03-01,S057,SKU00023,2
2026-02-22,S057,SKU00023,7
2026-04-12,S003,SKU00047,19
2026-04-05,S003,SKU00047,13
2026-03-29,S003,SKU00047,18
2026-03-22,S003,SKU00047,17
2026-03-15,S003,SKU00047,17
2026-03-08,S003,SKU00047,19
2026-03-01,S003,SKU00047,19
2026-02-22,S003,SKU00047,15
2026-04-12,S049,SKU00005,3
2026-04-05,S049,SKU00005,6
2026-03-29,S049,SKU00005,1
2026-03-22,S049,SKU00005,5
2026-03-15,S049,SKU00005,6
2026-03-01,S049,SKU00005,5
2026-02-22,S049,SKU00005,3
2026-04-12,S034,SKU00005,11
2026-04-05,S034,SKU00005,11
2026-03-29,S034,SKU00005,8
2026-03-22,S034,SKU00005,12
2026-03-15,S034,SKU00005,11
2026-03-08,S034,SKU00005,13
2026-03-01,S034,SKU00005,7
2026-02-22,S034,SKU00005,10
2026-04-12,S006,SKU00043,9
2026-04-05,S006,SKU00043,10
2026-03-29,S006,SKU00043,11
2026-03-22,S006,SKU00043,11
2026-03-15,S006,SKU00043,12
2026-03-08,S006,SKU00043,9
2026-03-01,S006,SKU00043,12
2026-02-22,S006,SKU00043,13
2026-04-12,S028,SKU00065,1
2026-04-05,S028,SKU00065,1
2026-03-29,S028,SKU00065,1
2026-03-22,S028,SKU00065,2
2026-03-15,S028,SKU00065,1
2026-03-08,S028,SKU00065,2
2026-03-01,S028,SKU00065,1
2026-02-22,S028,SKU00065,3
2026-04-12,S002,SKU00068,2
2026-04-05,S002,SKU00068,2
2026-03-29,S002,SKU00068,1
2026-03-22,S002,SKU00068,1
2026-03-15,S002,SKU00068,2
2026-03-08,S002,SKU00068,2
2026-03-01,S002,SKU00068,2
2026-02-22,S002,SKU00068,2
2026-04-12,S045,SKU00038,6
2026-04-05,S045,SKU00038,10
2026-03-29,S045,SKU00038,2
2026-03-22,S045,SKU00038,5
2026-03-15,S045,SKU00038,7
2026-03-08,S045,SKU00038,3
2026-03-01,S045,SKU00038,7
2026-02-22,S045,SKU00038,11
2026-04-12,S029,SKU00006,19
2026-04-05,S029,SKU00006,11
2026-03-29,S029,SKU00006,12
2026-03-22,S029,SKU00006,15
2026-03-15,S029,SKU00006,14
2026-03-08,S029,SKU00006,18
2026-02-22,S029,SKU00006,16
2026-04-12,S040,SKU00024,12
2026-04-05,S040,SKU00024,6
2026-03-29,S040,SKU00024,2
2026-03-22,S040,SKU00024,9
2026-03-15,S040,SKU00024,8
2026-03-08,S040,SKU00024,3
2026-03-01,S040,SKU00024,7
2026-02-22,S040,SKU00024,12
2026-04-12,S062,SKU00060,1
2026-03-29,S062,SKU00060,2
2026-03-22,S062,SKU00060,3
2026-03-08,S062,SKU00060,1
2026-03-01,S062,SKU00060,1
2026-02-22,S062,SKU00060,1
2026-04-12,S036,SKU00065,1
2026-03-29,S036,SKU00065,1
2026-03-22,S036,SKU00065,1
2026-03-15,S036,SKU00065,1
2026-03-08,S036,SKU00065,1
2026-03-01,S036,SKU00065,1
2026-02-22,S036,SKU00065,1
2026-04-12,S010,SKU00010,4
2026-04-05,S010,SKU00010,6
2026-03-29,S010,SKU00010,7
2026-03-22,S010,SKU00010,7
2026-03-15,S010,SKU00010,7
2026-03-08,S010,SKU00010,5
2026-03-01,S010,SKU00010,8
2026-02-22,S010,SKU00010,5
2026-04-12,S045,SKU00025,9
2026-04-05,S045,SKU00025,6
2026-03-29,S045,SKU00025,5
2026-03-22,S045,SKU00025,8
2026-03-15,S045,SKU00025,7
2026-03-08,S045,SKU00025,9
2026-03-01,S045,SKU00025,11
2026-02-22,S045,SKU00025,6
2026-04-12,S015,SKU00057,5
2026-04-05,S015,SKU00057,5
2026-03-29,S015,SKU00057,4
2026-03-22,S015,SKU00057,5
2026-03-15,S015,SKU00057,4
2026-03-08,S015,SKU00057,3
2026-03-01,S015,SKU00057,4
2026-02-22,S015,SKU00057,3
2026-04-12,S041,SKU00068,1
2026-04-05,S041,SKU00068,1
2026-03-29,S041,SKU00068,1
2026-03-22,S041,SKU00068,1
2026-03-01,S041,SKU00068,1
2026-04-12,S057,SKU00029,6
2026-04-05,S057,SKU00029,4
2026-03-29,S057,SKU00029,5
2026-03-22,S057,SKU00029,8
2026-03-15,S057,SKU00029,5
2026-03-08,S057,SKU00029,2
2026-03-01,S057,SKU00029,8
2026-02-22,S057,SKU00029,5
2026-04-12,S008,SKU00014,7
2026-04-05,S008,SKU00014,11
2026-03-29,S008,SKU00014,10
2026-03-22,S008,SKU00014,9
2026-03-15,S008,SKU00014,10
2026-03-08,S008,SKU00014,11
2026-03-01,S008,SKU00014,9
2026-02-22,S008,SKU00014,9
2026-04-12,S055,SKU00005,3
2026-04-05,S055,SKU00005,3
2026-03-29,S055,SKU00005,6
2026-03-22,S055,SKU00005,6
2026-03-15,S055,SKU00005,6
2026-03-08,S055,SKU00005,3
2026-03-01,S055,SKU00005,4
2026-02-22,S055,SKU00005,2
2026-04-12,S065,SKU00005,1
2026-03-22,S065,SKU00005,1
2026-03-15,S065,SKU00005,2
2026-03-08,S065,SKU00005,2
2026-03-01,S065,SKU00005,2
2026-02-22,S065,SKU00005,2
2026-04-12,S019,SKU00038,12
2026-04-05,S019,SKU00038,15
2026-03-29,S019,SKU00038,13
2026-03-22,S019,SKU00038,9
2026-03-15,S019,SKU00038,9
2026-03-08,S019,SKU00038,13
2026-03-01,S019,SKU00038,11
2026-02-22,S019,SKU00038,13
2026-04-12,S063,SKU00030,3
2026-04-05,S063,SKU00030,8
2026-03-29,S063,SKU00030,4
2026-03-22,S063,SKU00030,8
2026-03-15,S063,SKU00030,3
2026-03-08,S063,SKU00030,7
2026-03-01,S063,SKU00030,4
2026-02-22,S063,SKU00030,6
2026-04-12,S030,SKU00056,1
2026-04-05,S030,SKU00056,1
2026-03-29,S030,SKU00056,1
2026-03-15,S030,SKU00056,1
2026-03-01,S030,SKU00056,1
2026-02-22,S030,SKU00056,1
2026-04-12,S060,SKU00072,1
2026-04-05,S060,SKU00072,2
2026-03-29,S060,SKU00072,1
2026-03-22,S060,SKU00072,2
2026-03-08,S060,SKU00072,1
2026-03-01,S060,SKU00072,1
2026-02-22,S060,SKU00072,1
2026-04-12,S024,SKU00013,7
2026-04-05,S024,SKU00013,15
2026-03-29,S024,SKU00013,18
2026-03-22,S024,SKU00013,7
2026-03-15,S024,SKU00013,11
2026-03-08,S024,SKU00013,21
2026-03-01,S024,SKU00013,14
2026-02-22,S024,SKU00013,18
2026-04-12,S019,SKU00025,20
2026-04-05,S019,SKU00025,17
2026-03-29,S019,SKU00025,23
2026-03-22,S019,SKU00025,22
2026-03-15,S019,SKU00025,21
2026-03-08,S019,SKU00025,30
2026-03-01,S019,SKU00025,28
2026-02-22,S019,SKU00025,20
2026-03-22,S031,SKU00063,1
2026-04-12,S023,SKU00030,16
2026-04-05,S023,SKU00030,13
2026-03-29,S023,SKU00030,8
2026-03-22,S023,SKU00030,15
2026-03-15,S023,SKU00030,8
2026-03-08,S023,SKU00030,22
2026-03-01,S023,SKU00030,22
2026-02-22,S023,SKU00030,20
2026-04-12,S040,SKU00051,2
2026-04-05,S040,SKU00051,2
2026-03-29,S040,SKU00051,2
2026-03-22,S040,SKU00051,3
2026-03-15,S040,SKU00051,2
2026-03-08,S040,SKU00051,2
2026-03-01,S040,SKU00051,1
2026-02-22,S040,SKU00051,3
2026-04-12,S014,SKU00002,12
2026-04-05,S014,SKU00002,16
2026-03-29,S014,SKU00002,19
2026-03-22,S014,SKU00002,19
2026-03-15,S014,SKU00002,15
2026-03-08,S014,SKU00002,15
2026-03-01,S014,SKU00002,22
2026-02-22,S014,SKU00002,16
2026-04-12,S019,SKU00007,9
2026-04-05,S019,SKU00007,9
2026-03-29,S019,SKU00007,9
2026-03-22,S019,SKU00007,12
2026-03-15,S019,SKU00007,8
2026-03-08,S019,SKU00007,14
2026-03-01,S019,SKU00007,10
2026-02-22,S019,SKU00007,16
2026-04-12,S004,SKU00014,4
2026-04-05,S004,SKU00014,3
2026-03-29,S004,SKU00014,5
2026-03-22,S004,SKU00014,2
2026-03-15,S004,SKU00014,3
2026-03-08,S004,SKU00014,4
2026-03-01,S004,SKU00014,4
2026-02-22,S004,SKU00014,4
2026-04-12,S057,SKU00046,11
2026-04-05,S057,SKU00046,11
2026-03-29,S057,SKU00046,12
2026-03-22,S057,SKU00046,3
2026-03-15,S057,SKU00046,14
2026-03-08,S057,SKU00046,12
2026-02-22,S057,SKU00046,13
2026-04-12,S042,SKU00052,1
2026-04-05,S042,SKU00052,1
2026-03-29,S042,SKU00052,1
2026-03-22,S042,SKU00052,1
2026-03-15,S042,SKU00052,1
2026-03-08,S042,SKU00052,1
2026-03-01,S042,SKU00052,1
2026-02-22,S042,SKU00052,1
2026-04-12,S021,SKU00035,3
2026-04-05,S021,SKU00035,3
2026-03-29,S021,SKU00035,3
2026-03-22,S021,SKU00035,3
2026-03-15,S021,SKU00035,3
2026-03-08,S021,SKU00035,3
2026-03-01,S021,SKU00035,3
2026-02-22,S021,SKU00035,3
2026-04-05,S054,SKU00020,2
2026-03-29,S054,SKU00020,1
2026-03-22,S054,SKU00020,3
2026-03-15,S054,SKU00020,3
2026-03-08,S054,SKU00020,2
2026-04-12,S021,SKU00030,13
2026-04-05,S021,SKU00030,12
2026-03-29,S021,SKU00030,10
2026-03-22,S021,SKU00030,7
2026-03-15,S021,SKU00030,10
2026-03-08,S021,SKU00030,7
2026-03-01,S021,SKU00030,5
2026-02-22,S021,SKU00030,10
2026-04-05,S026,SKU00043,12
2026-03-29,S026,SKU00043,7
2026-03-22,S026,SKU00043,8
2026-03-15,S026,SKU00043,2
2026-03-08,S026,SKU00043,6
2026-03-01,S026,SKU00043,7
2026-02-22,S026,SKU00043,8
2026-04-12,S021,SKU00070,1
2026-03-29,S021,SKU00070,1
2026-03-22,S021,SKU00070,1
2026-03-15,S021,SKU00070,1
2026-03-08,S021,SKU00070,1
2026-04-12,S040,SKU00046,4
2026-04-05,S040,SKU00046,7
2026-03-29,S040,SKU00046,5
2026-03-22,S040,SKU00046,5
2026-03-15,S040,SKU00046,4
2026-03-08,S040,SKU00046,2
2026-03-01,S040,SKU00046,5
2026-02-22,S040,SKU00046,7
2026-04-12,S039,SKU00016,9
2026-04-05,S039,SKU00016,6
2026-03-29,S039,SKU00016,12
2026-03-22,S039,SKU00016,8
2026-03-15,S039,SKU00016,8
2026-03-08,S039,SKU00016,5
2026-03-01,S039,SKU00016,8
2026-02-22,S039,SKU00016,9
2026-04-12,S050,SKU00010,8
2026-04-05,S050,SKU00010,5
2026-03-29,S050,SKU00010,9
2026-03-22,S050,SKU00010,8
2026-03-15,S050,SKU00010,16
2026-03-08,S050,SKU00010,13
2026-03-01,S050,SKU00010,8
2026-02-22,S050,SKU00010,9
2026-04-12,S020,SKU00048,9
2026-04-05,S020,SKU00048,10
2026-03-29,S020,SKU00048,13
2026-03-22,S020,SKU00048,11
2026-03-15,S020,SKU00048,13
2026-03-08,S020,SKU00048,13
2026-03-01,S020,SKU00048,11
2026-02-22,S020,SKU00048,14
2026-04-12,S032,SKU00068,2
2026-04-05,S032,SKU00068,2
2026-03-29,S032,SKU00068,2
2026-03-22,S032,SKU00068,1
2026-03-15,S032,SKU00068,2
2026-03-08,S032,SKU00068,1
2026-03-01,S032,SKU00068,1
2026-02-22,S032,SKU00068,2
2026-04-12,S005,SKU00038,16
2026-04-05,S005,SKU00038,19
2026-03-29,S005,SKU00038,19
2026-03-22,S005,SKU00038,19
2026-03-15,S005,SKU00038,24
2026-03-08,S005,SKU00038,13
2026-03-01,S005,SKU00038,20
2026-02-22,S005,SKU00038,25
2026-04-12,S055,SKU00034,1
2026-04-05,S055,SKU00034,2
2026-03-29,S055,SKU00034,1
2026-03-15,S055,SKU00034,4
2026-03-08,S055,SKU00034,3
2026-02-22,S055,SKU00034,4
2026-04-12,S001,SKU00067,1
2026-04-05,S001,SKU00067,2
2026-03-29,S001,SKU00067,1
2026-03-22,S001,SKU00067,1
2026-03-15,S001,SKU00067,1
2026-03-08,S001,SKU00067,1
2026-03-01,S001,SKU00067,1
2026-02-22,S001,SKU00067,1
2026-04-12,S005,SKU00025,3
2026-04-05,S005,SKU00025,3
2026-03-29,S005,SKU00025,4
2026-03-22,S005,SKU00025,3
2026-03-15,S005,SKU00025,4
2026-03-08,S005,SKU00025,4
2026-03-01,S005,SKU00025,2
2026-02-22,S005,SKU00025,3
2026-04-12,S049,SKU00003,8
2026-04-05,S049,SKU00003,6
2026-03-29,S049,SKU00003,8
2026-03-15,S049,SKU00003,2
2026-03-08,S049,SKU00003,7
2026-02-22,S049,SKU00003,6
2026-04-12,S019,SKU00073,2
2026-04-05,S019,SKU00073,3
2026-03-29,S019,SKU00073,4
2026-03-22,S019,SKU00073,2
2026-03-15,S019,SKU00073,2
2026-03-08,S019,SKU00073,3
2026-03-01,S019,SKU00073,3
2026-02-22,S019,SKU00073,2
2026-04-12,S008,SKU00049,2
2026-04-05,S008,SKU00049,3
2026-03-29,S008,SKU00049,2
2026-03-22,S008,SKU00049,3
2026-03-15,S008,SKU00049,2
2026-03-08,S008,SKU00049,2
2026-03-01,S008,SKU00049,2
2026-02-22,S008,SKU00049,3
2026-04-12,S005,SKU00007,6
2026-04-05,S005,SKU00007,10
2026-03-29,S005,SKU00007,6
2026-03-22,S005,SKU00007,10
2026-03-15,S005,SKU00007,9
2026-03-08,S005,SKU00007,9
2026-03-01,S005,SKU00007,8
2026-02-22,S005,SKU00007,10
2026-04-12,S007,SKU00035,14
2026-04-05,S007,SKU00035,8
2026-03-29,S007,SKU00035,12
2026-03-22,S007,SKU00035,10
2026-03-15,S007,SKU00035,9
2026-03-08,S007,SKU00035,9
2026-03-01,S007,SKU00035,13
2026-02-22,S007,SKU00035,9
2026-04-12,S013,SKU00033,11
2026-04-05,S013,SKU00033,12
2026-03-29,S013,SKU00033,9
2026-03-22,S013,SKU00033,10
2026-03-15,S013,SKU00033,13
2026-03-08,S013,SKU00033,7
2026-03-01,S013,SKU00033,9
2026-02-22,S013,SKU00033,14
2026-04-12,S037,SKU00056,2
2026-04-05,S037,SKU00056,2
2026-03-29,S037,SKU00056,2
2026-03-22,S037,SKU00056,1
2026-03-15,S037,SKU00056,1
2026-03-08,S037,SKU00056,2
2026-03-01,S037,SKU00056,2
2026-02-22,S037,SKU00056,2
2026-04-12,S007,SKU00030,23
2026-04-05,S007,SKU00030,13
2026-03-29,S007,SKU00030,8
2026-03-22,S007,SKU00030,17
2026-03-15,S007,SKU00030,14
2026-03-08,S007,SKU00030,25
2026-03-01,S007,SKU00030,22
2026-02-22,S007,SKU00030,18
2026-04-12,S004,SKU00049,6
2026-04-05,S004,SKU00049,5
2026-03-29,S004,SKU00049,5
2026-03-22,S004,SKU00049,6
2026-03-15,S004,SKU00049,4
2026-03-08,S004,SKU00049,7
2026-03-01,S004,SKU00049,4
2026-02-22,S004,SKU00049,5
2026-04-12,S016,SKU00041,17
2026-04-05,S016,SKU00041,17
2026-03-29,S016,SKU00041,13
2026-03-22,S016,SKU00041,14
2026-03-15,S016,SKU00041,12
2026-03-08,S016,SKU00041,21
2026-03-01,S016,SKU00041,13
2026-02-22,S016,SKU00041,11
2026-04-12,S040,SKU00005,9
2026-04-05,S040,SKU00005,14
2026-03-29,S040,SKU00005,7
2026-03-22,S040,SKU00005,9
2026-03-15,S040,SKU00005,5
2026-03-08,S040,SKU00005,12
2026-03-01,S040,SKU00005,7
2026-02-22,S040,SKU00005,12
2026-04-12,S018,SKU00068,4
2026-04-05,S018,SKU00068,3
2026-03-29,S018,SKU00068,3
2026-03-22,S018,SKU00068,3
2026-03-15,S018,SKU00068,4
2026-03-08,S018,SKU00068,4
2026-03-01,S018,SKU00068,3
2026-02-22,S018,SKU00068,3
2026-04-12,S012,SKU00072,2
2026-04-05,S012,SKU00072,3
2026-03-29,S012,SKU00072,2
2026-03-22,S012,SKU00072,3
2026-03-15,S012,SKU00072,3
2026-03-08,S012,SKU00072,3
2026-03-01,S012,SKU00072,2
2026-02-22,S012,SKU00072,3
2026-03-01,S015,SKU00059,1
2026-02-22,S015,SKU00059,1
2026-04-12,S027,SKU00002,18
2026-04-05,S027,SKU00002,18
2026-03-29,S027,SKU00002,13
2026-03-22,S027,SKU00002,16
2026-03-15,S027,SKU00002,16
2026-03-08,S027,SKU00002,11
2026-03-01,S027,SKU00002,20
2026-02-22,S027,SKU00002,14
2026-04-05,S005,SKU00073,1
2026-03-15,S005,SKU00073,1
2026-03-08,S005,SKU00073,1
2026-03-01,S005,SKU00073,1
2026-04-12,S014,SKU00064,2
2026-04-05,S014,SKU00064,1
2026-03-29,S014,SKU00064,2
2026-03-22,S014,SKU00064,1
2026-03-15,S014,SKU00064,1
2026-03-08,S014,SKU00064,3
2026-03-01,S014,SKU00064,2
2026-02-22,S014,SKU00064,2
2026-04-12,S028,SKU00067,2
2026-04-05,S028,SKU00067,2
2026-03-29,S028,SKU00067,2
2026-03-22,S028,SKU00067,3
2026-03-15,S028,SKU00067,1
2026-03-08,S028,SKU00067,3
2026-03-01,S028,SKU00067,2
2026-02-22,S028,SKU00067,2
2026-04-12,S035,SKU00022,7
2026-04-05,S035,SKU00022,6
2026-03-29,S035,SKU00022,8
2026-03-22,S035,SKU00022,2
2026-03-15,S035,SKU00022,6
2026-03-08,S035,SKU00022,10
2026-03-01,S035,SKU00022,8
2026-02-22,S035,SKU00022,5
2026-04-12,S063,SKU00015,5
2026-04-05,S063,SKU00015,7
2026-03-29,S063,SKU00015,9
2026-03-22,S063,SKU00015,5
2026-03-15,S063,SKU00015,6
2026-03-08,S063,SKU00015,2
2026-03-01,S063,SKU00015,7
2026-02-22,S063,SKU00015,6
2026-04-12,S002,SKU00010,11
2026-04-05,S002,SKU00010,12
2026-03-29,S002,SKU00010,7
2026-03-22,S002,SKU00010,14
2026-03-15,S002,SKU00010,4
2026-03-08,S002,SKU00010,12
2026-03-01,S002,SKU00010,11
2026-02-22,S002,SKU00010,9
2026-04-12,S040,SKU00028,18
2026-04-05,S040,SKU00028,5
2026-03-29,S040,SKU00028,7
2026-03-22,S040,SKU00028,10
2026-03-15,S040,SKU00028,8
2026-03-08,S040,SKU00028,13
2026-03-01,S040,SKU00028,11
2026-02-22,S040,SKU00028,11
2026-04-12,S016,SKU00039,23
2026-04-05,S016,SKU00039,24
2026-03-29,S016,SKU00039,25
2026-03-22,S016,SKU00039,24
2026-03-15,S016,SKU00039,23
2026-03-08,S016,SKU00039,21
2026-03-01,S016,SKU00039,29
2026-02-22,S016,SKU00039,20
2026-04-12,S044,SKU00013,17
2026-04-05,S044,SKU00013,8
2026-03-29,S044,SKU00013,12
2026-03-22,S044,SKU00013,7
2026-03-15,S044,SKU00013,8
2026-03-08,S044,SKU00013,11
2026-03-01,S044,SKU00013,8
2026-02-22,S044,SKU00013,11
2026-04-12,S053,SKU00037,9
2026-04-05,S053,SKU00037,14
2026-03-29,S053,SKU00037,14
2026-03-22,S053,SKU00037,11
2026-03-15,S053,SKU00037,9
2026-03-08,S053,SKU00037,2
2026-03-01,S053,SKU00037,8
2026-02-22,S053,SKU00037,5
2026-04-12,S023,SKU00053,2
2026-04-05,S023,SKU00053,1
2026-03-29,S023,SKU00053,2
2026-03-22,S023,SKU00053,3
2026-03-15,S023,SKU00053,2
2026-03-08,S023,SKU00053,3
2026-03-01,S023,SKU00053,1
2026-02-22,S023,SKU00053,2
2026-03-01,S048,SKU00064,1
2026-04-12,S038,SKU00035,18
2026-04-05,S038,SKU00035,12
2026-03-29,S038,SKU00035,9
2026-03-22,S038,SKU00035,12
2026-03-15,S038,SKU00035,13
2026-03-08,S038,SKU00035,12
2026-03-01,S038,SKU00035,11
2026-02-22,S038,SKU00035,16
2026-04-12,S014,SKU00037,9
2026-04-05,S014,SKU00037,8
2026-03-29,S014,SKU00037,7
2026-03-22,S014,SKU00037,8
2026-03-15,S014,SKU00037,7
2026-03-08,S014,SKU00037,6
2026-03-01,S014,SKU00037,7
2026-02-22,S014,SKU00037,5
2026-04-12,S001,SKU00011,9
2026-04-05,S001,SKU00011,8
2026-03-29,S001,SKU00011,9
2026-03-22,S001,SKU00011,13
2026-03-15,S001,SKU00011,10
2026-03-08,S001,SKU00011,13
2026-03-01,S001,SKU00011,12
2026-02-22,S001,SKU00011,10
2026-04-12,S021,SKU00015,2
2026-04-05,S021,SKU00015,8
2026-03-29,S021,SKU00015,10
2026-03-22,S021,SKU00015,11
2026-03-15,S021,SKU00015,14
2026-03-08,S021,SKU00015,9
2026-03-01,S021,SKU00015,2
2026-02-22,S021,SKU00015,10
2026-04-12,S021,SKU00020,4
2026-04-05,S021,SKU00020,8
2026-03-29,S021,SKU00020,3
2026-03-22,S021,SKU00020,11
2026-03-15,S021,SKU00020,11
2026-03-08,S021,SKU00020,6
2026-03-01,S021,SKU00020,10
2026-02-22,S021,SKU00020,8
2026-04-12,S038,SKU00030,1
2026-04-05,S038,SKU00030,2
2026-03-29,S038,SKU00030,2
2026-03-22,S038,SKU00030,3
2026-03-15,S038,SKU00030,2
2026-03-08,S038,SKU00030,2
2026-03-01,S038,SKU00030,2
2026-02-22,S038,SKU00030,3
2026-04-12,S038,SKU00070,1
2026-04-05,S038,SKU00070,1
2026-03-29,S038,SKU00070,2
2026-03-22,S038,SKU00070,3
2026-03-15,S038,SKU00070,2
2026-03-08,S038,SKU00070,1
2026-03-01,S038,SKU00070,2
2026-02-22,S038,SKU00070,2
2026-04-12,S010,SKU00021,11
2026-04-05,S010,SKU00021,14
2026-03-29,S010,SKU00021,17
2026-03-22,S010,SKU00021,19
2026-03-15,S010,SKU00021,9
2026-03-08,S010,SKU00021,20
2026-03-01,S010,SKU00021,12
2026-02-22,S010,SKU00021,11
2026-04-12,S053,SKU00026,1
2026-04-05,S053,SKU00026,2
2026-03-22,S053,SKU00026,1
2026-03-15,S053,SKU00026,2
2026-03-08,S053,SKU00026,3
2026-03-01,S053,SKU00026,5
2026-02-22,S053,SKU00026,2
2026-04-05,S054,SKU00064,1
2026-03-29,S054,SKU00064,1
2026-03-15,S054,SKU00064,1
2026-03-01,S054,SKU00064,1
2026-04-12,S043,SKU00019,10
2026-04-05,S043,SKU00019,10
2026-03-29,S043,SKU00019,4
2026-03-22,S043,SKU00019,7
2026-03-15,S043,SKU00019,6
2026-03-08,S043,SKU00019,5
2026-03-01,S043,SKU00019,3
2026-02-22,S043,SKU00019,1
2026-04-12,S014,SKU00026,27
2026-04-05,S014,SKU00026,24
2026-03-29,S014,SKU00026,32
2026-03-22,S014,SKU00026,26
2026-03-15,S014,SKU00026,29
2026-03-08,S014,SKU00026,23
2026-03-01,S014,SKU00026,30
2026-02-22,S014,SKU00026,25
2026-04-12,S040,SKU00031,3
2026-04-05,S040,SKU00031,3
2026-03-29,S040,SKU00031,3
2026-03-22,S040,SKU00031,6
2026-03-15,S040,SKU00031,3
2026-03-08,S040,SKU00031,3
2026-03-01,S040,SKU00031,5
2026-02-22,S040,SKU00031,3
2026-04-12,S013,SKU00058,1
2026-04-05,S013,SKU00058,2
2026-03-29,S013,SKU00058,1
2026-03-22,S013,SKU00058,3
2026-03-15,S013,SKU00058,2
2026-03-08,S013,SKU00058,1
2026-03-01,S013,SKU00058,2
2026-02-22,S013,SKU00058,1
2026-04-12,S047,SKU00024,7
2026-04-05,S047,SKU00024,12
2026-03-29,S047,SKU00024,3
2026-03-22,S047,SKU00024,3
2026-03-15,S047,SKU00024,8
2026-03-08,S047,SKU00024,8
2026-03-01,S047,SKU00024,11
2026-04-12,S059,SKU00025,6
2026-04-05,S059,SKU00025,6
2026-03-29,S059,SKU00025,11
2026-03-22,S059,SKU00025,8
2026-03-15,S059,SKU00025,3
2026-03-08,S059,SKU00025,7
2026-03-01,S059,SKU00025,11
2026-02-22,S059,SKU00025,11
2026-04-12,S051,SKU00018,8
2026-04-05,S051,SKU00018,3
2026-03-29,S051,SKU00018,5
2026-03-22,S051,SKU00018,5
2026-03-15,S051,SKU00018,5
2026-03-08,S051,SKU00018,5
2026-03-01,S051,SKU00018,2
2026-02-22,S051,SKU00018,6
2026-04-12,S017,SKU00036,4
2026-04-05,S017,SKU00036,4
2026-03-29,S017,SKU00036,5
2026-03-22,S017,SKU00036,2
2026-03-15,S017,SKU00036,5
2026-03-08,S017,SKU00036,4
2026-03-01,S017,SKU00036,5
2026-02-22,S017,SKU00036,5
2026-04-12,S007,SKU00020,10
2026-04-05,S007,SKU00020,20
2026-03-29,S007,SKU00020,10
2026-03-22,S007,SKU00020,24
2026-03-15,S007,SKU00020,17
2026-03-08,S007,SKU00020,29
2026-03-01,S007,SKU00020,15
2026-02-22,S007,SKU00020,23
2026-04-12,S007,SKU00053,3
2026-04-05,S007,SKU00053,3
2026-03-29,S007,SKU00053,5
2026-03-22,S007,SKU00053,5
2026-03-15,S007,SKU00053,4
2026-03-08,S007,SKU00053,6
2026-03-01,S007,SKU00053,2
2026-02-22,S007,SKU00053,3
2026-04-12,S032,SKU00010,7
2026-04-05,S032,SKU00010,8
2026-03-29,S032,SKU00010,4
2026-03-22,S032,SKU00010,4
2026-03-15,S032,SKU00010,8
2026-03-08,S032,SKU00010,5
2026-03-01,S032,SKU00010,5
2026-02-22,S032,SKU00010,8
2026-04-12,S011,SKU00056,2
2026-04-05,S011,SKU00056,1
2026-03-29,S011,SKU00056,2
2026-03-22,S011,SKU00056,2
2026-03-15,S011,SKU00056,2
2026-03-08,S011,SKU00056,2
2026-03-01,S011,SKU00056,2
2026-02-22,S011,SKU00056,2
2026-04-12,S015,SKU00013,17
2026-04-05,S015,SKU00013,26
2026-03-29,S015,SKU00013,24
2026-03-22,S015,SKU00013,25
2026-03-15,S015,SKU00013,24
2026-03-08,S015,SKU00013,22
2026-03-01,S015,SKU00013,19
2026-02-22,S015,SKU00013,22
2026-04-12,S037,SKU00065,1
2026-04-05,S037,SKU00065,2
2026-03-29,S037,SKU00065,1
2026-03-22,S037,SKU00065,3
2026-03-15,S037,SKU00065,2
2026-03-08,S037,SKU00065,1
2026-03-01,S037,SKU00065,1
2026-02-22,S037,SKU00065,2
2026-04-12,S039,SKU00038,12
2026-04-05,S039,SKU00038,19
2026-03-29,S039,SKU00038,22
2026-03-22,S039,SKU00038,17
2026-03-15,S039,SKU00038,15
2026-03-08,S039,SKU00038,17
2026-03-01,S039,SKU00038,10
2026-02-22,S039,SKU00038,17
2026-04-12,S030,SKU00044,5
2026-04-05,S030,SKU00044,4
2026-03-29,S030,SKU00044,6
2026-03-22,S030,SKU00044,3
2026-03-15,S030,SKU00044,4
2026-03-08,S030,SKU00044,5
2026-03-01,S030,SKU00044,3
2026-02-22,S030,SKU00044,3
2026-04-12,S059,SKU00007,1
2026-04-05,S059,SKU00007,2
2026-03-29,S059,SKU00007,4
2026-03-15,S059,SKU00007,1
2026-03-01,S059,SKU00007,3
2026-04-12,S042,SKU00050,3
2026-04-05,S042,SKU00050,3
2026-03-29,S042,SKU00050,4
2026-03-22,S042,SKU00050,6
2026-03-15,S042,SKU00050,4
2026-03-08,S042,SKU00050,3
2026-03-01,S042,SKU00050,4
2026-02-22,S042,SKU00050,4
2026-04-12,S039,SKU00025,7
2026-04-05,S039,SKU00025,12
2026-03-29,S039,SKU00025,6
2026-03-22,S039,SKU00025,6
2026-03-15,S039,SKU00025,9
2026-03-08,S039,SKU00025,6
2026-03-01,S039,SKU00025,8
2026-02-22,S039,SKU00025,8
2026-04-12,S016,SKU00006,9
2026-04-05,S016,SKU00006,11
2026-03-29,S016,SKU00006,8
2026-03-22,S016,SKU00006,8
2026-03-15,S016,SKU00006,9
2026-03-08,S016,SKU00006,8
2026-03-01,S016,SKU00006,9
2026-02-22,S016,SKU00006,10
2026-04-12,S050,SKU00021,3
2026-04-05,S050,SKU00021,2
2026-03-29,S050,SKU00021,2
2026-03-22,S050,SKU00021,2
2026-03-15,S050,SKU00021,4
2026-03-08,S050,SKU00021,2
2026-02-22,S050,SKU00021,3
2026-04-12,S028,SKU00011,11
2026-04-05,S028,SKU00011,2
2026-03-29,S028,SKU00011,7
2026-03-22,S028,SKU00011,18
2026-03-15,S028,SKU00011,10
2026-03-08,S028,SKU00011,9
2026-03-01,S028,SKU00011,12
2026-02-22,S028,SKU00011,5
2026-04-12,S017,SKU00045,20
2026-04-05,S017,SKU00045,21
2026-03-29,S017,SKU00045,19
2026-03-22,S017,SKU00045,20
2026-03-15,S017,SKU00045,23
2026-03-08,S017,SKU00045,15
2026-03-01,S017,SKU00045,22
2026-02-22,S017,SKU00045,22
2026-04-12,S039,SKU00007,4
2026-04-05,S039,SKU00007,9
2026-03-29,S039,SKU00007,2
2026-03-22,S039,SKU00007,5
2026-03-15,S039,SKU00007,11
2026-03-08,S039,SKU00007,3
2026-03-01,S039,SKU00007,15
2026-02-22,S039,SKU00007,3
2026-04-12,S034,SKU00048,7
2026-04-05,S034,SKU00048,5
2026-03-29,S034,SKU00048,11
2026-03-22,S034,SKU00048,6
2026-03-15,S034,SKU00048,10
2026-03-08,S034,SKU00048,7
2026-03-01,S034,SKU00048,8
2026-02-22,S034,SKU00048,6
2026-04-12,S011,SKU00050,19
2026-04-05,S011,SKU00050,24
2026-03-29,S011,SKU00050,26
2026-03-22,S011,SKU00050,26
2026-03-15,S011,SKU00050,18
2026-03-08,S011,SKU00050,21
2026-03-01,S011,SKU00050,25
2026-02-22,S011,SKU00050,19
2026-04-12,S027,SKU00037,3
2026-04-05,S027,SKU00037,5
2026-03-29,S027,SKU00037,1
2026-03-22,S027,SKU00037,3
2026-03-15,S027,SKU00037,4
2026-03-08,S027,SKU00037,4
2026-03-01,S027,SKU00037,2
2026-02-22,S027,SKU00037,1
2026-04-12,S053,SKU00069,1
2026-04-05,S053,SKU00069,1
2026-03-29,S053,SKU00069,2
2026-03-22,S053,SKU00069,2
2026-03-15,S053,SKU00069,2
2026-03-08,S053,SKU00069,1
2026-03-01,S053,SKU00069,1
2026-02-22,S053,SKU00069,1
2026-04-12,S022,SKU00013,2
2026-04-05,S022,SKU00013,3
2026-03-29,S022,SKU00013,4
2026-03-22,S022,SKU00013,1
2026-03-15,S022,SKU00013,2
2026-03-08,S022,SKU00013,4
2026-03-01,S022,SKU00013,4
2026-02-22,S022,SKU00013,2
2026-04-12,S018,SKU00010,12
2026-04-05,S018,SKU00010,22
2026-03-29,S018,SKU00010,13
2026-03-22,S018,SKU00010,18
2026-03-15,S018,SKU00010,17
2026-03-08,S018,SKU00010,18
2026-03-01,S018,SKU00010,21
2026-02-22,S018,SKU00010,20
2026-04-12,S033,SKU00050,16
2026-04-05,S033,SKU00050,8
2026-03-29,S033,SKU00050,10
2026-03-22,S033,SKU00050,11
2026-03-15,S033,SKU00050,9
2026-03-08,S033,SKU00050,13
2026-03-01,S033,SKU00050,17
2026-02-22,S033,SKU00050,16
2026-04-12,S038,SKU00015,3
2026-04-05,S038,SKU00015,2
2026-03-29,S038,SKU00015,2
2026-03-22,S038,SKU00015,3
2026-03-15,S038,SKU00015,2
2026-03-08,S038,SKU00015,2
2026-03-01,S038,SKU00015,1
2026-02-22,S038,SKU00015,2
2026-04-12,S038,SKU00020,10
2026-04-05,S038,SKU00020,5
2026-03-29,S038,SKU00020,4
2026-03-22,S038,SKU00020,10
2026-03-15,S038,SKU00020,13
2026-03-08,S038,SKU00020,8
2026-03-01,S038,SKU00020,6
2026-02-22,S038,SKU00020,5
2026-04-12,S002,SKU00018,24
2026-04-05,S002,SKU00018,26
2026-03-29,S002,SKU00018,21
2026-03-22,S002,SKU00018,27
2026-03-15,S002,SKU00018,37
2026-03-08,S002,SKU00018,27
2026-03-01,S002,SKU00018,26
2026-02-22,S002,SKU00018,24
2026-04-12,S003,SKU00016,2
2026-04-05,S003,SKU00016,3
2026-03-29,S003,SKU00016,3
2026-03-22,S003,SKU00016,3
2026-03-15,S003,SKU00016,3
2026-03-08,S003,SKU00016,3
2026-03-01,S003,SKU00016,3
2026-02-22,S003,SKU00016,4
2026-04-12,S051,SKU00017,10
2026-04-05,S051,SKU00017,6
2026-03-29,S051,SKU00017,4
2026-03-22,S051,SKU00017,4
2026-03-15,S051,SKU00017,6
2026-03-08,S051,SKU00017,11
2026-02-22,S051,SKU00017,10
2026-03-22,S043,SKU00063,1
2026-03-08,S043,SKU00063,1
2026-03-01,S043,SKU00063,1
2026-04-12,S009,SKU00017,8
2026-04-05,S009,SKU00017,11
2026-03-29,S009,SKU00017,14
2026-03-22,S009,SKU00017,11
2026-03-15,S009,SKU00017,12
2026-03-08,S009,SKU00017,6
2026-03-01,S009,SKU00017,11
2026-02-22,S009,SKU00017,12
2026-04-12,S032,SKU00066,3
2026-04-05,S032,SKU00066,2
2026-03-29,S032,SKU00066,1
2026-03-22,S032,SKU00066,2
2026-03-15,S032,SKU00066,2
2026-03-08,S032,SKU00066,3
2026-03-01,S032,SKU00066,2
2026-02-22,S032,SKU00066,2
2026-04-12,S053,SKU00009,7
2026-04-05,S053,SKU00009,4
2026-03-29,S053,SKU00009,8
2026-03-15,S053,SKU00009,4
2026-03-08,S053,SKU00009,7
2026-03-01,S053,SKU00009,6
2026-02-22,S053,SKU00009,5
2026-04-12,S001,SKU00024,17
2026-04-05,S001,SKU00024,16
2026-03-29,S001,SKU00024,14
2026-03-22,S001,SKU00024,12
2026-03-15,S001,SKU00024,13
2026-03-08,S001,SKU00024,16
2026-03-01,S001,SKU00024,16
2026-02-22,S001,SKU00024,17
2026-04-12,S009,SKU00039,7
2026-04-05,S009,SKU00039,7
2026-03-29,S009,SKU00039,7
2026-03-22,S009,SKU00039,5
2026-03-15,S009,SKU00039,7
2026-03-08,S009,SKU00039,6
2026-03-01,S009,SKU00039,5
2026-02-22,S009,SKU00039,7
2026-04-12,S013,SKU00014,4
2026-04-05,S013,SKU00014,3
2026-03-29,S013,SKU00014,4
2026-03-22,S013,SKU00014,4
2026-03-15,S013,SKU00014,5
2026-03-08,S013,SKU00014,6
2026-03-01,S013,SKU00014,4
2026-02-22,S013,SKU00014,5
2026-04-12,S007,SKU00064,2
2026-04-05,S007,SKU00064,2
2026-03-29,S007,SKU00064,2
2026-03-22,S007,SKU00064,2
2026-03-15,S007,SKU00064,2
2026-03-08,S007,SKU00064,2
2026-03-01,S007,SKU00064,1
2026-02-22,S007,SKU00064,2
2026-04-12,S001,SKU00029,4
2026-04-05,S001,SKU00029,6
2026-03-29,S001,SKU00029,4
2026-03-22,S001,SKU00029,11
2026-03-15,S001,SKU00029,7
2026-03-08,S001,SKU00029,9
2026-03-01,S001,SKU00029,6
2026-02-22,S001,SKU00029,8
2026-03-29,S058,SKU00020,2
2026-03-22,S058,SKU00020,2
2026-03-15,S058,SKU00020,1
2026-03-01,S058,SKU00020,2
2026-02-22,S058,SKU00020,1
2026-04-12,S039,SKU00045,8
2026-04-05,S039,SKU00045,8
2026-03-29,S039,SKU00045,10
2026-03-22,S039,SKU00045,13
2026-03-15,S039,SKU00045,13
2026-03-08,S039,SKU00045,12
2026-03-01,S039,SKU00045,9
2026-02-22,S039,SKU00045,13
2026-04-12,S033,SKU00065,2
2026-04-05,S033,SKU00065,1
2026-03-29,S033,SKU00065,2
2026-03-22,S033,SKU00065,2
2026-03-15,S033,SKU00065,2
2026-03-08,S033,SKU00065,1
2026-03-01,S033,SKU00065,1
2026-02-22,S033,SKU00065,1
2026-04-12,S029,SKU00050,8
2026-04-05,S029,SKU00050,6
2026-03-29,S029,SKU00050,5
2026-03-22,S029,SKU00050,9
2026-03-15,S029,SKU00050,8
2026-03-08,S029,SKU00050,9
2026-03-01,S029,SKU00050,13
2026-02-22,S029,SKU00050,6
2026-04-12,S001,SKU00046,27
2026-04-05,S001,SKU00046,26
2026-03-29,S001,SKU00046,23
2026-03-22,S001,SKU00046,20
2026-03-15,S001,SKU00046,29
2026-03-08,S001,SKU00046,17
2026-03-01,S001,SKU00046,27
2026-02-22,S001,SKU00046,20
2026-04-12,S036,SKU00023,6
2026-04-05,S036,SKU00023,5
2026-03-29,S036,SKU00023,5
2026-03-22,S036,SKU00023,9
2026-03-15,S036,SKU00023,6
2026-03-08,S036,SKU00023,2
2026-03-01,S036,SKU00023,3
2026-02-22,S036,SKU00023,4
2026-04-12,S018,SKU00066,5
2026-04-05,S018,SKU00066,3
2026-03-29,S018,SKU00066,4
2026-03-22,S018,SKU00066,3
2026-03-15,S018,SKU00066,3
2026-03-08,S018,SKU00066,5
2026-03-01,S018,SKU00066,3
2026-02-22,S018,SKU00066,3
2026-04-12,S028,SKU00024,5
2026-04-05,S028,SKU00024,8
2026-03-29,S028,SKU00024,8
2026-03-22,S028,SKU00024,19
2026-03-15,S028,SKU00024,11
2026-03-08,S028,SKU00024,12
2026-03-01,S028,SKU00024,15
2026-02-22,S028,SKU00024,14
2026-04-12,S057,SKU00004,6
2026-03-29,S057,SKU00004,1
2026-03-22,S057,SKU00004,1
2026-03-15,S057,SKU00004,5
2026-03-08,S057,SKU00004,2
2026-03-01,S057,SKU00004,6
2026-02-22,S057,SKU00004,5
2026-04-12,S032,SKU00021,2
2026-04-05,S032,SKU00021,4
2026-03-29,S032,SKU00021,5
2026-03-22,S032,SKU00021,4
2026-03-15,S032,SKU00021,5
2026-03-08,S032,SKU00021,4
2026-03-01,S032,SKU00021,6
2026-02-22,S032,SKU00021,4
2026-04-12,S040,SKU00004,17
2026-04-05,S040,SKU00004,12
2026-03-29,S040,SKU00004,12
2026-03-22,S040,SKU00004,21
2026-03-15,S040,SKU00004,12
2026-03-08,S040,SKU00004,15
2026-03-01,S040,SKU00004,16
2026-02-22,S040,SKU00004,14
2026-04-12,S013,SKU00049,21
2026-04-05,S013,SKU00049,16
2026-03-29,S013,SKU00049,9
2026-03-22,S013,SKU00049,20
2026-03-15,S013,SKU00049,20
2026-03-08,S013,SKU00049,21
2026-03-01,S013,SKU00049,23
2026-02-22,S013,SKU00049,17
2026-04-12,S025,SKU00012,11
2026-04-05,S025,SKU00012,14
2026-03-29,S025,SKU00012,17
2026-03-22,S025,SKU00012,5
2026-03-15,S025,SKU00012,11
2026-03-08,S025,SKU00012,17
2026-03-01,S025,SKU00012,4
2026-02-22,S025,SKU00012,7
2026-04-12,S062,SKU00036,4
2026-04-05,S062,SKU00036,1
2026-03-29,S062,SKU00036,4
2026-03-22,S062,SKU00036,3
2026-03-15,S062,SKU00036,2
2026-03-01,S062,SKU00036,2
2026-02-22,S062,SKU00036,4
2026-04-12,S028,SKU00029,18
2026-04-05,S028,SKU00029,15
2026-03-29,S028,SKU00029,14
2026-03-22,S028,SKU00029,13
2026-03-15,S028,SKU00029,13
2026-03-08,S028,SKU00029,9
2026-03-01,S028,SKU00029,13
2026-02-22,S028,SKU00029,14
2026-04-12,S011,SKU00044,5
2026-04-05,S011,SKU00044,13
2026-03-29,S011,SKU00044,13
2026-03-22,S011,SKU00044,17
2026-03-15,S011,SKU00044,13
2026-03-08,S011,SKU00044,13
2026-03-01,S011,SKU00044,9
2026-02-22,S011,SKU00044,12
2026-04-12,S010,SKU00052,1
2026-04-05,S010,SKU00052,1
2026-03-29,S010,SKU00052,1
2026-03-22,S010,SKU00052,1
2026-03-15,S010,SKU00052,1
2026-03-08,S010,SKU00052,1
2026-02-22,S010,SKU00052,2
2026-04-12,S028,SKU00051,1
2026-04-05,S028,SKU00051,1
2026-03-29,S028,SKU00051,1
2026-03-22,S028,SKU00051,1
2026-03-15,S028,SKU00051,1
2026-03-08,S028,SKU00051,1
2026-03-01,S028,SKU00051,1
2026-02-22,S028,SKU00051,1
2026-04-12,S020,SKU00037,3
2026-04-05,S020,SKU00037,3
2026-03-29,S020,SKU00037,5
2026-03-22,S020,SKU00037,3
2026-03-15,S020,SKU00037,3
2026-03-08,S020,SKU00037,3
2026-03-01,S020,SKU00037,3
2026-02-22,S020,SKU00037,3
2026-04-12,S035,SKU00009,17
2026-04-05,S035,SKU00009,21
2026-03-29,S035,SKU00009,13
2026-03-22,S035,SKU00009,14
2026-03-15,S035,SKU00009,17
2026-03-08,S035,SKU00009,19
2026-03-01,S035,SKU00009,17
2026-02-22,S035,SKU00009,16
2026-04-12,S019,SKU00041,13
2026-04-05,S019,SKU00041,9
2026-03-29,S019,SKU00041,7
2026-03-22,S019,SKU00041,9
2026-03-15,S019,SKU00041,15
2026-03-08,S019,SKU00041,4
2026-03-01,S019,SKU00041,11
2026-02-22,S019,SKU00041,11
2026-04-12,S028,SKU00001,9
2026-04-05,S028,SKU00001,21
2026-03-29,S028,SKU00001,13
2026-03-22,S028,SKU00001,8
2026-03-15,S028,SKU00001,8
2026-03-08,S028,SKU00001,9
2026-03-01,S028,SKU00001,12
2026-02-22,S028,SKU00001,15
2026-04-12,S020,SKU00026,12
2026-04-05,S020,SKU00026,14
2026-03-29,S020,SKU00026,14
2026-03-22,S020,SKU00026,12
2026-03-15,S020,SKU00026,17
2026-03-08,S020,SKU00026,14
2026-03-01,S020,SKU00026,18
2026-02-22,S020,SKU00026,14
2026-04-12,S028,SKU00046,12
2026-04-05,S028,SKU00046,9
2026-03-29,S028,SKU00046,18
2026-03-22,S028,SKU00046,9
2026-03-15,S028,SKU00046,13
2026-03-08,S028,SKU00046,10
2026-03-01,S028,SKU00046,11
2026-02-22,S028,SKU00046,8
2026-04-12,S001,SKU00005,8
2026-04-05,S001,SKU00005,7
2026-03-29,S001,SKU00005,6
2026-03-22,S001,SKU00005,7
2026-03-15,S001,SKU00005,7
2026-03-08,S001,SKU00005,5
2026-03-01,S001,SKU00005,7
2026-02-22,S001,SKU00005,6
2026-04-12,S009,SKU00032,17
2026-04-05,S009,SKU00032,18
2026-03-29,S009,SKU00032,11
2026-03-22,S009,SKU00032,24
2026-03-15,S009,SKU00032,19
2026-03-08,S009,SKU00032,25
2026-03-01,S009,SKU00032,18
2026-02-22,S009,SKU00032,10
2026-03-15,S023,SKU00072,1
2026-04-12,S018,SKU00021,14
2026-04-05,S018,SKU00021,16
2026-03-29,S018,SKU00021,13
2026-03-22,S018,SKU00021,6
2026-03-15,S018,SKU00021,18
2026-03-08,S018,SKU00021,15
2026-03-01,S018,SKU00021,16
2026-02-22,S018,SKU00021,17
2026-04-12,S019,SKU00017,16
2026-04-05,S019,SKU00017,28
2026-03-29,S019,SKU00017,20
2026-03-22,S019,SKU00017,24
2026-03-15,S019,SKU00017,21
2026-03-08,S019,SKU00017,22
2026-03-01,S019,SKU00017,27
2026-02-22,S019,SKU00017,18
2026-04-12,S036,SKU00046,7
2026-04-05,S036,SKU00046,5
2026-03-29,S036,SKU00046,6
2026-03-22,S036,SKU00046,6
2026-03-15,S036,SKU00046,5
2026-03-08,S036,SKU00046,3
2026-03-01,S036,SKU00046,1
2026-02-22,S036,SKU00046,2
2026-04-12,S019,SKU00039,9
2026-04-05,S019,SKU00039,10
2026-03-29,S019,SKU00039,6
2026-03-22,S019,SKU00039,7
2026-03-15,S019,SKU00039,8
2026-03-08,S019,SKU00039,9
2026-03-01,S019,SKU00039,8
2026-02-22,S019,SKU00039,15
2026-04-12,S035,SKU00057,3
2026-04-05,S035,SKU00057,1
2026-03-29,S035,SKU00057,1
2026-03-22,S035,SKU00057,1
2026-03-15,S035,SKU00057,1
2026-03-08,S035,SKU00057,1
2026-03-01,S035,SKU00057,1
2026-02-22,S035,SKU00057,1
2026-04-12,S042,SKU00067,2
2026-04-05,S042,SKU00067,1
2026-03-29,S042,SKU00067,1
2026-03-22,S042,SKU00067,1
2026-03-01,S042,SKU00067,1
2026-02-22,S042,SKU00067,1
2026-04-12,S003,SKU00038,22
2026-04-05,S003,SKU00038,21
2026-03-29,S003,SKU00038,30
2026-03-22,S003,SKU00038,26
2026-03-15,S003,SKU00038,23
2026-03-08,S003,SKU00038,15
2026-03-01,S003,SKU00038,21
2026-02-22,S003,SKU00038,19
2026-04-12,S021,SKU00072,1
2026-04-05,S021,SKU00072,1
2026-03-22,S021,SKU00072,1
2026-03-08,S021,SKU00072,1
2026-04-12,S003,SKU00025,14
2026-04-05,S003,SKU00025,12
2026-03-29,S003,SKU00025,15
2026-03-22,S003,SKU00025,10
2026-03-15,S003,SKU00025,13
2026-03-08,S003,SKU00025,7
2026-03-01,S003,SKU00025,10
2026-02-22,S003,SKU00025,11
2026-04-12,S043,SKU00040,10
2026-04-05,S043,SKU00040,13
2026-03-29,S043,SKU00040,15
2026-03-22,S043,SKU00040,15
2026-03-15,S043,SKU00040,14
2026-03-08,S043,SKU00040,8
2026-03-01,S043,SKU00040,6
2026-02-22,S043,SKU00040,6
2026-04-12,S009,SKU00061,2
2026-04-05,S009,SKU00061,2
2026-03-29,S009,SKU00061,2
2026-03-22,S009,SKU00061,2
2026-03-15,S009,SKU00061,2
2026-03-08,S009,SKU00061,2
2026-03-01,S009,SKU00061,3
2026-02-22,S009,SKU00061,2
2026-04-12,S031,SKU00003,9
2026-04-05,S031,SKU00003,11
2026-03-29,S031,SKU00003,8
2026-03-22,S031,SKU00003,5
2026-03-15,S031,SKU00003,8
2026-03-08,S031,SKU00003,14
2026-03-01,S031,SKU00003,14
2026-02-22,S031,SKU00003,11
2026-04-12,S049,SKU00002,8
2026-04-05,S049,SKU00002,6
2026-03-29,S049,SKU00002,5
2026-03-22,S049,SKU00002,8
2026-03-15,S049,SKU00002,1
2026-03-08,S049,SKU00002,1
2026-03-01,S049,SKU00002,3
2026-02-22,S049,SKU00002,7
2026-04-12,S034,SKU00002,22
2026-04-05,S034,SKU00002,18
2026-03-29,S034,SKU00002,14
2026-03-22,S034,SKU00002,15
2026-03-15,S034,SKU00002,14
2026-03-08,S034,SKU00002,17
2026-03-01,S034,SKU00002,13
2026-02-22,S034,SKU00002,14
2026-04-12,S005,SKU00041,14
2026-04-05,S005,SKU00041,15
2026-03-29,S005,SKU00041,13
2026-03-22,S005,SKU00041,9
2026-03-15,S005,SKU00041,16
2026-03-08,S005,SKU00041,10
2026-03-01,S005,SKU00041,10
2026-02-22,S005,SKU00041,14
2026-03-22,S014,SKU00059,1
2026-04-12,S044,SKU00016,4
2026-04-05,S044,SKU00016,3
2026-03-29,S044,SKU00016,4
2026-03-22,S044,SKU00016,3
2026-03-15,S044,SKU00016,7
2026-03-08,S044,SKU00016,4
2026-03-01,S044,SKU00016,4
2026-02-22,S044,SKU00016,3
2026-04-05,S064,SKU00016,6
2026-03-29,S064,SKU00016,7
2026-03-22,S064,SKU00016,5
2026-03-15,S064,SKU00016,6
2026-03-08,S064,SKU00016,4
2026-03-01,S064,SKU00016,8
2026-02-22,S064,SKU00016,7
2026-04-05,S060,SKU00060,1
2026-03-29,S060,SKU00060,1
2026-03-22,S060,SKU00060,1
2026-04-12,S005,SKU00017,22
2026-04-05,S005,SKU00017,21
2026-03-29,S005,SKU00017,19
2026-03-22,S005,SKU00017,23
2026-03-15,S005,SKU00017,21
2026-03-08,S005,SKU00017,21
2026-03-01,S005,SKU00017,22
2026-02-22,S005,SKU00017,24
2026-04-12,S001,SKU00034,6
2026-04-05,S001,SKU00034,8
2026-03-29,S001,SKU00034,7
2026-03-22,S001,SKU00034,7
2026-03-15,S001,SKU00034,4
2026-03-08,S001,SKU00034,8
2026-03-01,S001,SKU00034,8
2026-02-22,S001,SKU00034,6
2026-04-12,S001,SKU00031,2
2026-04-05,S001,SKU00031,3
2026-03-29,S001,SKU00031,2
2026-03-22,S001,SKU00031,3
2026-03-15,S001,SKU00031,2
2026-03-08,S001,SKU00031,2
2026-03-01,S001,SKU00031,2
2026-02-22,S001,SKU00031,2
2026-04-12,S005,SKU00039,14
2026-04-05,S005,SKU00039,8
2026-03-29,S005,SKU00039,15
2026-03-22,S005,SKU00039,13
2026-03-15,S005,SKU00039,18
2026-03-08,S005,SKU00039,9
2026-03-01,S005,SKU00039,16
2026-02-22,S005,SKU00039,13
2026-04-12,S006,SKU00018,10
2026-04-05,S006,SKU00018,9
2026-03-29,S006,SKU00018,10
2026-03-22,S006,SKU00018,9
2026-03-15,S006,SKU00018,11
2026-03-08,S006,SKU00018,11
2026-03-01,S006,SKU00018,8
2026-02-22,S006,SKU00018,5
2026-04-12,S007,SKU00072,4
2026-04-05,S007,SKU00072,5
2026-03-29,S007,SKU00072,5
2026-03-22,S007,SKU00072,5
2026-03-15,S007,SKU00072,5
2026-03-08,S007,SKU00072,4
2026-03-01,S007,SKU00072,4
2026-02-22,S007,SKU00072,4
2026-04-12,S028,SKU00005,6
2026-04-05,S028,SKU00005,5
2026-03-29,S028,SKU00005,7
2026-03-22,S028,SKU00005,10
2026-03-15,S028,SKU00005,5
2026-03-08,S028,SKU00005,6
2026-03-01,S028,SKU00005,7
2026-02-22,S028,SKU00005,6
2026-04-12,S008,SKU00068,4
2026-04-05,S008,SKU00068,4
2026-03-29,S008,SKU00068,5
2026-03-22,S008,SKU00068,6
2026-03-15,S008,SKU00068,5
2026-03-08,S008,SKU00068,5
2026-03-01,S008,SKU00068,6
2026-02-22,S008,SKU00068,4
2026-04-12,S024,SKU00038,4
2026-04-05,S024,SKU00038,1
2026-03-29,S024,SKU00038,2
2026-03-22,S024,SKU00038,3
2026-03-15,S024,SKU00038,3
2026-03-08,S024,SKU00038,4
2026-03-01,S024,SKU00038,2
2026-04-12,S003,SKU00073,3
2026-04-05,S003,SKU00073,3
2026-03-29,S003,SKU00073,3
2026-03-22,S003,SKU00073,3
2026-03-15,S003,SKU00073,2
2026-03-08,S003,SKU00073,2
2026-03-01,S003,SKU00073,2
2026-02-22,S003,SKU00073,3
2026-04-12,S030,SKU00023,13
2026-04-05,S030,SKU00023,11
2026-03-29,S030,SKU00023,11
2026-03-22,S030,SKU00023,12
2026-03-15,S030,SKU00023,5
2026-03-08,S030,SKU00023,11
2026-03-01,S030,SKU00023,8
2026-02-22,S030,SKU00023,8
2026-04-12,S024,SKU00025,4
2026-04-05,S024,SKU00025,5
2026-03-29,S024,SKU00025,4
2026-03-22,S024,SKU00025,4
2026-03-15,S024,SKU00025,7
2026-03-08,S024,SKU00025,3
2026-03-01,S024,SKU00025,5
2026-02-22,S024,SKU00025,4
2026-04-12,S029,SKU00044,6
2026-04-05,S029,SKU00044,7
2026-03-29,S029,SKU00044,5
2026-03-22,S029,SKU00044,6
2026-03-15,S029,SKU00044,5
2026-03-08,S029,SKU00044,5
2026-02-22,S029,SKU00044,8
2026-04-12,S020,SKU00069,1
2026-03-15,S020,SKU00069,1
2026-04-12,S036,SKU00028,3
2026-04-05,S036,SKU00028,9
2026-03-22,S036,SKU00028,4
2026-03-15,S036,SKU00028,8
2026-03-08,S036,SKU00028,6
2026-03-01,S036,SKU00028,9
2026-02-22,S036,SKU00028,8
2026-04-12,S004,SKU00068,3
2026-04-05,S004,SKU00068,3
2026-03-29,S004,SKU00068,2
2026-03-22,S004,SKU00068,4
2026-03-15,S004,SKU00068,3
2026-03-08,S004,SKU00068,3
2026-03-01,S004,SKU00068,2
2026-02-22,S004,SKU00068,3
2026-04-12,S024,SKU00007,5
2026-04-05,S024,SKU00007,4
2026-03-29,S024,SKU00007,4
2026-03-22,S024,SKU00007,6
2026-03-15,S024,SKU00007,6
2026-03-08,S024,SKU00007,4
2026-03-01,S024,SKU00007,3
2026-02-22,S024,SKU00007,5
2026-04-12,S042,SKU00011,3
2026-04-05,S042,SKU00011,5
2026-03-29,S042,SKU00011,5
2026-03-22,S042,SKU00011,2
2026-03-15,S042,SKU00011,8
2026-03-08,S042,SKU00011,8
2026-03-01,S042,SKU00011,7
2026-02-22,S042,SKU00011,7
2026-04-12,S015,SKU00016,7
2026-04-05,S015,SKU00016,6
2026-03-29,S015,SKU00016,8
2026-03-22,S015,SKU00016,7
2026-03-15,S015,SKU00016,8
2026-03-08,S015,SKU00016,8
2026-03-01,S015,SKU00016,7
2026-02-22,S015,SKU00016,7
2026-04-12,S041,SKU00061,1
2026-04-05,S041,SKU00061,1
2026-03-29,S041,SKU00061,1
2026-03-22,S041,SKU00061,2
2026-03-15,S041,SKU00061,2
2026-03-08,S041,SKU00061,1
2026-03-01,S041,SKU00061,2
2026-02-22,S041,SKU00061,1
2026-04-12,S045,SKU00032,7
2026-04-05,S045,SKU00032,6
2026-03-29,S045,SKU00032,8
2026-03-22,S045,SKU00032,5
2026-03-15,S045,SKU00032,9
2026-03-08,S045,SKU00032,8
2026-03-01,S045,SKU00032,2
2026-02-22,S045,SKU00032,5
2026-04-12,S020,SKU00074,3
2026-04-05,S020,SKU00074,4
2026-03-29,S020,SKU00074,3
2026-03-22,S020,SKU00074,1
2026-03-15,S020,SKU00074,3
2026-03-08,S020,SKU00074,3
2026-03-01,S020,SKU00074,3
2026-02-22,S020,SKU00074,3
2026-04-05,S056,SKU00054,1
2026-03-15,S056,SKU00054,1
2026-04-12,S028,SKU00034,8
2026-04-05,S028,SKU00034,14
2026-03-29,S028,SKU00034,11
2026-03-22,S028,SKU00034,12
2026-03-15,S028,SKU00034,14
2026-03-08,S028,SKU00034,13
2026-03-01,S028,SKU00034,9
2026-02-22,S028,SKU00034,14
2026-04-12,S014,SKU00013,3
2026-04-05,S014,SKU00013,4
2026-03-29,S014,SKU00013,3
2026-03-22,S014,SKU00013,2
2026-03-15,S014,SKU00013,3
2026-03-08,S014,SKU00013,3
2026-03-01,S014,SKU00013,3
2026-02-22,S014,SKU00013,2
2026-04-12,S028,SKU00031,14
2026-04-05,S028,SKU00031,5
2026-03-29,S028,SKU00031,9
2026-03-22,S028,SKU00031,20
2026-03-15,S028,SKU00031,17
2026-03-08,S028,SKU00031,23
2026-03-01,S028,SKU00031,14
2026-02-22,S028,SKU00031,21
2026-04-12,S016,SKU00056,1
2026-04-05,S016,SKU00056,2
2026-03-29,S016,SKU00056,1
2026-03-22,S016,SKU00056,1
2026-03-15,S016,SKU00056,1
2026-03-08,S016,SKU00056,2
2026-03-01,S016,SKU00056,1
2026-02-22,S016,SKU00056,1
2026-04-12,S035,SKU00058,1
2026-04-05,S035,SKU00058,1
2026-03-29,S035,SKU00058,1
2026-03-15,S035,SKU00058,2
2026-03-08,S035,SKU00058,1
2026-03-01,S035,SKU00058,1
2026-02-22,S035,SKU00058,2
2026-04-12,S026,SKU00018,15
2026-04-05,S026,SKU00018,10
2026-03-29,S026,SKU00018,11
2026-03-22,S026,SKU00018,17
2026-03-15,S026,SKU00018,11
2026-03-08,S026,SKU00018,10
2026-03-01,S026,SKU00018,8
2026-02-22,S026,SKU00018,14
2026-04-12,S036,SKU00034,23
2026-04-05,S036,SKU00034,16
2026-03-29,S036,SKU00034,18
2026-03-22,S036,SKU00034,17
2026-03-15,S036,SKU00034,18
2026-03-08,S036,SKU00034,8
2026-03-01,S036,SKU00034,11
2026-02-22,S036,SKU00034,8
2026-04-12,S020,SKU00009,8
2026-04-05,S020,SKU00009,9
2026-03-29,S020,SKU00009,6
2026-03-22,S020,SKU00009,7
2026-03-15,S020,SKU00009,9
2026-03-08,S020,SKU00009,8
2026-03-01,S020,SKU00009,7
2026-02-22,S020,SKU00009,9
2026-04-12,S005,SKU00006,10
2026-04-05,S005,SKU00006,15
2026-03-29,S005,SKU00006,10
2026-03-22,S005,SKU00006,14
2026-03-15,S005,SKU00006,16
2026-03-08,S005,SKU00006,20
2026-03-01,S005,SKU00006,17
2026-02-22,S005,SKU00006,13
2026-04-12,S048,SKU00013,9
2026-04-05,S048,SKU00013,2
2026-03-29,S048,SKU00013,2
2026-03-22,S048,SKU00013,6
2026-03-08,S048,SKU00013,10
2026-03-01,S048,SKU00013,10
2026-02-22,S048,SKU00013,7
2026-04-12,S010,SKU00050,6
2026-04-05,S010,SKU00050,7
2026-03-29,S010,SKU00050,8
2026-03-22,S010,SKU00050,7
2026-03-15,S010,SKU00050,6
2026-03-08,S010,SKU00050,5
2026-03-01,S010,SKU00050,5
2026-02-22,S010,SKU00050,4
2026-04-12,S012,SKU00060,4
2026-04-05,S012,SKU00060,4
2026-03-29,S012,SKU00060,3
2026-03-22,S012,SKU00060,5
2026-03-15,S012,SKU00060,6
2026-03-08,S012,SKU00060,4
2026-03-01,S012,SKU00060,3
2026-02-22,S012,SKU00060,4
2026-04-12,S017,SKU00006,6
2026-04-05,S017,SKU00006,6
2026-03-29,S017,SKU00006,5
2026-03-22,S017,SKU00006,5
2026-03-15,S017,SKU00006,6
2026-03-08,S017,SKU00006,7
2026-03-01,S017,SKU00006,6
2026-02-22,S017,SKU00006,6
2026-04-12,S034,SKU00037,1
2026-04-05,S034,SKU00037,1
2026-03-29,S034,SKU00037,2
2026-03-22,S034,SKU00037,1
2026-03-15,S034,SKU00037,2
2026-03-08,S034,SKU00037,1
2026-03-01,S034,SKU00037,1
2026-02-22,S034,SKU00037,2
2026-04-12,S049,SKU00037,3
2026-04-05,S049,SKU00037,1
2026-03-29,S049,SKU00037,5
2026-03-22,S049,SKU00037,7
2026-03-15,S049,SKU00037,8
2026-03-08,S049,SKU00037,5
2026-03-01,S049,SKU00037,2
2026-02-22,S049,SKU00037,3
2026-04-12,S006,SKU00017,10
2026-04-05,S006,SKU00017,9
2026-03-29,S006,SKU00017,14
2026-03-22,S006,SKU00017,17
2026-03-15,S006,SKU00017,16
2026-03-08,S006,SKU00017,8
2026-03-01,S006,SKU00017,16
2026-02-22,S006,SKU00017,15
2026-04-12,S016,SKU00050,13
2026-04-05,S016,SKU00050,12
2026-03-29,S016,SKU00050,9
2026-03-22,S016,SKU00050,11
2026-03-15,S016,SKU00050,14
2026-03-08,S016,SKU00050,16
2026-03-01,S016,SKU00050,12
2026-02-22,S016,SKU00050,16
2026-04-12,S059,SKU00041,12
2026-04-05,S059,SKU00041,8
2026-03-29,S059,SKU00041,5
2026-03-22,S059,SKU00041,2
2026-03-15,S059,SKU00041,2
2026-03-08,S059,SKU00041,8
2026-03-01,S059,SKU00041,4
2026-02-22,S059,SKU00041,10
2026-04-12,S046,SKU00044,2
2026-04-05,S046,SKU00044,5
2026-03-29,S046,SKU00044,3
2026-03-22,S046,SKU00044,2
2026-03-15,S046,SKU00044,1
2026-03-08,S046,SKU00044,3
2026-03-01,S046,SKU00044,5
2026-04-12,S043,SKU00042,12
2026-04-05,S043,SKU00042,10
2026-03-29,S043,SKU00042,15
2026-03-22,S043,SKU00042,10
2026-03-15,S043,SKU00042,14
2026-03-08,S043,SKU00042,13
2026-03-01,S043,SKU00042,2
2026-02-22,S043,SKU00042,12
2026-03-15,S020,SKU00057,1
2026-02-22,S020,SKU00057,1
2026-04-12,S034,SKU00026,2
2026-04-05,S034,SKU00026,2
2026-03-29,S034,SKU00026,5
2026-03-22,S034,SKU00026,3
2026-03-15,S034,SKU00026,1
2026-03-08,S034,SKU00026,4
2026-03-01,S034,SKU00026,1
2026-02-22,S034,SKU00026,5
2026-04-12,S025,SKU00058,1
2026-04-05,S025,SKU00058,1
2026-03-29,S025,SKU00058,1
2026-03-15,S025,SKU00058,1
2026-03-08,S025,SKU00058,1
2026-03-01,S025,SKU00058,1
2026-02-22,S025,SKU00058,1
2026-04-12,S035,SKU00071,1
2026-03-29,S035,SKU00071,1
2026-03-22,S035,SKU00071,1
2026-03-15,S035,SKU00071,1
2026-03-08,S035,SKU00071,1
2026-03-01,S035,SKU00071,1
2026-02-22,S035,SKU00071,1
2026-04-12,S031,SKU00048,2
2026-04-05,S031,SKU00048,3
2026-03-29,S031,SKU00048,3
2026-03-22,S031,SKU00048,2
2026-03-15,S031,SKU00048,3
2026-03-08,S031,SKU00048,3
2026-03-01,S031,SKU00048,2
2026-02-22,S031,SKU00048,3
2026-04-12,S032,SKU00052,4
2026-04-05,S032,SKU00052,3
2026-03-29,S032,SKU00052,3
2026-03-22,S032,SKU00052,2
2026-03-15,S032,SKU00052,2
2026-03-08,S032,SKU00052,2
2026-03-01,S032,SKU00052,2
2026-02-22,S032,SKU00052,3
2026-04-12,S037,SKU00029,9
2026-04-05,S037,SKU00029,13
2026-03-29,S037,SKU00029,17
2026-03-22,S037,SKU00029,14
2026-03-15,S037,SKU00029,19
2026-03-08,S037,SKU00029,21
2026-03-01,S037,SKU00029,16
2026-02-22,S037,SKU00029,22
2026-04-05,S065,SKU00037,2
2026-03-29,S065,SKU00037,2
2026-03-15,S065,SKU00037,1
2026-03-08,S065,SKU00037,2
2026-02-22,S065,SKU00037,3
2026-04-12,S044,SKU00038,5
2026-04-05,S044,SKU00038,3
2026-03-29,S044,SKU00038,2
2026-03-22,S044,SKU00038,1
2026-03-15,S044,SKU00038,2
2026-03-08,S044,SKU00038,4
2026-03-01,S044,SKU00038,1
2026-02-22,S044,SKU00038,4
2026-04-12,S021,SKU00033,3
2026-04-05,S021,SKU00033,5
2026-03-29,S021,SKU00033,4
2026-03-22,S021,SKU00033,2
2026-03-15,S021,SKU00033,3
2026-03-08,S021,SKU00033,4
2026-03-01,S021,SKU00033,1
2026-02-22,S021,SKU00033,5
2026-04-12,S064,SKU00038,1
2026-04-05,S064,SKU00038,4
2026-03-29,S064,SKU00038,4
2026-03-22,S064,SKU00038,2
2026-03-15,S064,SKU00038,4
2026-03-08,S064,SKU00038,2
2026-03-01,S064,SKU00038,5
2026-02-22,S064,SKU00038,5
2026-04-12,S027,SKU00013,12
2026-04-05,S027,SKU00013,13
2026-03-29,S027,SKU00013,16
2026-03-22,S027,SKU00013,14
2026-03-15,S027,SKU00013,8
2026-03-08,S027,SKU00013,14
2026-03-01,S027,SKU00013,17
2026-02-22,S027,SKU00013,11
2026-04-12,S008,SKU00010,12
2026-04-05,S008,SKU00010,10
2026-03-29,S008,SKU00010,16
2026-03-22,S008,SKU00010,10
2026-03-15,S008,SKU00010,10
2026-03-08,S008,SKU00010,11
2026-03-01,S008,SKU00010,11
2026-02-22,S008,SKU00010,10
2026-04-12,S044,SKU00007,8
2026-04-05,S044,SKU00007,9
2026-03-29,S044,SKU00007,12
2026-03-22,S044,SKU00007,11
2026-03-15,S044,SKU00007,12
2026-03-08,S044,SKU00007,9
2026-03-01,S044,SKU00007,9
2026-02-22,S044,SKU00007,8
2026-04-12,S037,SKU00046,13
2026-04-05,S037,SKU00046,12
2026-03-29,S037,SKU00046,18
2026-03-22,S037,SKU00046,16
2026-03-15,S037,SKU00046,15
2026-03-08,S037,SKU00046,17
2026-03-01,S037,SKU00046,18
2026-02-22,S037,SKU00046,15
2026-04-12,S064,SKU00007,4
2026-04-05,S064,SKU00007,4
2026-03-29,S064,SKU00007,6
2026-03-22,S064,SKU00007,4
2026-03-15,S064,SKU00007,1
2026-03-01,S064,SKU00007,4
2026-04-12,S024,SKU00045,12
2026-04-05,S024,SKU00045,10
2026-03-29,S024,SKU00045,17
2026-03-22,S024,SKU00045,9
2026-03-15,S024,SKU00045,11
2026-03-08,S024,SKU00045,11
2026-03-01,S024,SKU00045,13
2026-02-22,S024,SKU00045,10
2026-04-12,S026,SKU00017,7
2026-04-05,S026,SKU00017,6
2026-03-29,S026,SKU00017,9
2026-03-22,S026,SKU00017,7
2026-03-15,S026,SKU00017,8
2026-03-08,S026,SKU00017,4
2026-03-01,S026,SKU00017,5
2026-02-22,S026,SKU00017,4
2026-04-12,S025,SKU00071,1
2026-04-05,S025,SKU00071,1
2026-03-01,S025,SKU00071,1
2026-04-12,S030,SKU00028,11
2026-04-05,S030,SKU00028,12
2026-03-29,S030,SKU00028,6
2026-03-22,S030,SKU00028,3
2026-03-15,S030,SKU00028,10
2026-03-08,S030,SKU00028,9
2026-03-01,S030,SKU00028,23
2026-02-22,S030,SKU00028,17
2026-04-12,S004,SKU00010,14
2026-04-05,S004,SKU00010,13
2026-03-29,S004,SKU00010,10
2026-03-22,S004,SKU00010,13
2026-03-15,S004,SKU00010,10
2026-03-08,S004,SKU00010,12
2026-03-01,S004,SKU00010,12
2026-02-22,S004,SKU00010,10
2026-04-12,S016,SKU00065,1
2026-04-05,S016,SKU00065,2
2026-03-29,S016,SKU00065,2
2026-03-22,S016,SKU00065,2
2026-03-15,S016,SKU00065,2
2026-03-08,S016,SKU00065,2
2026-03-01,S016,SKU00065,2
2026-02-22,S016,SKU00065,2
2026-04-12,S018,SKU00052,5
2026-04-05,S018,SKU00052,6
2026-03-29,S018,SKU00052,4
2026-03-22,S018,SKU00052,5
2026-03-15,S018,SKU00052,5
2026-03-08,S018,SKU00052,6
2026-03-01,S018,SKU00052,6
2026-02-22,S018,SKU00052,5
2026-04-12,S042,SKU00024,8
2026-04-05,S042,SKU00024,7
2026-03-29,S042,SKU00024,8
2026-03-22,S042,SKU00024,11
2026-03-15,S042,SKU00024,9
2026-03-08,S042,SKU00024,8
2026-03-01,S042,SKU00024,8
2026-02-22,S042,SKU00024,9
2026-04-05,S044,SKU00073,2
2026-03-29,S044,SKU00073,1
2026-03-22,S044,SKU00073,1
2026-03-08,S044,SKU00073,1
2026-03-01,S044,SKU00073,2
2026-02-22,S044,SKU00073,2
2026-04-12,S015,SKU00038,5
2026-04-05,S015,SKU00038,4
2026-03-29,S015,SKU00038,5
2026-03-22,S015,SKU00038,5
2026-03-15,S015,SKU00038,5
2026-03-08,S015,SKU00038,5
2026-03-01,S015,SKU00038,6
2026-02-22,S015,SKU00038,7
2026-04-12,S001,SKU00004,23
2026-04-05,S001,SKU00004,20
2026-03-29,S001,SKU00004,19
2026-03-22,S001,SKU00004,16
2026-03-15,S001,SKU00004,22
2026-03-08,S001,SKU00004,20
2026-03-01,S001,SKU00004,17
2026-02-22,S001,SKU00004,12
2026-04-12,S011,SKU00023,6
2026-04-05,S011,SKU00023,11
2026-03-29,S011,SKU00023,12
2026-03-22,S011,SKU00023,7
2026-03-15,S011,SKU00023,12
2026-03-08,S011,SKU00023,12
2026-03-01,S011,SKU00023,10
2026-02-22,S011,SKU00023,11
2026-04-12,S055,SKU00012,2
2026-04-05,S055,SKU00012,4
2026-03-22,S055,SKU00012,5
2026-03-15,S055,SKU00012,2
2026-03-08,S055,SKU00012,2
2026-03-01,S055,SKU00012,4
2026-04-12,S062,SKU00039,3
2026-04-05,S062,SKU00039,1
2026-03-29,S062,SKU00039,1
2026-03-22,S062,SKU00039,2
2026-03-08,S062,SKU00039,2
2026-03-01,S062,SKU00039,1
2026-02-22,S062,SKU00039,1
2026-04-12,S015,SKU00025,11
2026-04-05,S015,SKU00025,18
2026-03-29,S015,SKU00025,16
2026-03-22,S015,SKU00025,16
2026-03-15,S015,SKU00025,11
2026-03-08,S015,SKU00025,15
2026-03-01,S015,SKU00025,15
2026-02-22,S015,SKU00025,14
2026-04-12,S012,SKU00016,16
2026-04-05,S012,SKU00016,19
2026-03-29,S012,SKU00016,12
2026-03-22,S012,SKU00016,14
2026-03-15,S012,SKU00016,12
2026-03-08,S012,SKU00016,17
2026-03-01,S012,SKU00016,14
2026-02-22,S012,SKU00016,10
2026-04-12,S030,SKU00034,8
2026-04-05,S030,SKU00034,5
2026-03-29,S030,SKU00034,7
2026-03-22,S030,SKU00034,6
2026-03-15,S030,SKU00034,4
2026-03-08,S030,SKU00034,4
2026-03-01,S030,SKU00034,4
2026-02-22,S030,SKU00034,3
2026-04-12,S042,SKU00029,2
2026-04-05,S042,SKU00029,4
2026-03-29,S042,SKU00029,3
2026-03-22,S042,SKU00029,3
2026-03-15,S042,SKU00029,3
2026-03-08,S042,SKU00029,4
2026-03-01,S042,SKU00029,1
2026-02-22,S042,SKU00029,3
2026-04-12,S030,SKU00031,10
2026-04-05,S030,SKU00031,9
2026-03-29,S030,SKU00031,22
2026-03-22,S030,SKU00031,18
2026-03-15,S030,SKU00031,16
2026-03-08,S030,SKU00031,19
2026-03-01,S030,SKU00031,2
2026-02-22,S030,SKU00031,13
2026-04-12,S039,SKU00006,8
2026-04-05,S039,SKU00006,7
2026-03-29,S039,SKU00006,7
2026-03-22,S039,SKU00006,6
2026-03-15,S039,SKU00006,10
2026-03-08,S039,SKU00006,14
2026-03-01,S039,SKU00006,9
2026-02-22,S039,SKU00006,10
2026-04-12,S052,SKU00024,10
2026-04-05,S052,SKU00024,7
2026-03-29,S052,SKU00024,10
2026-03-22,S052,SKU00024,6
2026-03-15,S052,SKU00024,6
2026-03-08,S052,SKU00024,14
2026-03-01,S052,SKU00024,5
2026-02-22,S052,SKU00024,6
2026-04-12,S006,SKU00032,13
2026-04-05,S006,SKU00032,17
2026-03-29,S006,SKU00032,18
2026-03-22,S006,SKU00032,17
2026-03-15,S006,SKU00032,14
2026-03-08,S006,SKU00032,16
2026-03-01,S006,SKU00032,19
2026-02-22,S006,SKU00032,12
2026-04-12,S020,SKU00059,3
2026-04-05,S020,SKU00059,2
2026-03-29,S020,SKU00059,1
2026-03-22,S020,SKU00059,3
2026-03-15,S020,SKU00059,2
2026-03-08,S020,SKU00059,2
2026-03-01,S020,SKU00059,2
2026-02-22,S020,SKU00059,3
2026-04-12,S034,SKU00074,2
2026-04-05,S034,SKU00074,1
2026-03-29,S034,SKU00074,1
2026-03-22,S034,SKU00074,2
2026-03-15,S034,SKU00074,2
2026-03-08,S034,SKU00074,1
2026-03-01,S034,SKU00074,2
2026-02-22,S034,SKU00074,2
2026-03-15,S055,SKU00069,1
2026-02-22,S055,SKU00069,1
2026-04-05,S065,SKU00069,1
2026-04-12,S037,SKU00028,2
2026-04-05,S037,SKU00028,3
2026-03-29,S037,SKU00028,1
2026-03-22,S037,SKU00028,1
2026-03-15,S037,SKU00028,1
2026-03-08,S037,SKU00028,2
2026-03-01,S037,SKU00028,1
2026-02-22,S037,SKU00028,2
2026-04-12,S011,SKU00029,5
2026-04-05,S011,SKU00029,5
2026-03-29,S011,SKU00029,7
2026-03-22,S011,SKU00029,7
2026-03-15,S011,SKU00029,7
2026-03-08,S011,SKU00029,6
2026-03-01,S011,SKU00029,4
2026-02-22,S011,SKU00029,7
2026-04-12,S042,SKU00001,2
2026-04-05,S042,SKU00001,3
2026-03-29,S042,SKU00001,1
2026-03-22,S042,SKU00001,2
2026-03-15,S042,SKU00001,3
2026-03-08,S042,SKU00001,2
2026-03-01,S042,SKU00001,3
2026-02-22,S042,SKU00001,3
2026-04-12,S052,SKU00029,2
2026-04-05,S052,SKU00029,4
2026-03-29,S052,SKU00029,4
2026-03-22,S052,SKU00029,6
2026-03-15,S052,SKU00029,1
2026-03-08,S052,SKU00029,4
2026-03-01,S052,SKU00029,2
2026-02-22,S052,SKU00029,1
2026-04-12,S042,SKU00046,9
2026-04-05,S042,SKU00046,1
2026-03-29,S042,SKU00046,13
2026-03-22,S042,SKU00046,15
2026-03-15,S042,SKU00046,8
2026-03-08,S042,SKU00046,12
2026-03-01,S042,SKU00046,13
2026-02-22,S042,SKU00046,8
2026-04-12,S007,SKU00013,19
2026-04-05,S007,SKU00013,14
2026-03-29,S007,SKU00013,20
2026-03-22,S007,SKU00013,10
2026-03-15,S007,SKU00013,8
2026-03-08,S007,SKU00013,16
2026-03-01,S007,SKU00013,9
2026-02-22,S007,SKU00013,17
2026-04-12,S033,SKU00024,15
2026-04-05,S033,SKU00024,16
2026-03-29,S033,SKU00024,15
2026-03-22,S033,SKU00024,11
2026-03-15,S033,SKU00024,17
2026-03-08,S033,SKU00024,14
2026-03-01,S033,SKU00024,14
2026-02-22,S033,SKU00024,11
2026-04-12,S016,SKU00044,7
2026-04-05,S016,SKU00044,8
2026-03-29,S016,SKU00044,6
2026-03-22,S016,SKU00044,7
2026-03-15,S016,SKU00044,6
2026-03-08,S016,SKU00044,3
2026-03-01,S016,SKU00044,5
2026-02-22,S016,SKU00044,2
2026-04-12,S008,SKU00066,2
2026-04-05,S008,SKU00066,3
2026-03-29,S008,SKU00066,2
2026-03-22,S008,SKU00066,3
2026-03-15,S008,SKU00066,3
2026-03-08,S008,SKU00066,2
2026-03-01,S008,SKU00066,4
2026-02-22,S008,SKU00066,4
2026-04-12,S022,SKU00038,5
2026-04-05,S022,SKU00038,3
2026-03-29,S022,SKU00038,5
2026-03-22,S022,SKU00038,3
2026-03-15,S022,SKU00038,2
2026-03-08,S022,SKU00038,3
2026-03-01,S022,SKU00038,2
2026-02-22,S022,SKU00038,3
2026-04-12,S034,SKU00009,6
2026-04-05,S034,SKU00009,8
2026-03-29,S034,SKU00009,5
2026-03-22,S034,SKU00009,7
2026-03-15,S034,SKU00009,8
2026-03-08,S034,SKU00009,7
2026-03-01,S034,SKU00009,9
2026-02-22,S034,SKU00009,9
2026-04-12,S022,SKU00025,10
2026-04-05,S022,SKU00025,13
2026-03-29,S022,SKU00025,20
2026-03-22,S022,SKU00025,31
2026-03-15,S022,SKU00025,22
2026-03-08,S022,SKU00025,13
2026-03-01,S022,SKU00025,21
2026-02-22,S022,SKU00025,15
2026-04-12,S028,SKU00004,19
2026-04-05,S028,SKU00004,9
2026-03-29,S028,SKU00004,7
2026-03-22,S028,SKU00004,8
2026-03-15,S028,SKU00004,13
2026-03-08,S028,SKU00004,7
2026-03-01,S028,SKU00004,11
2026-02-22,S028,SKU00004,10
2026-04-12,S015,SKU00073,1
2026-04-05,S015,SKU00073,2
2026-03-29,S015,SKU00073,1
2026-03-22,S015,SKU00073,1
2026-03-15,S015,SKU00073,2
2026-03-08,S015,SKU00073,1
2026-03-01,S015,SKU00073,2
2026-02-22,S015,SKU00073,2
2026-04-12,S035,SKU00049,14
2026-04-05,S035,SKU00049,11
2026-03-29,S035,SKU00049,20
2026-03-22,S035,SKU00049,21
2026-03-15,S035,SKU00049,15
2026-03-08,S035,SKU00049,12
2026-03-01,S035,SKU00049,18
2026-02-22,S035,SKU00049,12
2026-04-12,S014,SKU00060,2
2026-04-05,S014,SKU00060,3
2026-03-29,S014,SKU00060,2
2026-03-22,S014,SKU00060,3
2026-03-15,S014,SKU00060,2
2026-03-08,S014,SKU00060,3
2026-03-01,S014,SKU00060,3
2026-02-22,S014,SKU00060,3
2026-04-12,S033,SKU00029,5
2026-04-05,S033,SKU00029,6
2026-03-29,S033,SKU00029,3
2026-03-22,S033,SKU00029,2
2026-03-15,S033,SKU00029,7
2026-03-08,S033,SKU00029,3
2026-03-01,S033,SKU00029,5
2026-02-22,S033,SKU00029,4
2026-04-12,S011,SKU00046,12
2026-04-05,S011,SKU00046,15
2026-03-29,S011,SKU00046,14
2026-03-22,S011,SKU00046,11
2026-03-15,S011,SKU00046,15
2026-03-08,S011,SKU00046,9
2026-03-01,S011,SKU00046,15
2026-02-22,S011,SKU00046,14
2026-04-12,S036,SKU00004,2
2026-04-05,S036,SKU00004,5
2026-03-29,S036,SKU00004,3
2026-03-22,S036,SKU00004,4
2026-03-15,S036,SKU00004,5
2026-03-08,S036,SKU00004,4
2026-03-01,S036,SKU00004,4
2026-02-22,S036,SKU00004,5
2026-04-12,S003,SKU00018,13
2026-04-05,S003,SKU00018,13
2026-03-29,S003,SKU00018,12
2026-03-22,S003,SKU00018,15
2026-03-15,S003,SKU00018,14
2026-03-08,S003,SKU00018,18
2026-03-01,S003,SKU00018,16
2026-02-22,S003,SKU00018,14
2026-04-12,S004,SKU00066,4
2026-04-05,S004,SKU00066,2
2026-03-29,S004,SKU00066,3
2026-03-22,S004,SKU00066,4
2026-03-15,S004,SKU00066,5
2026-03-08,S004,SKU00066,3
2026-03-01,S004,SKU00066,2
2026-02-22,S004,SKU00066,3
2026-04-12,S049,SKU00057,1
2026-04-12,S055,SKU00009,2
2026-03-29,S055,SKU00009,2
2026-03-22,S055,SKU00009,8
2026-03-15,S055,SKU00009,2
2026-03-08,S055,SKU00009,3
2026-03-01,S055,SKU00009,4
2026-02-22,S055,SKU00009,4
2026-04-12,S060,SKU00007,1
2026-04-05,S060,SKU00007,5
2026-03-29,S060,SKU00007,2
2026-03-22,S060,SKU00007,9
2026-03-15,S060,SKU00007,7
2026-03-08,S060,SKU00007,5
2026-03-01,S060,SKU00007,7
2026-04-12,S051,SKU00019,1
2026-04-05,S051,SKU00019,3
2026-03-29,S051,SKU00019,1
2026-03-22,S051,SKU00019,4
2026-03-15,S051,SKU00019,4
2026-03-08,S051,SKU00019,1
2026-03-01,S051,SKU00019,1
2026-02-22,S051,SKU00019,2
2026-04-12,S062,SKU00006,9
2026-04-05,S062,SKU00006,6
2026-03-29,S062,SKU00006,12
2026-03-22,S062,SKU00006,13
2026-03-15,S062,SKU00006,8
2026-03-08,S062,SKU00006,10
2026-03-01,S062,SKU00006,9
2026-02-22,S062,SKU00006,9
2026-04-12,S032,SKU00050,6
2026-04-05,S032,SKU00050,11
2026-03-29,S032,SKU00050,13
2026-03-22,S032,SKU00050,15
2026-03-15,S032,SKU00050,14
2026-03-08,S032,SKU00050,10
2026-03-01,S032,SKU00050,13
2026-02-22,S032,SKU00050,11
2026-04-05,S033,SKU00051,1
2026-02-22,S033,SKU00051,1
2026-04-12,S009,SKU00019,11
2026-04-05,S009,SKU00019,15
2026-03-29,S009,SKU00019,11
2026-03-22,S009,SKU00019,9
2026-03-15,S009,SKU00019,8
2026-03-08,S009,SKU00019,8
2026-03-01,S009,SKU00019,11
2026-02-22,S009,SKU00019,12
2026-04-12,S047,SKU00022,10
2026-04-05,S047,SKU00022,5
2026-03-29,S047,SKU00022,9
2026-03-22,S047,SKU00022,10
2026-03-15,S047,SKU00022,8
2026-03-01,S047,SKU00022,5
2026-02-22,S047,SKU00022,10
2026-04-12,S056,SKU00040,6
2026-04-05,S056,SKU00040,1
2026-03-29,S056,SKU00040,8
2026-03-22,S056,SKU00040,13
2026-03-08,S056,SKU00040,10
2026-03-01,S056,SKU00040,6
2026-02-22,S056,SKU00040,8
2026-04-12,S013,SKU00068,1
2026-04-05,S013,SKU00068,3
2026-03-29,S013,SKU00068,3
2026-03-22,S013,SKU00068,2
2026-03-15,S013,SKU00068,4
2026-03-08,S013,SKU00068,2
2026-03-01,S013,SKU00068,2
2026-02-22,S013,SKU00068,3
2026-04-12,S033,SKU00046,9
2026-04-05,S033,SKU00046,18
2026-03-29,S033,SKU00046,17
2026-03-22,S033,SKU00046,21
2026-03-15,S033,SKU00046,14
2026-03-08,S033,SKU00046,14
2026-03-01,S033,SKU00046,14
2026-02-22,S033,SKU00046,12
2026-04-05,S065,SKU00057,1
2026-03-29,S065,SKU00057,1
2026-03-22,S065,SKU00057,1
2026-03-08,S065,SKU00057,1
2026-04-12,S010,SKU00067,1
2026-04-05,S010,SKU00067,1
2026-03-29,S010,SKU00067,2
2026-03-22,S010,SKU00067,2
2026-03-15,S010,SKU00067,1
2026-03-08,S010,SKU00067,2
2026-03-01,S010,SKU00067,1
2026-02-22,S010,SKU00067,1
2026-04-12,S042,SKU00005,2
2026-04-05,S042,SKU00005,1
2026-03-29,S042,SKU00005,3
2026-03-22,S042,SKU00005,1
2026-03-15,S042,SKU00005,2
2026-03-08,S042,SKU00005,2
2026-03-01,S042,SKU00005,1
2026-02-22,S042,SKU00005,1
2026-04-12,S025,SKU00049,3
2026-04-05,S025,SKU00049,2
2026-03-29,S025,SKU00049,2
2026-03-22,S025,SKU00049,3
2026-03-15,S025,SKU00049,3
2026-03-08,S025,SKU00049,2
2026-03-01,S025,SKU00049,2
2026-02-22,S025,SKU00049,2
2026-04-12,S020,SKU00047,18
2026-04-05,S020,SKU00047,20
2026-03-29,S020,SKU00047,18
2026-03-22,S020,SKU00047,17
2026-03-15,S020,SKU00047,12
2026-03-08,S020,SKU00047,18
2026-03-01,S020,SKU00047,14
2026-02-22,S020,SKU00047,13
2026-04-12,S029,SKU00024,14
2026-04-05,S029,SKU00024,9
2026-03-29,S029,SKU00024,7
2026-03-22,S029,SKU00024,11
2026-03-15,S029,SKU00024,9
2026-03-08,S029,SKU00024,9
2026-03-01,S029,SKU00024,6
2026-02-22,S029,SKU00024,16
2026-04-12,S052,SKU00005,3
2026-04-05,S052,SKU00005,2
2026-03-29,S052,SKU00005,1
2026-03-22,S052,SKU00005,2
2026-03-15,S052,SKU00005,2
2026-03-08,S052,SKU00005,4
2026-03-01,S052,SKU00005,1
2026-02-22,S052,SKU00005,6
2026-04-12,S004,SKU00021,19
2026-04-05,S004,SKU00021,22
2026-03-29,S004,SKU00021,30
2026-03-22,S004,SKU00021,22
2026-03-15,S004,SKU00021,29
2026-03-08,S004,SKU00021,30
2026-03-01,S004,SKU00021,26
2026-02-22,S004,SKU00021,23
2026-04-12,S027,SKU00060,4
2026-04-05,S027,SKU00060,2
2026-03-29,S027,SKU00060,2
2026-03-22,S027,SKU00060,2
2026-03-15,S027,SKU00060,3
2026-03-08,S027,SKU00060,3
2026-03-01,S027,SKU00060,3
2026-02-22,S027,SKU00060,3
2026-04-12,S036,SKU00015,3
2026-04-05,S036,SKU00015,3
2026-03-29,S036,SKU00015,3
2026-03-22,S036,SKU00015,2
2026-03-15,S036,SKU00015,2
2026-03-08,S036,SKU00015,2
2026-03-01,S036,SKU00015,3
2026-02-22,S036,SKU00015,3
2026-04-12,S011,SKU00028,17
2026-04-05,S011,SKU00028,21
2026-03-29,S011,SKU00028,19
2026-03-22,S011,SKU00028,19
2026-03-15,S011,SKU00028,22
2026-03-08,S011,SKU00028,25
2026-03-01,S011,SKU00028,21
2026-02-22,S011,SKU00028,19
2026-04-12,S019,SKU00056,3
2026-04-05,S019,SKU00056,2
2026-03-29,S019,SKU00056,3
2026-03-22,S019,SKU00056,5
2026-03-15,S019,SKU00056,4
2026-03-08,S019,SKU00056,4
2026-03-01,S019,SKU00056,5
2026-02-22,S019,SKU00056,3
2026-04-12,S042,SKU00034,7
2026-04-05,S042,SKU00034,7
2026-03-29,S042,SKU00034,6
2026-03-22,S042,SKU00034,5
2026-03-15,S042,SKU00034,4
2026-03-08,S042,SKU00034,4
2026-03-01,S042,SKU00034,7
2026-02-22,S042,SKU00034,6
2026-04-12,S012,SKU00025,8
2026-04-05,S012,SKU00025,5
2026-03-29,S012,SKU00025,6
2026-03-22,S012,SKU00025,9
2026-03-15,S012,SKU00025,8
2026-03-08,S012,SKU00025,8
2026-03-01,S012,SKU00025,6
2026-02-22,S012,SKU00025,9
2026-04-12,S003,SKU00017,17
2026-04-05,S003,SKU00017,11
2026-03-29,S003,SKU00017,15
2026-03-22,S003,SKU00017,17
2026-03-15,S003,SKU00017,18
2026-03-08,S003,SKU00017,14
2026-03-01,S003,SKU00017,17
2026-02-22,S003,SKU00017,18
2026-04-05,S033,SKU00005,1
2026-03-29,S033,SKU00005,2
2026-03-22,S033,SKU00005,1
2026-03-15,S033,SKU00005,1
2026-03-08,S033,SKU00005,3
2026-03-01,S033,SKU00005,2
2026-02-22,S033,SKU00005,2
2026-04-12,S058,SKU00013,5
2026-04-05,S058,SKU00013,4
2026-03-29,S058,SKU00013,4
2026-03-15,S058,SKU00013,2
2026-03-01,S058,SKU00013,1
2026-02-22,S058,SKU00013,5
2026-04-12,S030,SKU00035,3
2026-04-05,S030,SKU00035,3
2026-03-29,S030,SKU00035,2
2026-03-22,S030,SKU00035,2
2026-03-08,S030,SKU00035,1
2026-03-01,S030,SKU00035,3
2026-02-22,S030,SKU00035,2
2026-03-15,S063,SKU00060,1
2026-03-08,S063,SKU00060,1
2026-04-12,S040,SKU00009,1
2026-04-05,S040,SKU00009,1
2026-03-29,S040,SKU00009,1
2026-03-22,S040,SKU00009,2
2026-03-15,S040,SKU00009,2
2026-03-08,S040,SKU00009,1
2026-03-01,S040,SKU00009,1
2026-02-22,S040,SKU00009,2
2026-04-12,S014,SKU00016,19
2026-04-05,S014,SKU00016,19
2026-03-29,S014,SKU00016,32
2026-03-22,S014,SKU00016,22
2026-03-15,S014,SKU00016,21
2026-03-08,S014,SKU00016,17
2026-03-01,S014,SKU00016,26
2026-02-22,S014,SKU00016,24
2026-04-12,S011,SKU00034,3
2026-04-05,S011,SKU00034,2
2026-03-29,S011,SKU00034,3
2026-03-22,S011,SKU00034,3
2026-03-15,S011,SKU00034,2
2026-03-08,S011,SKU00034,3
2026-03-01,S011,SKU00034,3
2026-02-22,S011,SKU00034,4
2026-04-12,S022,SKU00045,8
2026-04-05,S022,SKU00045,3
2026-03-29,S022,SKU00045,18
2026-03-22,S022,SKU00045,11
2026-03-15,S022,SKU00045,10
2026-03-08,S022,SKU00045,20
2026-03-01,S022,SKU00045,9
2026-02-22,S022,SKU00045,13
2026-04-12,S011,SKU00031,3
2026-04-05,S011,SKU00031,4
2026-03-29,S011,SKU00031,3
2026-03-22,S011,SKU00031,3
2026-03-15,S011,SKU00031,4
2026-03-08,S011,SKU00031,3
2026-03-01,S011,SKU00031,3
2026-02-22,S011,SKU00031,4
2026-04-12,S023,SKU00060,1
2026-04-05,S023,SKU00060,1
2026-03-29,S023,SKU00060,1
2026-03-15,S023,SKU00060,1
2026-03-08,S023,SKU00060,1
2026-03-01,S023,SKU00060,1
2026-02-22,S023,SKU00060,1
2026-04-12,S049,SKU00059,2
2026-04-05,S049,SKU00059,2
2026-03-29,S049,SKU00059,2
2026-03-15,S049,SKU00059,1
2026-03-01,S049,SKU00059,2
2026-04-12,S052,SKU00034,18
2026-04-05,S052,SKU00034,9
2026-03-29,S052,SKU00034,7
2026-03-22,S052,SKU00034,9
2026-03-15,S052,SKU00034,11
2026-03-08,S052,SKU00034,10
2026-03-01,S052,SKU00034,7
2026-02-22,S052,SKU00034,14
2026-04-12,S048,SKU00016,4
2026-04-05,S048,SKU00016,5
2026-03-29,S048,SKU00016,9
2026-03-22,S048,SKU00016,8
2026-03-15,S048,SKU00016,4
2026-03-08,S048,SKU00016,4
2026-03-01,S048,SKU00016,9
2026-02-22,S048,SKU00016,5
2026-04-12,S051,SKU00063,2
2026-04-05,S051,SKU00063,1
2026-03-29,S051,SKU00063,1
2026-03-22,S051,SKU00063,1
2026-03-15,S051,SKU00063,1
2026-03-08,S051,SKU00063,1
2026-03-01,S051,SKU00063,1
2026-04-12,S045,SKU00055,1
2026-04-05,S045,SKU00055,2
2026-03-29,S045,SKU00055,1
2026-03-22,S045,SKU00055,1
2026-03-15,S045,SKU00055,1
2026-03-08,S045,SKU00055,1
2026-03-01,S045,SKU00055,1
2026-02-22,S045,SKU00055,2
2026-04-12,S005,SKU00056,3
2026-04-05,S005,SKU00056,4
2026-03-29,S005,SKU00056,4
2026-03-22,S005,SKU00056,3
2026-03-15,S005,SKU00056,3
2026-03-08,S005,SKU00056,3
2026-03-01,S005,SKU00056,3
2026-02-22,S005,SKU00056,3
2026-04-12,S024,SKU00041,3
2026-04-05,S024,SKU00041,9
2026-03-29,S024,SKU00041,6
2026-03-22,S024,SKU00041,8
2026-03-15,S024,SKU00041,9
2026-03-08,S024,SKU00041,2
2026-03-01,S024,SKU00041,6
2026-04-12,S009,SKU00008,26
2026-04-05,S009,SKU00008,28
2026-03-29,S009,SKU00008,17
2026-03-22,S009,SKU00008,24
2026-03-15,S009,SKU00008,26
2026-03-08,S009,SKU00008,19
2026-03-01,S009,SKU00008,18
2026-02-22,S009,SKU00008,22
2026-04-12,S001,SKU00022,17
2026-04-05,S001,SKU00022,17
2026-03-29,S001,SKU00022,18
2026-03-22,S001,SKU00022,16
2026-03-15,S001,SKU00022,16
2026-03-08,S001,SKU00022,18
2026-03-01,S001,SKU00022,14
2026-02-22,S001,SKU00022,17
2026-04-12,S001,SKU00002,10
2026-04-05,S001,SKU00002,13
2026-03-29,S001,SKU00002,15
2026-03-22,S001,SKU00002,13
2026-03-15,S001,SKU00002,11
2026-03-08,S001,SKU00002,15
2026-03-01,S001,SKU00002,14
2026-02-22,S001,SKU00002,14
2026-04-12,S009,SKU00063,1
2026-04-05,S009,SKU00063,1
2026-03-29,S009,SKU00063,1
2026-03-22,S009,SKU00063,1
2026-03-15,S009,SKU00063,1
2026-03-08,S009,SKU00063,1
2026-03-01,S009,SKU00063,1
2026-02-22,S009,SKU00063,1
2026-04-12,S019,SKU00019,5
2026-04-05,S019,SKU00019,5
2026-03-29,S019,SKU00019,6
2026-03-22,S019,SKU00019,3
2026-03-15,S019,SKU00019,5
2026-03-08,S019,SKU00019,4
2026-03-01,S019,SKU00019,4
2026-02-22,S019,SKU00019,4
2026-04-12,S012,SKU00073,2
2026-04-05,S012,SKU00073,3
2026-03-29,S012,SKU00073,2
2026-03-22,S012,SKU00073,2
2026-03-15,S012,SKU00073,2
2026-03-08,S012,SKU00073,3
2026-03-01,S012,SKU00073,2
2026-02-22,S012,SKU00073,1
2026-04-12,S033,SKU00034,5
2026-04-05,S033,SKU00034,8
2026-03-29,S033,SKU00034,5
2026-03-22,S033,SKU00034,2
2026-03-15,S033,SKU00034,5
2026-03-08,S033,SKU00034,6
2026-03-01,S033,SKU00034,8
2026-02-22,S033,SKU00034,5
2026-04-12,S033,SKU00031,4
2026-04-05,S033,SKU00031,3
2026-03-29,S033,SKU00031,3
2026-03-22,S033,SKU00031,9
2026-03-15,S033,SKU00031,6
2026-03-08,S033,SKU00031,4
2026-03-01,S033,SKU00031,4
2026-02-22,S033,SKU00031,6
2026-04-12,S057,SKU00033,1
2026-04-05,S057,SKU00033,1
2026-03-29,S057,SKU00033,2
2026-03-22,S057,SKU00033,1
2026-03-15,S057,SKU00033,2
2026-03-08,S057,SKU00033,2
2026-03-01,S057,SKU00033,1
2026-02-22,S057,SKU00033,2
2026-04-12,S019,SKU00055,2
2026-04-05,S019,SKU00055,3
2026-03-29,S019,SKU00055,3
2026-03-22,S019,SKU00055,3
2026-03-15,S019,SKU00055,3
2026-03-08,S019,SKU00055,2
2026-03-01,S019,SKU00055,2
2026-02-22,S019,SKU00055,3
2026-04-12,S040,SKU00033,5
2026-04-05,S040,SKU00033,6
2026-03-29,S040,SKU00033,5
2026-03-22,S040,SKU00033,5
2026-03-15,S040,SKU00033,3
2026-03-08,S040,SKU00033,4
2026-03-01,S040,SKU00033,5
2026-02-22,S040,SKU00033,5
2026-04-12,S056,SKU00042,10
2026-04-05,S056,SKU00042,5
2026-03-29,S056,SKU00042,1
2026-03-22,S056,SKU00042,3
2026-03-15,S056,SKU00042,7
2026-03-08,S056,SKU00042,3
2026-03-01,S056,SKU00042,3
2026-02-22,S056,SKU00042,4
2026-04-12,S031,SKU00064,1
2026-04-05,S031,SKU00064,2
2026-03-29,S031,SKU00064,1
2026-03-22,S031,SKU00064,1
2026-03-15,S031,SKU00064,1
2026-03-08,S031,SKU00064,2
2026-03-01,S031,SKU00064,1
2026-02-22,S031,SKU00064,1
2026-04-12,S013,SKU00010,26
2026-04-05,S013,SKU00010,25
2026-03-29,S013,SKU00010,25
2026-03-22,S013,SKU00010,23
2026-03-15,S013,SKU00010,21
2026-03-08,S013,SKU00010,26
2026-03-01,S013,SKU00010,25
2026-02-22,S013,SKU00010,21
2026-04-12,S035,SKU00043,12
2026-04-05,S035,SKU00043,5
2026-03-29,S035,SKU00043,8
2026-03-22,S035,SKU00043,12
2026-03-15,S035,SKU00043,10
2026-03-08,S035,SKU00043,6
2026-03-01,S035,SKU00043,9
2026-02-22,S035,SKU00043,12
2026-04-12,S017,SKU00050,4
2026-04-05,S017,SKU00050,2
2026-03-29,S017,SKU00050,4
2026-03-22,S017,SKU00050,2
2026-03-15,S017,SKU00050,5
2026-03-08,S017,SKU00050,4
2026-03-01,S017,SKU00050,3
2026-02-22,S017,SKU00050,3
2026-04-12,S056,SKU00027,5
2026-04-05,S056,SKU00027,4
2026-03-29,S056,SKU00027,7
2026-03-22,S056,SKU00027,8
2026-03-15,S056,SKU00027,8
2026-03-08,S056,SKU00027,8
2026-03-01,S056,SKU00027,7
2026-02-22,S056,SKU00027,8
2026-04-12,S005,SKU00019,5
2026-04-05,S005,SKU00019,4
2026-03-29,S005,SKU00019,5
2026-03-22,S005,SKU00019,4
2026-03-15,S005,SKU00019,5
2026-03-08,S005,SKU00019,5
2026-03-01,S005,SKU00019,6
2026-02-22,S005,SKU00019,5
2026-04-12,S027,SKU00016,14
2026-04-05,S027,SKU00016,14
2026-03-29,S027,SKU00016,10
2026-03-22,S027,SKU00016,15
2026-03-15,S027,SKU00016,5
2026-03-08,S027,SKU00016,13
2026-03-01,S027,SKU00016,11
2026-02-22,S027,SKU00016,9
2026-04-12,S043,SKU00030,17
2026-04-05,S043,SKU00030,6
2026-03-29,S043,SKU00030,15
2026-03-22,S043,SKU00030,19
2026-03-15,S043,SKU00030,13
2026-03-08,S043,SKU00030,8
2026-03-01,S043,SKU00030,18
2026-02-22,S043,SKU00030,21
2026-04-12,S043,SKU00035,12
2026-04-05,S043,SKU00035,17
2026-03-29,S043,SKU00035,13
2026-03-22,S043,SKU00035,7
2026-03-15,S043,SKU00035,17
2026-03-08,S043,SKU00035,8
2026-03-01,S043,SKU00035,13
2026-02-22,S043,SKU00035,14
2026-04-12,S012,SKU00036,5
2026-04-05,S012,SKU00036,7
2026-03-29,S012,SKU00036,5
2026-03-22,S012,SKU00036,7
2026-03-15,S012,SKU00036,7
2026-03-08,S012,SKU00036,6
2026-03-01,S012,SKU00036,7
2026-02-22,S012,SKU00036,9
2026-04-12,S037,SKU00004,6
2026-04-05,S037,SKU00004,9
2026-03-29,S037,SKU00004,6
2026-03-22,S037,SKU00004,5
2026-03-15,S037,SKU00004,8
2026-03-08,S037,SKU00004,7
2026-03-01,S037,SKU00004,9
2026-02-22,S037,SKU00004,9
2026-04-12,S049,SKU00013,18
2026-04-05,S049,SKU00013,2
2026-03-29,S049,SKU00013,17
2026-03-22,S049,SKU00013,8
2026-03-15,S049,SKU00013,4
2026-03-08,S049,SKU00013,9
2026-03-01,S049,SKU00013,16
2026-02-22,S049,SKU00013,13
2026-04-12,S036,SKU00022,3
2026-04-05,S036,SKU00022,3
2026-03-29,S036,SKU00022,2
2026-03-22,S036,SKU00022,3
2026-03-15,S036,SKU00022,2
2026-03-08,S036,SKU00022,5
2026-03-01,S036,SKU00022,2
2026-02-22,S036,SKU00022,5
2026-03-08,S041,SKU00063,1
2026-02-22,S041,SKU00063,2
2026-04-12,S030,SKU00015,8
2026-04-05,S030,SKU00015,11
2026-03-29,S030,SKU00015,13
2026-03-22,S030,SKU00015,10
2026-03-15,S030,SKU00015,17
2026-03-08,S030,SKU00015,15
2026-03-01,S030,SKU00015,17
2026-02-22,S030,SKU00015,10
2026-04-12,S003,SKU00032,9
2026-04-05,S003,SKU00032,8
2026-03-29,S003,SKU00032,8
2026-03-22,S003,SKU00032,5
2026-03-15,S003,SKU00032,8
2026-03-08,S003,SKU00032,8
2026-03-01,S003,SKU00032,11
2026-02-22,S003,SKU00032,7
2026-04-12,S025,SKU00043,5
2026-04-05,S025,SKU00043,6
2026-03-29,S025,SKU00043,6
2026-03-22,S025,SKU00043,5
2026-03-15,S025,SKU00043,10
2026-03-08,S025,SKU00043,7
2026-03-01,S025,SKU00043,5
2026-02-22,S025,SKU00043,10
2026-04-12,S012,SKU00045,10
2026-04-05,S012,SKU00045,7
2026-03-29,S012,SKU00045,8
2026-03-22,S012,SKU00045,9
2026-03-15,S012,SKU00045,8
2026-03-08,S012,SKU00045,11
2026-03-01,S012,SKU00045,8
2026-02-22,S012,SKU00045,8
2026-04-12,S029,SKU00034,1
2026-04-05,S029,SKU00034,2
2026-03-29,S029,SKU00034,1
2026-03-22,S029,SKU00034,1
2026-03-15,S029,SKU00034,1
2026-03-08,S029,SKU00034,2
2026-03-01,S029,SKU00034,2
2026-04-12,S057,SKU00058,2
2026-04-05,S057,SKU00058,1
2026-03-29,S057,SKU00058,1
2026-02-22,S057,SKU00058,1
2026-04-12,S029,SKU00031,3
2026-04-05,S029,SKU00031,2
2026-03-29,S029,SKU00031,4
2026-03-22,S029,SKU00031,2
2026-03-15,S029,SKU00031,6
2026-03-08,S029,SKU00031,1
2026-03-01,S029,SKU00031,5
2026-02-22,S029,SKU00031,5
2026-04-12,S045,SKU00008,2
2026-04-05,S045,SKU00008,4
2026-03-29,S045,SKU00008,3
2026-03-22,S045,SKU00008,1
2026-03-15,S045,SKU00008,1
2026-03-08,S045,SKU00008,3
2026-03-01,S045,SKU00008,1
2026-02-22,S045,SKU00008,3
2026-03-22,S038,SKU00060,1
2026-03-08,S038,SKU00060,1
2026-04-12,S047,SKU00069,1
2026-04-05,S047,SKU00069,1
2026-03-29,S047,SKU00069,2
2026-03-22,S047,SKU00069,2
2026-03-15,S047,SKU00069,1
2026-03-08,S047,SKU00069,1
2026-03-01,S047,SKU00069,2
2026-02-22,S047,SKU00069,1
2026-04-05,S059,SKU00056,2
2026-03-29,S059,SKU00056,1
2026-03-22,S059,SKU00056,3
2026-03-15,S059,SKU00056,1
2026-03-08,S059,SKU00056,1
2026-03-01,S059,SKU00056,2
2026-02-22,S059,SKU00056,2
2026-04-05,S064,SKU00041,1
2026-03-29,S064,SKU00041,1
2026-03-22,S064,SKU00041,1
2026-03-15,S064,SKU00041,1
2026-03-01,S064,SKU00041,1
2026-04-12,S014,SKU00038,21
2026-04-05,S014,SKU00038,10
2026-03-29,S014,SKU00038,21
2026-03-22,S014,SKU00038,15
2026-03-15,S014,SKU00038,22
2026-03-08,S014,SKU00038,16
2026-03-01,S014,SKU00038,21
2026-02-22,S014,SKU00038,17
2026-04-12,S017,SKU00065,2
2026-04-05,S017,SKU00065,2
2026-03-29,S017,SKU00065,1
2026-03-22,S017,SKU00065,2
2026-03-15,S017,SKU00065,1
2026-03-08,S017,SKU00065,2
2026-03-01,S017,SKU00065,2
2026-02-22,S017,SKU00065,1
2026-04-12,S013,SKU00066,1
2026-03-29,S013,SKU00066,1
2026-03-15,S013,SKU00066,1
2026-03-01,S013,SKU00066,1
2026-02-22,S013,SKU00066,1
2026-04-12,S016,SKU00023,20
2026-04-05,S016,SKU00023,15
2026-03-29,S016,SKU00023,25
2026-03-22,S016,SKU00023,22
2026-03-15,S016,SKU00023,19
2026-03-08,S016,SKU00023,20
2026-03-01,S016,SKU00023,23
2026-02-22,S016,SKU00023,28
2026-04-12,S014,SKU00025,4
2026-04-05,S014,SKU00025,4
2026-03-29,S014,SKU00025,4
2026-03-22,S014,SKU00025,5
2026-03-15,S014,SKU00025,3
2026-03-08,S014,SKU00025,3
2026-03-01,S014,SKU00025,3
2026-02-22,S014,SKU00025,4
2026-04-12,S019,SKU00008,4
2026-04-05,S019,SKU00008,8
2026-03-29,S019,SKU00008,7
2026-03-22,S019,SKU00008,7
2026-03-15,S019,SKU00008,4
2026-03-08,S019,SKU00008,6
2026-03-01,S019,SKU00008,7
2026-02-22,S019,SKU00008,6
2026-03-01,S019,SKU00063,1
2026-04-12,S039,SKU00056,1
2026-03-22,S039,SKU00056,1
2026-03-08,S039,SKU00056,1
2026-03-01,S039,SKU00056,1
2026-04-12,S001,SKU00026,10
2026-04-05,S001,SKU00026,11
2026-03-29,S001,SKU00026,10
2026-03-22,S001,SKU00026,10
2026-03-15,S001,SKU00026,11
2026-03-08,S001,SKU00026,13
2026-03-01,S001,SKU00026,11
2026-02-22,S001,SKU00026,8
2026-04-12,S008,SKU00052,3
2026-04-05,S008,SKU00052,2
2026-03-29,S008,SKU00052,2
2026-03-22,S008,SKU00052,2
2026-03-15,S008,SKU00052,2
2026-03-08,S008,SKU00052,3
2026-03-01,S008,SKU00052,3
2026-02-22,S008,SKU00052,3
2026-04-12,S044,SKU00039,7
2026-04-05,S044,SKU00039,6
2026-03-29,S044,SKU00039,4
2026-03-22,S044,SKU00039,4
2026-03-15,S044,SKU00039,7
2026-03-08,S044,SKU00039,4
2026-03-01,S044,SKU00039,4
2026-02-22,S044,SKU00039,5
2026-04-12,S064,SKU00017,3
2026-04-05,S064,SKU00017,3
2026-03-29,S064,SKU00017,1
2026-03-22,S064,SKU00017,2
2026-03-15,S064,SKU00017,1
2026-03-08,S064,SKU00017,2
2026-03-01,S064,SKU00017,5
2026-02-22,S064,SKU00017,2
2026-04-12,S048,SKU00038,7
2026-04-05,S048,SKU00038,5
2026-03-29,S048,SKU00038,11
2026-03-22,S048,SKU00038,8
2026-03-15,S048,SKU00038,12
2026-03-08,S048,SKU00038,3
2026-03-01,S048,SKU00038,2
2026-02-22,S048,SKU00038,6
2026-04-12,S014,SKU00007,7
2026-04-05,S014,SKU00007,21
2026-03-29,S014,SKU00007,14
2026-03-22,S014,SKU00007,18
2026-03-15,S014,SKU00007,22
2026-03-08,S014,SKU00007,13
2026-03-01,S014,SKU00007,14
2026-02-22,S014,SKU00007,16
2026-04-12,S051,SKU00040,1
2026-04-05,S051,SKU00040,4
2026-03-29,S051,SKU00040,3
2026-03-22,S051,SKU00040,2
2026-03-15,S051,SKU00040,2
2026-03-08,S051,SKU00040,2
2026-03-01,S051,SKU00040,4
2026-02-22,S051,SKU00040,4
2026-04-05,S048,SKU00025,3
2026-03-29,S048,SKU00025,1
2026-03-22,S048,SKU00025,3
2026-03-15,S048,SKU00025,1
2026-03-08,S048,SKU00025,3
2026-03-01,S048,SKU00025,2
2026-02-22,S048,SKU00025,1
2026-04-12,S057,SKU00071,1
2026-03-29,S057,SKU00071,1
2026-03-22,S057,SKU00071,1
2026-03-08,S057,SKU00071,1
2026-02-22,S057,SKU00071,1
2026-04-12,S042,SKU00004,10
2026-04-05,S042,SKU00004,10
2026-03-29,S042,SKU00004,8
2026-03-22,S042,SKU00004,9
2026-03-15,S042,SKU00004,13
2026-03-08,S042,SKU00004,14
2026-03-01,S042,SKU00004,11
2026-02-22,S042,SKU00004,9
2026-04-12,S011,SKU00070,4
2026-04-05,S011,SKU00070,4
2026-03-29,S011,SKU00070,4
2026-03-22,S011,SKU00070,5
2026-03-15,S011,SKU00070,4
2026-03-08,S011,SKU00070,4
2026-03-01,S011,SKU00070,3
2026-02-22,S011,SKU00070,3
2026-04-12,S061,SKU00074,2
2026-04-05,S061,SKU00074,2
2026-03-29,S061,SKU00074,1
2026-03-22,S061,SKU00074,2
2026-03-15,S061,SKU00074,1
2026-03-08,S061,SKU00074,2
2026-03-01,S061,SKU00074,2
2026-02-22,S061,SKU00074,1
2026-04-12,S018,SKU00067,2
2026-04-05,S018,SKU00067,2
2026-03-29,S018,SKU00067,2
2026-03-22,S018,SKU00067,2
2026-03-15,S018,SKU00067,1
2026-03-08,S018,SKU00067,2
2026-03-01,S018,SKU00067,2
2026-02-22,S018,SKU00067,1
2026-04-12,S048,SKU00007,4
2026-04-05,S048,SKU00007,4
2026-03-29,S048,SKU00007,4
2026-03-22,S048,SKU00007,2
2026-03-15,S048,SKU00007,3
2026-03-01,S048,SKU00007,2
2026-02-22,S048,SKU00007,2
2026-04-12,S004,SKU00052,1
2026-04-05,S004,SKU00052,3
2026-03-29,S004,SKU00052,3
2026-03-22,S004,SKU00052,3
2026-03-15,S004,SKU00052,2
2026-03-08,S004,SKU00052,1
2026-03-01,S004,SKU00052,2
2026-02-22,S004,SKU00052,2
2026-04-12,S016,SKU00029,21
2026-04-05,S016,SKU00029,18
2026-03-29,S016,SKU00029,28
2026-03-22,S016,SKU00029,20
2026-03-15,S016,SKU00029,21
2026-03-08,S016,SKU00029,25
2026-03-01,S016,SKU00029,23
2026-02-22,S016,SKU00029,30
2026-04-12,S010,SKU00051,1
2026-04-05,S010,SKU00051,1
2026-03-29,S010,SKU00051,1
2026-03-15,S010,SKU00051,1
2026-03-08,S010,SKU00051,1
2026-03-01,S010,SKU00051,1
2026-02-22,S010,SKU00051,1
2026-04-12,S054,SKU00007,3
2026-04-05,S054,SKU00007,2
2026-03-29,S054,SKU00007,4
2026-03-22,S054,SKU00007,5
2026-03-15,S054,SKU00007,5
2026-03-08,S054,SKU00007,1
2026-02-22,S054,SKU00007,4
2026-04-12,S005,SKU00063,4
2026-04-05,S005,SKU00063,5
2026-03-29,S005,SKU00063,4
2026-03-22,S005,SKU00063,5
2026-03-15,S005,SKU00063,6
2026-03-08,S005,SKU00063,4
2026-03-01,S005,SKU00063,3
2026-02-22,S005,SKU00063,4
2026-04-12,S005,SKU00044,12
2026-04-05,S005,SKU00044,12
2026-03-29,S005,SKU00044,13
2026-03-22,S005,SKU00044,16
2026-03-15,S005,SKU00044,9
2026-03-08,S005,SKU00044,11
2026-03-01,S005,SKU00044,11
2026-02-22,S005,SKU00044,11
2026-04-12,S010,SKU00001,28
2026-04-05,S010,SKU00001,31
2026-03-29,S010,SKU00001,22
2026-03-22,S010,SKU00001,31
2026-03-15,S010,SKU00001,21
2026-03-08,S010,SKU00001,27
2026-03-01,S010,SKU00001,22
2026-02-22,S010,SKU00001,23
2026-04-12,S010,SKU00046,10
2026-04-05,S010,SKU00046,10
2026-03-29,S010,SKU00046,9
2026-03-22,S010,SKU00046,13
2026-03-15,S010,SKU00046,10
2026-03-08,S010,SKU00046,12
2026-03-01,S010,SKU00046,8
2026-02-22,S010,SKU00046,10
2026-04-12,S014,SKU00073,2
2026-04-05,S014,SKU00073,2
2026-03-29,S014,SKU00073,3
2026-03-22,S014,SKU00073,3
2026-03-15,S014,SKU00073,4
2026-03-08,S014,SKU00073,4
2026-03-01,S014,SKU00073,4
2026-02-22,S014,SKU00073,3
2026-04-12,S020,SKU00043,14
2026-04-05,S020,SKU00043,9
2026-03-29,S020,SKU00043,13
2026-03-22,S020,SKU00043,15
2026-03-15,S020,SKU00043,10
2026-03-08,S020,SKU00043,16
2026-03-01,S020,SKU00043,19
2026-02-22,S020,SKU00043,18
2026-04-12,S006,SKU00054,2
2026-04-05,S006,SKU00054,2
2026-03-29,S006,SKU00054,2
2026-03-22,S006,SKU00054,2
2026-03-15,S006,SKU00054,2
2026-03-08,S006,SKU00054,2
2026-03-01,S006,SKU00054,1
2026-02-22,S006,SKU00054,2
2026-04-12,S031,SKU00072,1
2026-03-29,S031,SKU00072,1
2026-03-22,S031,SKU00072,1
2026-03-15,S031,SKU00072,1
2026-03-08,S031,SKU00072,1
2026-02-22,S031,SKU00072,2
2026-04-12,S052,SKU00004,4
2026-04-05,S052,SKU00004,4
2026-03-29,S052,SKU00004,3
2026-03-22,S052,SKU00004,2
2026-03-15,S052,SKU00004,2
2026-03-08,S052,SKU00004,3
2026-02-22,S052,SKU00004,3
2026-04-12,S017,SKU00044,6
2026-04-05,S017,SKU00044,5
2026-03-29,S017,SKU00044,4
2026-03-22,S017,SKU00044,4
2026-03-15,S017,SKU00044,4
2026-03-08,S017,SKU00044,6
2026-03-01,S017,SKU00044,4
2026-02-22,S017,SKU00044,4
2026-04-12,S013,SKU00021,10
2026-04-05,S013,SKU00021,16
2026-03-29,S013,SKU00021,11
2026-03-22,S013,SKU00021,15
2026-03-15,S013,SKU00021,11
2026-03-08,S013,SKU00021,10
2026-03-01,S013,SKU00021,9
2026-02-22,S013,SKU00021,10
2026-04-12,S015,SKU00017,18
2026-04-05,S015,SKU00017,16
2026-03-29,S015,SKU00017,14
2026-03-22,S015,SKU00017,14
2026-03-15,S015,SKU00017,15
2026-03-08,S015,SKU00017,15
2026-03-01,S015,SKU00017,12
2026-02-22,S015,SKU00017,21
2026-04-12,S016,SKU00046,16
2026-04-05,S016,SKU00046,18
2026-03-29,S016,SKU00046,16
2026-03-22,S016,SKU00046,12
2026-03-15,S016,SKU00046,12
2026-03-08,S016,SKU00046,8
2026-03-01,S016,SKU00046,15
2026-02-22,S016,SKU00046,12
2026-04-12,S015,SKU00039,18
2026-04-05,S015,SKU00039,17
2026-03-29,S015,SKU00039,18
2026-03-22,S015,SKU00039,18
2026-03-15,S015,SKU00039,16
2026-03-08,S015,SKU00039,17
2026-03-01,S015,SKU00039,16
2026-02-22,S015,SKU00039,14
2026-04-12,S039,SKU00055,2
2026-04-05,S039,SKU00055,1
2026-03-29,S039,SKU00055,1
2026-03-22,S039,SKU00055,1
2026-03-15,S039,SKU00055,1
2026-03-08,S039,SKU00055,1
2026-03-01,S039,SKU00055,1
2026-02-22,S039,SKU00055,1
2026-04-12,S048,SKU00073,1
2026-03-15,S048,SKU00073,1
2026-03-08,S048,SKU00073,1
2026-04-12,S033,SKU00004,6
2026-04-05,S033,SKU00004,2
2026-03-29,S033,SKU00004,5
2026-03-22,S033,SKU00004,2
2026-03-15,S033,SKU00004,3
2026-03-08,S033,SKU00004,2
2026-03-01,S033,SKU00004,2
2026-02-22,S033,SKU00004,1
2026-04-12,S044,SKU00006,20
2026-04-05,S044,SKU00006,6
2026-03-29,S044,SKU00006,11
2026-03-22,S044,SKU00006,17
2026-03-15,S044,SKU00006,17
2026-03-08,S044,SKU00006,16
2026-03-01,S044,SKU00006,14
2026-02-22,S044,SKU00006,15
2026-04-12,S040,SKU00047,14
2026-04-05,S040,SKU00047,7
2026-03-29,S040,SKU00047,13
2026-03-22,S040,SKU00047,14
2026-03-15,S040,SKU00047,9
2026-03-08,S040,SKU00047,8
2026-03-01,S040,SKU00047,8
2026-02-22,S040,SKU00047,5
2026-04-12,S020,SKU00016,20
2026-04-05,S020,SKU00016,22
2026-03-29,S020,SKU00016,22
2026-03-22,S020,SKU00016,15
2026-03-15,S020,SKU00016,12
2026-03-08,S020,SKU00016,19
2026-03-01,S020,SKU00016,21
2026-02-22,S020,SKU00016,22
2026-04-12,S002,SKU00040,4
2026-04-05,S002,SKU00040,6
2026-03-29,S002,SKU00040,3
2026-03-22,S002,SKU00040,4
2026-03-15,S002,SKU00040,4
2026-03-08,S002,SKU00040,3
2026-03-01,S002,SKU00040,7
2026-02-22,S002,SKU00040,5
2026-04-12,S054,SKU00073,1
2026-03-29,S054,SKU00073,1
2026-03-22,S054,SKU00073,1
2026-03-08,S054,SKU00073,1
2026-03-01,S054,SKU00073,1
2026-02-22,S054,SKU00073,2
2026-04-12,S060,SKU00041,2
2026-04-05,S060,SKU00041,7
2026-03-29,S060,SKU00041,2
2026-03-22,S060,SKU00041,3
2026-03-15,S060,SKU00041,1
2026-03-08,S060,SKU00041,2
2026-04-12,S018,SKU00011,8
2026-04-05,S018,SKU00011,9
2026-03-29,S018,SKU00011,8
2026-03-22,S018,SKU00011,10
2026-03-15,S018,SKU00011,9
2026-03-08,S018,SKU00011,13
2026-03-01,S018,SKU00011,11
2026-02-22,S018,SKU00011,10
2026-04-12,S010,SKU00005,17
2026-04-05,S010,SKU00005,12
2026-03-29,S010,SKU00005,18
2026-03-22,S010,SKU00005,17
2026-03-15,S010,SKU00005,19
2026-03-08,S010,SKU00005,13
2026-03-01,S010,SKU00005,15
2026-02-22,S010,SKU00005,18
2026-04-12,S023,SKU00038,6
2026-04-05,S023,SKU00038,4
2026-03-29,S023,SKU00038,9
2026-03-22,S023,SKU00038,6
2026-03-15,S023,SKU00038,6
2026-03-08,S023,SKU00038,5
2026-03-01,S023,SKU00038,11
2026-02-22,S023,SKU00038,12
2026-04-12,S035,SKU00068,2
2026-04-05,S035,SKU00068,2
2026-03-29,S035,SKU00068,2
2026-03-22,S035,SKU00068,3
2026-03-15,S035,SKU00068,3
2026-03-08,S035,SKU00068,3
2026-03-01,S035,SKU00068,2
2026-02-22,S035,SKU00068,3
2026-04-12,S011,SKU00015,13
2026-04-05,S011,SKU00015,14
2026-03-29,S011,SKU00015,15
2026-03-22,S011,SKU00015,13
2026-03-15,S011,SKU00015,11
2026-03-08,S011,SKU00015,13
2026-03-01,S011,SKU00015,12
2026-02-22,S011,SKU00015,9
2026-04-12,S028,SKU00012,9
2026-04-05,S028,SKU00012,10
2026-03-29,S028,SKU00012,7
2026-03-22,S028,SKU00012,6
2026-03-15,S028,SKU00012,9
2026-03-08,S028,SKU00012,3
2026-03-01,S028,SKU00012,10
2026-02-22,S028,SKU00012,9
2026-04-12,S054,SKU00036,2
2026-04-05,S054,SKU00036,4
2026-03-29,S054,SKU00036,5
2026-03-22,S054,SKU00036,3
2026-03-15,S054,SKU00036,3
2026-03-08,S054,SKU00036,4
2026-03-01,S054,SKU00036,8
2026-02-22,S054,SKU00036,3
2026-04-12,S001,SKU00009,17
2026-04-05,S001,SKU00009,13
2026-03-29,S001,SKU00009,15
2026-03-22,S001,SKU00009,15
2026-03-15,S001,SKU00009,15
2026-03-08,S001,SKU00009,17
2026-03-01,S001,SKU00009,13
2026-02-22,S001,SKU00009,16
2026-04-12,S006,SKU00008,16
2026-04-05,S006,SKU00008,14
2026-03-29,S006,SKU00008,20
2026-03-22,S006,SKU00008,10
2026-03-15,S006,SKU00008,14
2026-03-08,S006,SKU00008,18
2026-03-01,S006,SKU00008,14
2026-02-22,S006,SKU00008,14
2026-04-12,S006,SKU00063,1
2026-04-05,S006,SKU00063,1
2026-04-12,S051,SKU00042,5
2026-04-05,S051,SKU00042,7
2026-03-29,S051,SKU00042,8
2026-03-22,S051,SKU00042,6
2026-03-15,S051,SKU00042,7
2026-03-08,S051,SKU00042,6
2026-03-01,S051,SKU00042,4
2026-02-22,S051,SKU00042,10
2026-04-12,S016,SKU00028,8
2026-04-05,S016,SKU00028,7
2026-03-29,S016,SKU00028,5
2026-03-22,S016,SKU00028,6
2026-03-15,S016,SKU00028,5
2026-03-08,S016,SKU00028,7
2026-03-01,S016,SKU00028,8
2026-02-22,S016,SKU00028,6
2026-04-12,S009,SKU00023,9
2026-04-05,S009,SKU00023,9
2026-03-29,S009,SKU00023,7
2026-03-22,S009,SKU00023,7
2026-03-15,S009,SKU00023,8
2026-03-08,S009,SKU00023,8
2026-03-01,S009,SKU00023,8
2026-02-22,S009,SKU00023,6
2026-04-12,S057,SKU00049,3
2026-03-29,S057,SKU00049,3
2026-03-22,S057,SKU00049,6
2026-03-15,S057,SKU00049,3
2026-03-08,S057,SKU00049,2
2026-03-01,S057,SKU00049,7
2026-02-22,S057,SKU00049,4
2026-04-12,S059,SKU00044,8
2026-04-05,S059,SKU00044,14
2026-03-29,S059,SKU00044,8
2026-03-22,S059,SKU00044,4
2026-03-15,S059,SKU00044,10
2026-03-08,S059,SKU00044,3
2026-03-01,S059,SKU00044,10
2026-02-22,S059,SKU00044,2
2026-04-12,S001,SKU00057,2
2026-04-05,S001,SKU00057,3
2026-03-29,S001,SKU00057,3
2026-03-22,S001,SKU00057,3
2026-03-15,S001,SKU00057,3
2026-03-08,S001,SKU00057,2
2026-03-01,S001,SKU00057,3
2026-02-22,S001,SKU00057,3
2026-04-12,S007,SKU00038,31
2026-04-05,S007,SKU00038,23
2026-03-29,S007,SKU00038,20
2026-03-22,S007,SKU00038,26
2026-03-15,S007,SKU00038,34
2026-03-08,S007,SKU00038,25
2026-03-01,S007,SKU00038,24
2026-02-22,S007,SKU00038,25
2026-04-12,S039,SKU00044,6
2026-04-05,S039,SKU00044,9
2026-03-29,S039,SKU00044,8
2026-03-22,S039,SKU00044,4
2026-03-15,S039,SKU00044,6
2026-03-08,S039,SKU00044,8
2026-03-01,S039,SKU00044,6
2026-02-22,S039,SKU00044,9
2026-04-12,S016,SKU00034,13
2026-04-05,S016,SKU00034,10
2026-03-29,S016,SKU00034,12
2026-03-22,S016,SKU00034,12
2026-03-15,S016,SKU00034,10
2026-03-08,S016,SKU00034,8
2026-03-01,S016,SKU00034,12
2026-02-22,S016,SKU00034,10
2026-04-12,S009,SKU00027,24
2026-04-05,S009,SKU00027,21
2026-03-29,S009,SKU00027,21
2026-03-22,S009,SKU00027,28
2026-03-15,S009,SKU00027,25
2026-03-08,S009,SKU00027,25
2026-03-01,S009,SKU00027,22
2026-02-22,S009,SKU00027,24
2026-04-12,S015,SKU00032,11
2026-04-05,S015,SKU00032,12
2026-03-29,S015,SKU00032,13
2026-03-22,S015,SKU00032,13
2026-03-15,S015,SKU00032,13
2026-03-08,S015,SKU00032,15
2026-03-01,S015,SKU00032,13
2026-02-22,S015,SKU00032,16
2026-04-12,S016,SKU00031,10
2026-04-05,S016,SKU00031,12
2026-03-29,S016,SKU00031,7
2026-03-22,S016,SKU00031,9
2026-03-15,S016,SKU00031,7
2026-03-08,S016,SKU00031,9
2026-03-01,S016,SKU00031,9
2026-02-22,S016,SKU00031,8
2026-04-12,S004,SKU00050,12
2026-04-05,S004,SKU00050,18
2026-03-29,S004,SKU00050,13
2026-03-22,S004,SKU00050,14
2026-03-15,S004,SKU00050,14
2026-03-08,S004,SKU00050,13
2026-03-01,S004,SKU00050,12
2026-02-22,S004,SKU00050,14
2026-04-12,S032,SKU00024,12
2026-04-05,S032,SKU00024,9
2026-03-29,S032,SKU00024,11
2026-03-22,S032,SKU00024,14
2026-03-15,S032,SKU00024,9
2026-03-08,S032,SKU00024,16
2026-03-01,S032,SKU00024,14
2026-02-22,S032,SKU00024,14
2026-04-12,S012,SKU00041,15
2026-04-05,S012,SKU00041,8
2026-03-29,S012,SKU00041,15
2026-03-22,S012,SKU00041,12
2026-03-15,S012,SKU00041,15
2026-03-08,S012,SKU00041,12
2026-03-01,S012,SKU00041,11
2026-02-22,S012,SKU00041,11
2026-04-12,S028,SKU00009,12
2026-04-05,S028,SKU00009,7
2026-03-29,S028,SKU00009,3
2026-03-22,S028,SKU00009,5
2026-03-15,S028,SKU00009,6
2026-03-08,S028,SKU00009,11
2026-03-01,S028,SKU00009,8
2026-02-22,S028,SKU00009,6
2026-04-12,S026,SKU00008,6
2026-04-05,S026,SKU00008,8
2026-03-29,S026,SKU00008,4
2026-03-22,S026,SKU00008,12
2026-03-15,S026,SKU00008,10
2026-03-08,S026,SKU00008,8
2026-03-01,S026,SKU00008,12
2026-02-22,S026,SKU00008,14
2026-04-12,S060,SKU00006,1
2026-04-05,S060,SKU00006,4
2026-03-29,S060,SKU00006,4
2026-03-22,S060,SKU00006,1
2026-03-15,S060,SKU00006,5
2026-03-08,S060,SKU00006,4
2026-03-01,S060,SKU00006,3
2026-03-08,S026,SKU00063,1
2026-04-12,S010,SKU00003,15
2026-04-05,S010,SKU00003,11
2026-03-29,S010,SKU00003,8
2026-03-22,S010,SKU00003,17
2026-03-15,S010,SKU00003,19
2026-03-08,S010,SKU00003,14
2026-03-01,S010,SKU00003,16
2026-02-22,S010,SKU00003,16
2026-04-12,S015,SKU00061,2
2026-04-05,S015,SKU00061,3
2026-03-29,S015,SKU00061,3
2026-03-22,S015,SKU00061,2
2026-03-15,S015,SKU00061,3
2026-03-08,S015,SKU00061,3
2026-03-01,S015,SKU00061,2
2026-02-22,S015,SKU00061,2
2026-04-12,S041,SKU00062,2
2026-04-05,S041,SKU00062,2
2026-03-29,S041,SKU00062,2
2026-03-22,S041,SKU00062,1
2026-03-08,S041,SKU00062,1
2026-03-01,S041,SKU00062,1
2026-02-22,S041,SKU00062,2
2026-04-12,S002,SKU00042,4
2026-04-05,S002,SKU00042,9
2026-03-29,S002,SKU00042,5
2026-03-22,S002,SKU00042,3
2026-03-15,S002,SKU00042,6
2026-03-08,S002,SKU00042,7
2026-03-01,S002,SKU00042,4
2026-02-22,S002,SKU00042,6
2026-04-12,S034,SKU00043,12
2026-04-05,S034,SKU00043,11
2026-03-29,S034,SKU00043,8
2026-03-22,S034,SKU00043,13
2026-03-15,S034,SKU00043,17
2026-03-08,S034,SKU00043,11
2026-03-01,S034,SKU00043,11
2026-02-22,S034,SKU00043,11
2026-04-12,S012,SKU00039,21
2026-04-05,S012,SKU00039,19
2026-03-29,S012,SKU00039,30
2026-03-22,S012,SKU00039,21
2026-03-15,S012,SKU00039,30
2026-03-08,S012,SKU00039,29
2026-03-01,S012,SKU00039,23
2026-02-22,S012,SKU00039,15
2026-04-12,S042,SKU00022,3
2026-04-05,S042,SKU00022,1
2026-03-29,S042,SKU00022,3
2026-03-22,S042,SKU00022,3
2026-03-15,S042,SKU00022,2
2026-03-08,S042,SKU00022,5
2026-04-12,S023,SKU00036,6
2026-04-05,S023,SKU00036,1
2026-03-29,S023,SKU00036,1
2026-03-22,S023,SKU00036,9
2026-03-15,S023,SKU00036,7
2026-03-08,S023,SKU00036,6
2026-03-01,S023,SKU00036,5
2026-02-22,S023,SKU00036,7
2026-04-12,S041,SKU00042,4
2026-04-05,S041,SKU00042,3
2026-03-29,S041,SKU00042,2
2026-03-22,S041,SKU00042,5
2026-03-15,S041,SKU00042,3
2026-03-08,S041,SKU00042,6
2026-03-01,S041,SKU00042,3
2026-02-22,S041,SKU00042,3
2026-04-12,S007,SKU00073,2
2026-04-05,S007,SKU00073,1
2026-03-29,S007,SKU00073,3
2026-03-22,S007,SKU00073,3
2026-03-15,S007,SKU00073,2
2026-03-08,S007,SKU00073,2
2026-03-01,S007,SKU00073,2
2026-02-22,S007,SKU00073,2
2026-04-12,S042,SKU00002,6
2026-04-05,S042,SKU00002,6
2026-03-29,S042,SKU00002,2
2026-03-22,S042,SKU00002,5
2026-03-15,S042,SKU00002,7
2026-03-08,S042,SKU00002,9
2026-03-01,S042,SKU00002,4
2026-02-22,S042,SKU00002,4
2026-04-12,S032,SKU00001,2
2026-04-05,S032,SKU00001,3
2026-03-29,S032,SKU00001,1
2026-03-22,S032,SKU00001,4
2026-03-15,S032,SKU00001,1
2026-03-08,S032,SKU00001,2
2026-03-01,S032,SKU00001,1
2026-02-22,S032,SKU00001,4
2026-04-12,S021,SKU00036,2
2026-04-05,S021,SKU00036,4
2026-03-29,S021,SKU00036,5
2026-03-22,S021,SKU00036,4
2026-03-15,S021,SKU00036,4
2026-03-08,S021,SKU00036,3
2026-03-01,S021,SKU00036,4
2026-02-22,S021,SKU00036,3
2026-04-12,S002,SKU00027,10
2026-04-05,S002,SKU00027,14
2026-03-29,S002,SKU00027,11
2026-03-22,S002,SKU00027,13
2026-03-15,S002,SKU00027,14
2026-03-08,S002,SKU00027,17
2026-03-01,S002,SKU00027,11
2026-02-22,S002,SKU00027,14
2026-04-12,S018,SKU00024,15
2026-04-05,S018,SKU00024,20
2026-03-29,S018,SKU00024,13
2026-03-22,S018,SKU00024,14
2026-03-15,S018,SKU00024,17
2026-03-08,S018,SKU00024,11
2026-03-01,S018,SKU00024,20
2026-02-22,S018,SKU00024,14
2026-04-12,S011,SKU00022,18
2026-04-05,S011,SKU00022,9
2026-03-29,S011,SKU00022,18
2026-03-22,S011,SKU00022,21
2026-03-15,S011,SKU00022,23
2026-03-08,S011,SKU00022,17
2026-03-01,S011,SKU00022,17
2026-02-22,S011,SKU00022,15
2026-04-12,S023,SKU00045,12
2026-04-05,S023,SKU00045,10
2026-03-29,S023,SKU00045,12
2026-03-22,S023,SKU00045,11
2026-03-15,S023,SKU00045,12
2026-03-08,S023,SKU00045,8
2026-03-01,S023,SKU00045,10
2026-02-22,S023,SKU00045,11
2026-04-12,S038,SKU00007,15
2026-04-05,S038,SKU00007,16
2026-03-29,S038,SKU00007,20
2026-03-22,S038,SKU00007,14
2026-03-15,S038,SKU00007,22
2026-03-08,S038,SKU00007,19
2026-03-01,S038,SKU00007,10
2026-02-22,S038,SKU00007,13
2026-04-12,S035,SKU00010,14
2026-04-05,S035,SKU00010,5
2026-03-29,S035,SKU00010,14
2026-03-22,S035,SKU00010,6
2026-03-15,S035,SKU00010,18
2026-03-08,S035,SKU00010,12
2026-03-01,S035,SKU00010,16
2026-02-22,S035,SKU00010,10
2026-04-12,S052,SKU00022,6
2026-04-05,S052,SKU00022,2
2026-03-22,S052,SKU00022,2
2026-03-08,S052,SKU00022,5
2026-02-22,S052,SKU00022,1
2026-04-12,S041,SKU00027,6
2026-04-05,S041,SKU00027,4
2026-03-29,S041,SKU00027,4
2026-03-22,S041,SKU00027,5
2026-03-15,S041,SKU00027,5
2026-03-08,S041,SKU00027,5
2026-03-01,S041,SKU00027,5
2026-02-22,S041,SKU00027,6
2026-04-12,S045,SKU00023,4
2026-04-05,S045,SKU00023,7
2026-03-22,S045,SKU00023,4
2026-03-15,S045,SKU00023,13
2026-03-08,S045,SKU00023,3
2026-03-01,S045,SKU00023,5
2026-02-22,S045,SKU00023,5
2026-04-12,S047,SKU00047,2
2026-04-05,S047,SKU00047,12
2026-03-29,S047,SKU00047,5
2026-03-22,S047,SKU00047,7
2026-03-15,S047,SKU00047,7
2026-03-08,S047,SKU00047,3
2026-03-01,S047,SKU00047,8
2026-02-22,S047,SKU00047,7
2026-04-12,S021,SKU00045,11
2026-04-05,S021,SKU00045,9
2026-03-29,S021,SKU00045,6
2026-03-22,S021,SKU00045,5
2026-03-15,S021,SKU00045,8
2026-03-08,S021,SKU00045,4
2026-03-01,S021,SKU00045,7
2026-02-22,S021,SKU00045,6
2026-04-12,S004,SKU00065,3
2026-04-05,S004,SKU00065,5
2026-03-29,S004,SKU00065,3
2026-03-22,S004,SKU00065,2
2026-03-15,S004,SKU00065,4
2026-03-08,S004,SKU00065,3
2026-03-01,S004,SKU00065,6
2026-02-22,S004,SKU00065,5
2026-04-12,S001,SKU00059,1
2026-04-05,S001,SKU00059,3
2026-03-29,S001,SKU00059,1
2026-03-22,S001,SKU00059,2
2026-03-15,S001,SKU00059,1
2026-03-08,S001,SKU00059,3
2026-03-01,S001,SKU00059,3
2026-02-22,S001,SKU00059,2
2026-04-12,S007,SKU00036,35
2026-04-05,S007,SKU00036,18
2026-03-29,S007,SKU00036,22
2026-03-22,S007,SKU00036,26
2026-03-15,S007,SKU00036,22
2026-03-08,S007,SKU00036,25
2026-03-01,S007,SKU00036,26
2026-02-22,S007,SKU00036,29
2026-04-12,S019,SKU00023,27
2026-04-05,S019,SKU00023,17
2026-03-29,S019,SKU00023,20
2026-03-22,S019,SKU00023,25
2026-03-15,S019,SKU00023,24
2026-03-08,S019,SKU00023,20
2026-03-01,S019,SKU00023,20
2026-02-22,S019,SKU00023,25
2026-04-12,S033,SKU00022,10
2026-04-05,S033,SKU00022,15
2026-03-29,S033,SKU00022,10
2026-03-22,S033,SKU00022,14
2026-03-15,S033,SKU00022,13
2026-03-08,S033,SKU00022,12
2026-03-01,S033,SKU00022,6
2026-02-22,S033,SKU00022,6
2026-04-12,S003,SKU00019,8
2026-04-05,S003,SKU00019,10
2026-03-29,S003,SKU00019,10
2026-03-22,S003,SKU00019,9
2026-03-15,S003,SKU00019,8
2026-03-08,S003,SKU00019,11
2026-03-01,S003,SKU00019,8
2026-02-22,S003,SKU00019,10
2026-04-12,S013,SKU00052,2
2026-04-05,S013,SKU00052,1
2026-03-29,S013,SKU00052,2
2026-03-22,S013,SKU00052,1
2026-03-15,S013,SKU00052,2
2026-03-08,S013,SKU00052,2
2026-03-01,S013,SKU00052,1
2026-02-22,S013,SKU00052,1
2026-04-12,S047,SKU00014,4
2026-04-05,S047,SKU00014,1
2026-03-29,S047,SKU00014,3
2026-03-22,S047,SKU00014,4
2026-03-15,S047,SKU00014,2
2026-03-08,S047,SKU00014,4
2026-03-01,S047,SKU00014,1
2026-02-22,S047,SKU00014,4
2026-04-12,S006,SKU00040,5
2026-04-05,S006,SKU00040,4
2026-03-29,S006,SKU00040,5
2026-03-22,S006,SKU00040,5
2026-03-15,S006,SKU00040,6
2026-03-08,S006,SKU00040,4
2026-03-01,S006,SKU00040,4
2026-02-22,S006,SKU00040,4
2026-04-12,S003,SKU00055,4
2026-04-05,S003,SKU00055,2
2026-03-29,S003,SKU00055,4
2026-03-22,S003,SKU00055,3
2026-03-15,S003,SKU00055,4
2026-03-08,S003,SKU00055,4
2026-03-01,S003,SKU00055,4
2026-02-22,S003,SKU00055,4
2026-04-12,S012,SKU00006,7
2026-04-05,S012,SKU00006,6
2026-03-29,S012,SKU00006,8
2026-03-22,S012,SKU00006,9
2026-03-15,S012,SKU00006,7
2026-03-08,S012,SKU00006,8
2026-03-01,S012,SKU00006,6
2026-02-22,S012,SKU00006,9
2026-04-12,S018,SKU00001,25
2026-04-05,S018,SKU00001,32
2026-03-29,S018,SKU00001,32
2026-03-22,S018,SKU00001,30
2026-03-15,S018,SKU00001,30
2026-03-08,S018,SKU00001,27
2026-03-01,S018,SKU00001,21
2026-02-22,S018,SKU00001,30
2026-04-12,S007,SKU00045,17
2026-04-05,S007,SKU00045,17
2026-03-29,S007,SKU00045,15
2026-03-22,S007,SKU00045,10
2026-03-15,S007,SKU00045,14
2026-03-08,S007,SKU00045,12
2026-03-01,S007,SKU00045,15
2026-02-22,S007,SKU00045,14
2026-04-12,S019,SKU00027,8
2026-04-05,S019,SKU00027,10
2026-03-29,S019,SKU00027,10
2026-03-22,S019,SKU00027,11
2026-03-15,S019,SKU00027,10
2026-03-08,S019,SKU00027,13
2026-03-01,S019,SKU00027,9
2026-02-22,S019,SKU00027,10
2026-04-12,S001,SKU00071,1
2026-03-29,S001,SKU00071,1
2026-03-01,S001,SKU00071,1
2026-02-22,S001,SKU00071,1
2026-04-12,S005,SKU00023,10
2026-04-05,S005,SKU00023,10
2026-03-29,S005,SKU00023,14
2026-03-22,S005,SKU00023,12
2026-03-15,S005,SKU00023,13
2026-03-08,S005,SKU00023,12
2026-03-01,S005,SKU00023,9
2026-02-22,S005,SKU00023,11
2026-04-12,S002,SKU00003,20
2026-04-05,S002,SKU00003,18
2026-03-29,S002,SKU00003,13
2026-03-22,S002,SKU00003,9
2026-03-15,S002,SKU00003,16
2026-03-08,S002,SKU00003,16
2026-03-01,S002,SKU00003,17
2026-02-22,S002,SKU00003,21
2026-04-12,S036,SKU00058,1
2026-04-05,S036,SKU00058,1
2026-03-29,S036,SKU00058,1
2026-03-22,S036,SKU00058,1
2026-03-08,S036,SKU00058,1
2026-04-12,S042,SKU00037,18
2026-04-05,S042,SKU00037,10
2026-03-29,S042,SKU00037,12
2026-03-22,S042,SKU00037,15
2026-03-15,S042,SKU00037,11
2026-03-08,S042,SKU00037,12
2026-03-01,S042,SKU00037,15
2026-02-22,S042,SKU00037,10
2026-04-12,S010,SKU00048,24
2026-04-05,S010,SKU00048,23
2026-03-29,S010,SKU00048,24
2026-03-22,S010,SKU00048,19
2026-03-15,S010,SKU00048,22
2026-03-08,S010,SKU00048,21
2026-03-01,S010,SKU00048,28
2026-02-22,S010,SKU00048,24
2026-04-12,S041,SKU00003,2
2026-04-05,S041,SKU00003,1
2026-03-29,S041,SKU00003,2
2026-03-22,S041,SKU00003,3
2026-03-15,S041,SKU00003,1
2026-03-08,S041,SKU00003,2
2026-03-01,S041,SKU00003,1
2026-04-12,S017,SKU00024,17
2026-04-05,S017,SKU00024,23
2026-03-29,S017,SKU00024,20
2026-03-22,S017,SKU00024,21
2026-03-15,S017,SKU00024,26
2026-03-08,S017,SKU00024,18
2026-03-01,S017,SKU00024,24
2026-02-22,S017,SKU00024,20
2026-04-12,S042,SKU00026,12
2026-04-05,S042,SKU00026,9
2026-03-29,S042,SKU00026,13
2026-03-22,S042,SKU00026,8
2026-03-15,S042,SKU00026,9
2026-03-08,S042,SKU00026,7
2026-03-01,S042,SKU00026,5
2026-02-22,S042,SKU00026,5
2026-04-12,S014,SKU00041,32
2026-04-05,S014,SKU00041,25
2026-03-29,S014,SKU00041,23
2026-03-22,S014,SKU00041,20
2026-03-15,S014,SKU00041,34
2026-03-08,S014,SKU00041,28
2026-03-01,S014,SKU00041,42
2026-02-22,S014,SKU00041,30
2026-04-12,S018,SKU00005,14
2026-04-05,S018,SKU00005,14
2026-03-29,S018,SKU00005,24
2026-03-22,S018,SKU00005,18
2026-03-15,S018,SKU00005,15
2026-03-08,S018,SKU00005,21
2026-03-01,S018,SKU00005,16
2026-02-22,S018,SKU00005,16
2026-04-12,S029,SKU00022,11
2026-04-05,S029,SKU00022,4
2026-03-29,S029,SKU00022,13
2026-03-22,S029,SKU00022,6
2026-03-15,S029,SKU00022,5
2026-03-08,S029,SKU00022,6
2026-03-01,S029,SKU00022,7
2026-02-22,S029,SKU00022,10
2026-04-12,S053,SKU00017,11
2026-04-05,S053,SKU00017,13
2026-03-29,S053,SKU00017,12
2026-03-22,S053,SKU00017,6
2026-03-15,S053,SKU00017,10
2026-03-08,S053,SKU00017,10
2026-03-01,S053,SKU00017,10
2026-02-22,S053,SKU00017,14
2026-04-12,S001,SKU00047,10
2026-04-05,S001,SKU00047,17
2026-03-29,S001,SKU00047,16
2026-03-22,S001,SKU00047,8
2026-03-15,S001,SKU00047,12
2026-03-08,S001,SKU00047,11
2026-03-01,S001,SKU00047,14
2026-02-22,S001,SKU00047,14
2026-04-12,S016,SKU00004,21
2026-04-05,S016,SKU00004,23
2026-03-29,S016,SKU00004,26
2026-03-22,S016,SKU00004,22
2026-03-15,S016,SKU00004,24
2026-03-08,S016,SKU00004,22
2026-03-01,S016,SKU00004,31
2026-02-22,S016,SKU00004,27
2026-04-12,S017,SKU00029,6
2026-04-05,S017,SKU00029,4
2026-03-29,S017,SKU00029,5
2026-03-22,S017,SKU00029,4
2026-03-15,S017,SKU00029,5
2026-03-08,S017,SKU00029,4
2026-03-01,S017,SKU00029,6
2026-02-22,S017,SKU00029,3
2026-04-12,S014,SKU00017,25
2026-04-05,S014,SKU00017,18
2026-03-29,S014,SKU00017,15
2026-03-22,S014,SKU00017,20
2026-03-15,S014,SKU00017,20
2026-03-08,S014,SKU00017,27
2026-03-01,S014,SKU00017,19
2026-02-22,S014,SKU00017,18
2026-04-12,S035,SKU00018,8
2026-04-05,S035,SKU00018,4
2026-03-29,S035,SKU00018,1
2026-03-22,S035,SKU00018,7
2026-03-15,S035,SKU00018,7
2026-03-08,S035,SKU00018,9
2026-03-01,S035,SKU00018,10
2026-02-22,S035,SKU00018,11
2026-04-12,S030,SKU00033,14
2026-04-05,S030,SKU00033,12
2026-03-29,S030,SKU00033,9
2026-03-22,S030,SKU00033,20
2026-03-15,S030,SKU00033,10
2026-03-08,S030,SKU00033,17
2026-03-01,S030,SKU00033,9
2026-02-22,S030,SKU00033,16
2026-04-12,S014,SKU00039,14
2026-04-05,S014,SKU00039,17
2026-03-29,S014,SKU00039,16
2026-03-22,S014,SKU00039,15
2026-03-15,S014,SKU00039,12
2026-03-08,S014,SKU00039,15
2026-03-01,S014,SKU00039,15
2026-02-22,S014,SKU00039,10
2026-04-12,S049,SKU00038,7
2026-04-05,S049,SKU00038,10
2026-03-29,S049,SKU00038,3
2026-03-22,S049,SKU00038,10
2026-03-15,S049,SKU00038,4
2026-03-08,S049,SKU00038,12
2026-03-01,S049,SKU00038,7
2026-02-22,S049,SKU00038,3
2026-04-12,S017,SKU00051,2
2026-04-05,S017,SKU00051,1
2026-03-29,S017,SKU00051,1
2026-03-22,S017,SKU00051,1
2026-03-15,S017,SKU00051,1
2026-03-08,S017,SKU00051,1
2026-03-01,S017,SKU00051,1
2026-02-22,S017,SKU00051,1
2026-04-12,S003,SKU00008,5
2026-04-05,S003,SKU00008,9
2026-03-29,S003,SKU00008,6
2026-03-22,S003,SKU00008,9
2026-03-15,S003,SKU00008,8
2026-03-08,S003,SKU00008,8
2026-03-01,S003,SKU00008,10
2026-02-22,S003,SKU00008,8
2026-04-12,S006,SKU00062,2
2026-04-05,S006,SKU00062,3
2026-03-29,S006,SKU00062,2
2026-03-22,S006,SKU00062,4
2026-03-15,S006,SKU00062,2
2026-03-08,S006,SKU00062,4
2026-03-01,S006,SKU00062,4
2026-02-22,S006,SKU00062,4
2026-04-12,S003,SKU00063,2
2026-04-05,S003,SKU00063,1
2026-03-29,S003,SKU00063,2
2026-03-22,S003,SKU00063,3
2026-03-15,S003,SKU00063,2
2026-03-08,S003,SKU00063,2
2026-03-01,S003,SKU00063,3
2026-02-22,S003,SKU00063,2
2026-04-12,S032,SKU00003,8
2026-04-05,S032,SKU00003,5
2026-03-29,S032,SKU00003,4
2026-03-22,S032,SKU00003,8
2026-03-15,S032,SKU00003,2
2026-03-08,S032,SKU00003,7
2026-03-01,S032,SKU00003,9
2026-02-22,S032,SKU00003,4
2026-04-12,S017,SKU00001,5
2026-04-05,S017,SKU00001,6
2026-03-29,S017,SKU00001,5
2026-03-22,S017,SKU00001,3
2026-03-15,S017,SKU00001,4
2026-03-08,S017,SKU00001,5
2026-03-01,S017,SKU00001,4
2026-02-22,S017,SKU00001,5
2026-04-12,S004,SKU00067,5
2026-04-05,S004,SKU00067,4
2026-03-29,S004,SKU00067,5
2026-03-22,S004,SKU00067,6
2026-03-15,S004,SKU00067,5
2026-03-08,S004,SKU00067,5
2026-03-01,S004,SKU00067,5
2026-02-22,S004,SKU00067,3
2026-04-12,S017,SKU00046,21
2026-04-05,S017,SKU00046,19
2026-03-29,S017,SKU00046,24
2026-03-22,S017,SKU00046,25
2026-03-15,S017,SKU00046,22
2026-03-08,S017,SKU00046,27
2026-03-01,S017,SKU00046,28
2026-02-22,S017,SKU00046,27
2026-04-12,S065,SKU00038,5
2026-04-05,S065,SKU00038,1
2026-03-29,S065,SKU00038,4
2026-03-22,S065,SKU00038,3
2026-03-15,S065,SKU00038,1
2026-03-08,S065,SKU00038,4
2026-03-01,S065,SKU00038,3
2026-02-22,S065,SKU00038,1
2026-04-12,S006,SKU00042,18
2026-04-05,S006,SKU00042,8
2026-03-29,S006,SKU00042,17
2026-03-22,S006,SKU00042,7
2026-03-15,S006,SKU00042,11
2026-03-08,S006,SKU00042,16
2026-03-01,S006,SKU00042,16
2026-02-22,S006,SKU00042,14
2026-04-12,S058,SKU00045,3
2026-04-05,S058,SKU00045,2
2026-03-29,S058,SKU00045,6
2026-03-22,S058,SKU00045,3
2026-03-15,S058,SKU00045,2
2026-03-08,S058,SKU00045,5
2026-03-01,S058,SKU00045,5
2026-02-22,S058,SKU00045,3
2026-04-12,S065,SKU00025,1
2026-04-05,S065,SKU00025,1
2026-03-22,S065,SKU00025,1
2026-03-15,S065,SKU00025,2
2026-03-08,S065,SKU00025,1
2026-03-01,S065,SKU00025,1
2026-02-22,S065,SKU00025,1
2026-04-12,S046,SKU00022,2
2026-04-05,S046,SKU00022,4
2026-03-29,S046,SKU00022,1
2026-03-22,S046,SKU00022,1
2026-03-15,S046,SKU00022,2
2026-03-08,S046,SKU00022,2
2026-02-22,S046,SKU00022,2
2026-04-12,S011,SKU00012,27
2026-04-05,S011,SKU00012,18
2026-03-29,S011,SKU00012,18
2026-03-22,S011,SKU00012,17
2026-03-15,S011,SKU00012,11
2026-03-08,S011,SKU00012,19
2026-03-01,S011,SKU00012,28
2026-02-22,S011,SKU00012,13
2026-04-12,S027,SKU00041,11
2026-04-05,S027,SKU00041,10
2026-03-29,S027,SKU00041,6
2026-03-22,S027,SKU00041,13
2026-03-15,S027,SKU00041,6
2026-03-08,S027,SKU00041,8
2026-03-01,S027,SKU00041,12
2026-02-22,S027,SKU00041,11
2026-04-12,S006,SKU00027,5
2026-04-05,S006,SKU00027,6
2026-03-29,S006,SKU00027,5
2026-03-22,S006,SKU00027,5
2026-03-15,S006,SKU00027,5
2026-03-08,S006,SKU00027,4
2026-03-01,S006,SKU00027,6
2026-02-22,S006,SKU00027,7
2026-04-12,S037,SKU00033,5
2026-04-05,S037,SKU00033,5
2026-03-29,S037,SKU00033,4
2026-03-22,S037,SKU00033,4
2026-03-15,S037,SKU00033,3
2026-03-08,S037,SKU00033,4
2026-03-01,S037,SKU00033,6
2026-02-22,S037,SKU00033,7
2026-04-12,S016,SKU00015,19
2026-04-05,S016,SKU00015,20
2026-03-29,S016,SKU00015,21
2026-03-22,S016,SKU00015,33
2026-03-15,S016,SKU00015,16
2026-03-08,S016,SKU00015,22
2026-03-01,S016,SKU00015,19
2026-02-22,S016,SKU00015,26
2026-04-12,S044,SKU00019,7
2026-04-05,S044,SKU00019,12
2026-03-29,S044,SKU00019,8
2026-03-22,S044,SKU00019,8
2026-03-15,S044,SKU00019,8
2026-03-08,S044,SKU00019,10
2026-03-01,S044,SKU00019,9
2026-02-22,S044,SKU00019,9
2026-04-12,S055,SKU00068,1
2026-04-05,S055,SKU00068,1
2026-03-29,S055,SKU00068,1
2026-03-15,S055,SKU00068,1
2026-03-08,S055,SKU00068,1
2026-02-22,S055,SKU00068,1
2026-04-12,S015,SKU00056,4
2026-04-05,S015,SKU00056,3
2026-03-29,S015,SKU00056,3
2026-03-22,S015,SKU00056,4
2026-03-15,S015,SKU00056,3
2026-03-08,S015,SKU00056,3
2026-03-01,S015,SKU00056,3
2026-02-22,S015,SKU00056,4
2026-04-12,S064,SKU00019,6
2026-04-05,S064,SKU00019,3
2026-03-29,S064,SKU00019,2
2026-03-22,S064,SKU00019,3
2026-03-08,S064,SKU00019,4
2026-03-01,S064,SKU00019,2
2026-02-22,S064,SKU00019,11
2026-04-12,S039,SKU00023,10
2026-04-05,S039,SKU00023,7
2026-03-29,S039,SKU00023,6
2026-03-22,S039,SKU00023,5
2026-03-15,S039,SKU00023,8
2026-03-08,S039,SKU00023,5
2026-03-01,S039,SKU00023,5
2026-02-22,S039,SKU00023,8
2026-04-12,S025,SKU00021,4
2026-04-05,S025,SKU00021,4
2026-03-29,S025,SKU00021,2
2026-03-22,S025,SKU00021,5
2026-03-15,S025,SKU00021,4
2026-03-08,S025,SKU00021,1
2026-03-01,S025,SKU00021,6
2026-02-22,S025,SKU00021,3
2026-04-05,S026,SKU00062,1
2026-03-29,S026,SKU00062,1
2026-03-22,S026,SKU00062,1
2026-03-15,S026,SKU00062,1
2026-03-08,S026,SKU00062,1
2026-03-01,S026,SKU00062,1
2026-02-22,S026,SKU00062,1
2026-04-12,S014,SKU00006,20
2026-04-05,S014,SKU00006,23
2026-03-29,S014,SKU00006,15
2026-03-22,S014,SKU00006,17
2026-03-15,S014,SKU00006,25
2026-03-08,S014,SKU00006,18
2026-03-01,S014,SKU00006,23
2026-02-22,S014,SKU00006,20
2026-04-12,S056,SKU00064,1
2026-03-22,S056,SKU00064,1
2026-03-15,S056,SKU00064,1
2026-02-22,S056,SKU00064,1
2026-04-12,S027,SKU00017,11
2026-04-05,S027,SKU00017,18
2026-03-29,S027,SKU00017,11
2026-03-22,S027,SKU00017,9
2026-03-15,S027,SKU00017,10
2026-03-08,S027,SKU00017,8
2026-03-01,S027,SKU00017,9
2026-02-22,S027,SKU00017,17
2026-04-12,S042,SKU00074,2
2026-04-05,S042,SKU00074,1
2026-03-29,S042,SKU00074,1
2026-03-22,S042,SKU00074,2
2026-03-15,S042,SKU00074,1
2026-03-08,S042,SKU00074,2
2026-03-01,S042,SKU00074,1
2026-04-12,S017,SKU00005,6
2026-04-05,S017,SKU00005,6
2026-03-29,S017,SKU00005,6
2026-03-22,S017,SKU00005,8
2026-03-15,S017,SKU00005,6
2026-03-08,S017,SKU00005,7
2026-03-01,S017,SKU00005,10
2026-02-22,S017,SKU00005,10
2026-04-12,S033,SKU00012,8
2026-04-05,S033,SKU00012,6
2026-03-29,S033,SKU00012,9
2026-03-22,S033,SKU00012,8
2026-03-15,S033,SKU00012,10
2026-03-08,S033,SKU00012,7
2026-03-01,S033,SKU00012,6
2026-02-22,S033,SKU00012,8
2026-04-12,S005,SKU00028,5
2026-04-05,S005,SKU00028,5
2026-03-29,S005,SKU00028,4
2026-03-22,S005,SKU00028,4
2026-03-15,S005,SKU00028,5
2026-03-08,S005,SKU00028,4
2026-03-01,S005,SKU00028,5
2026-02-22,S005,SKU00028,4
2026-04-12,S030,SKU00058,1
2026-04-05,S030,SKU00058,1
2026-03-29,S030,SKU00058,1
2026-03-15,S030,SKU00058,1
2026-03-08,S030,SKU00058,1
2026-03-01,S030,SKU00058,1
2026-02-22,S030,SKU00058,1
2026-04-12,S063,SKU00041,3
2026-04-05,S063,SKU00041,5
2026-03-29,S063,SKU00041,3
2026-03-22,S063,SKU00041,3
2026-03-15,S063,SKU00041,12
2026-03-08,S063,SKU00041,5
2026-03-01,S063,SKU00041,4
2026-04-12,S002,SKU00048,6
2026-04-05,S002,SKU00048,5
2026-03-29,S002,SKU00048,5
2026-03-22,S002,SKU00048,5
2026-03-15,S002,SKU00048,5
2026-03-08,S002,SKU00048,6
2026-03-01,S002,SKU00048,6
2026-02-22,S002,SKU00048,4
2026-04-12,S059,SKU00029,8
2026-04-05,S059,SKU00029,4
2026-03-29,S059,SKU00029,5
2026-03-22,S059,SKU00029,6
2026-03-15,S059,SKU00029,8
2026-03-08,S059,SKU00029,8
2026-03-01,S059,SKU00029,10
2026-02-22,S059,SKU00029,13
2026-04-12,S026,SKU00042,10
2026-04-05,S026,SKU00042,8
2026-03-29,S026,SKU00042,11
2026-03-22,S026,SKU00042,8
2026-03-15,S026,SKU00042,10
2026-03-08,S026,SKU00042,11
2026-03-01,S026,SKU00042,11
2026-02-22,S026,SKU00042,7
2026-04-12,S048,SKU00006,5
2026-04-05,S048,SKU00006,4
2026-03-29,S048,SKU00006,7
2026-03-22,S048,SKU00006,6
2026-03-15,S048,SKU00006,4
2026-03-08,S048,SKU00006,5
2026-03-01,S048,SKU00006,7
2026-02-22,S048,SKU00006,5
2026-04-12,S017,SKU00028,11
2026-04-05,S017,SKU00028,15
2026-03-29,S017,SKU00028,12
2026-03-22,S017,SKU00028,14
2026-03-15,S017,SKU00028,11
2026-03-08,S017,SKU00028,14
2026-03-01,S017,SKU00028,13
2026-02-22,S017,SKU00028,11
2026-04-12,S056,SKU00037,2
2026-04-05,S056,SKU00037,2
2026-03-29,S056,SKU00037,2
2026-03-08,S056,SKU00037,2
2026-03-01,S056,SKU00037,2
2026-02-22,S056,SKU00037,1
2026-04-12,S004,SKU00011,4
2026-04-05,S004,SKU00011,6
2026-03-29,S004,SKU00011,4
2026-03-22,S004,SKU00011,5
2026-03-15,S004,SKU00011,6
2026-03-08,S004,SKU00011,7
2026-03-01,S004,SKU00011,5
2026-02-22,S004,SKU00011,6
2026-04-12,S051,SKU00035,4
2026-04-05,S051,SKU00035,3
2026-03-29,S051,SKU00035,1
2026-03-15,S051,SKU00035,5
2026-03-08,S051,SKU00035,3
2026-03-01,S051,SKU00035,2
2026-02-22,S051,SKU00035,3
2026-04-12,S054,SKU00006,6
2026-03-29,S054,SKU00006,4
2026-03-22,S054,SKU00006,2
2026-03-15,S054,SKU00006,2
2026-03-08,S054,SKU00006,6
2026-03-01,S054,SKU00006,11
2026-02-22,S054,SKU00006,6
2026-04-12,S009,SKU00035,4
2026-04-05,S009,SKU00035,5
2026-03-29,S009,SKU00035,4
2026-03-22,S009,SKU00035,4
2026-03-15,S009,SKU00035,4
2026-03-08,S009,SKU00035,2
2026-03-01,S009,SKU00035,4
2026-02-22,S009,SKU00035,1
2026-04-12,S056,SKU00026,3
2026-04-05,S056,SKU00026,4
2026-03-29,S056,SKU00026,4
2026-03-22,S056,SKU00026,3
2026-03-15,S056,SKU00026,3
2026-03-08,S056,SKU00026,3
2026-03-01,S056,SKU00026,1
2026-02-22,S056,SKU00026,4
2026-04-12,S009,SKU00030,24
2026-04-05,S009,SKU00030,19
2026-03-29,S009,SKU00030,20
2026-03-22,S009,SKU00030,22
2026-03-15,S009,SKU00030,19
2026-03-08,S009,SKU00030,22
2026-03-01,S009,SKU00030,22
2026-02-22,S009,SKU00030,23
2026-04-12,S022,SKU00056,1
2026-04-05,S022,SKU00056,1
2026-03-29,S022,SKU00056,1
2026-03-22,S022,SKU00056,2
2026-03-15,S022,SKU00056,1
2026-04-12,S026,SKU00027,8
2026-04-05,S026,SKU00027,7
2026-03-29,S026,SKU00027,8
2026-03-22,S026,SKU00027,1
2026-03-15,S026,SKU00027,6
2026-03-08,S026,SKU00027,9
2026-03-01,S026,SKU00027,2
2026-02-22,S026,SKU00027,7
2026-04-05,S053,SKU00061,1
2026-03-29,S053,SKU00061,1
2026-03-22,S053,SKU00061,1
2026-03-15,S053,SKU00061,1
2026-03-01,S053,SKU00061,1
2026-02-22,S053,SKU00061,1
2026-04-05,S042,SKU00057,1
2026-03-29,S042,SKU00057,1
2026-03-22,S042,SKU00057,1
2026-03-15,S042,SKU00057,1
2026-02-22,S042,SKU00057,1
2026-04-12,S052,SKU00009,4
2026-03-22,S052,SKU00009,4
2026-03-15,S052,SKU00009,8
2026-03-01,S052,SKU00009,10
2026-02-22,S052,SKU00009,3
2026-04-12,S015,SKU00055,1
2026-04-05,S015,SKU00055,3
2026-03-29,S015,SKU00055,2
2026-03-22,S015,SKU00055,2
2026-03-15,S015,SKU00055,3
2026-03-08,S015,SKU00055,3
2026-03-01,S015,SKU00055,2
2026-02-22,S015,SKU00055,2
2026-04-12,S017,SKU00034,15
2026-04-05,S017,SKU00034,7
2026-03-29,S017,SKU00034,16
2026-03-22,S017,SKU00034,13
2026-03-15,S017,SKU00034,15
2026-03-08,S017,SKU00034,14
2026-03-01,S017,SKU00034,18
2026-02-22,S017,SKU00034,16
2026-04-12,S017,SKU00031,14
2026-04-05,S017,SKU00031,13
2026-03-29,S017,SKU00031,12
2026-03-22,S017,SKU00031,11
2026-03-15,S017,SKU00031,12
2026-03-08,S017,SKU00031,11
2026-03-01,S017,SKU00031,6
2026-02-22,S017,SKU00031,9
2026-04-12,S047,SKU00043,7
2026-04-05,S047,SKU00043,4
2026-03-29,S047,SKU00043,5
2026-03-22,S047,SKU00043,1
2026-03-15,S047,SKU00043,6
2026-03-08,S047,SKU00043,4
2026-03-01,S047,SKU00043,3
2026-02-22,S047,SKU00043,1
2026-04-12,S020,SKU00018,32
2026-04-05,S020,SKU00018,16
2026-03-29,S020,SKU00018,25
2026-03-22,S020,SKU00018,29
2026-03-15,S020,SKU00018,29
2026-03-08,S020,SKU00018,22
2026-03-01,S020,SKU00018,22
2026-02-22,S020,SKU00018,19
2026-04-12,S037,SKU00058,4
2026-04-05,S037,SKU00058,3
2026-03-29,S037,SKU00058,3
2026-03-22,S037,SKU00058,3
2026-03-15,S037,SKU00058,2
2026-03-08,S037,SKU00058,3
2026-03-01,S037,SKU00058,2
2026-02-22,S037,SKU00058,4
2026-04-12,S032,SKU00048,5
2026-04-05,S032,SKU00048,7
2026-03-29,S032,SKU00048,6
2026-03-22,S032,SKU00048,14
2026-03-15,S032,SKU00048,17
2026-03-08,S032,SKU00048,10
2026-03-01,S032,SKU00048,7
2026-02-22,S032,SKU00048,6
2026-04-12,S007,SKU00041,11
2026-04-05,S007,SKU00041,14
2026-03-29,S007,SKU00041,19
2026-03-22,S007,SKU00041,11
2026-03-15,S007,SKU00041,20
2026-03-08,S007,SKU00041,16
2026-03-01,S007,SKU00041,18
2026-02-22,S007,SKU00041,14
2026-04-12,S052,SKU00057,2
2026-04-05,S052,SKU00057,1
2026-03-15,S052,SKU00057,2
2026-03-08,S052,SKU00057,1
2026-03-01,S052,SKU00057,1
2026-02-22,S052,SKU00057,1
2026-04-12,S011,SKU00033,28
2026-04-05,S011,SKU00033,26
2026-03-29,S011,SKU00033,17
2026-03-22,S011,SKU00033,25
2026-03-15,S011,SKU00033,15
2026-03-08,S011,SKU00033,23
2026-03-01,S011,SKU00033,27
2026-02-22,S011,SKU00033,26
2026-04-12,S010,SKU00002,12
2026-04-05,S010,SKU00002,8
2026-03-29,S010,SKU00002,12
2026-03-22,S010,SKU00002,13
2026-03-15,S010,SKU00002,11
2026-03-08,S010,SKU00002,13
2026-03-01,S010,SKU00002,11
2026-02-22,S010,SKU00002,15
2026-04-12,S007,SKU00039,10
2026-04-05,S007,SKU00039,7
2026-03-29,S007,SKU00039,13
2026-03-22,S007,SKU00039,11
2026-03-15,S007,SKU00039,10
2026-03-08,S007,SKU00039,16
2026-03-01,S007,SKU00039,16
2026-02-22,S007,SKU00039,8
2026-04-12,S021,SKU00021,9
2026-04-05,S021,SKU00021,4
2026-03-29,S021,SKU00021,8
2026-03-22,S021,SKU00021,4
2026-03-15,S021,SKU00021,6
2026-03-08,S021,SKU00021,2
2026-03-01,S021,SKU00021,6
2026-02-22,S021,SKU00021,2
2026-04-05,S061,SKU00016,3
2026-03-29,S061,SKU00016,2
2026-03-15,S061,SKU00016,1
2026-02-22,S061,SKU00016,2
2026-04-12,S064,SKU00044,2
2026-04-05,S064,SKU00044,2
2026-03-29,S064,SKU00044,1
2026-03-22,S064,SKU00044,2
2026-03-15,S064,SKU00044,2
2026-03-08,S064,SKU00044,1
2026-04-12,S016,SKU00022,23
2026-04-05,S016,SKU00022,19
2026-03-29,S016,SKU00022,26
2026-03-22,S016,SKU00022,25
2026-03-15,S016,SKU00022,24
2026-03-08,S016,SKU00022,27
2026-03-01,S016,SKU00022,24
2026-02-22,S016,SKU00022,25
2026-04-12,S037,SKU00071,1
2026-04-05,S037,SKU00071,2
2026-03-29,S037,SKU00071,2
2026-03-22,S037,SKU00071,2
2026-03-15,S037,SKU00071,1
2026-03-01,S037,SKU00071,1
2026-02-22,S037,SKU00071,2
2026-04-12,S023,SKU00006,2
2026-04-05,S023,SKU00006,3
2026-03-29,S023,SKU00006,3
2026-03-22,S023,SKU00006,4
2026-03-15,S023,SKU00006,4
2026-03-08,S023,SKU00006,4
2026-03-01,S023,SKU00006,3
2026-02-22,S023,SKU00006,2
2026-04-12,S033,SKU00033,3
2026-04-05,S033,SKU00033,5
2026-03-29,S033,SKU00033,4
2026-03-22,S033,SKU00033,5
2026-03-15,S033,SKU00033,3
2026-03-08,S033,SKU00033,2
2026-03-01,S033,SKU00033,5
2026-02-22,S033,SKU00033,4
2026-04-12,S035,SKU00032,4
2026-04-05,S035,SKU00032,5
2026-03-29,S035,SKU00032,8
2026-03-22,S035,SKU00032,3
2026-03-15,S035,SKU00032,5
2026-03-08,S035,SKU00032,8
2026-03-01,S035,SKU00032,3
2026-02-22,S035,SKU00032,7
2026-04-12,S030,SKU00014,2
2026-04-05,S030,SKU00014,2
2026-03-29,S030,SKU00014,2
2026-03-22,S030,SKU00014,2
2026-03-15,S030,SKU00014,1
2026-03-08,S030,SKU00014,5
2026-03-01,S030,SKU00014,3
2026-02-22,S030,SKU00014,1
2026-04-12,S018,SKU00048,10
2026-04-05,S018,SKU00048,8
2026-03-29,S018,SKU00048,10
2026-03-22,S018,SKU00048,7
2026-03-15,S018,SKU00048,8
2026-03-08,S018,SKU00048,13
2026-03-01,S018,SKU00048,9
2026-02-22,S018,SKU00048,8
2026-04-12,S026,SKU00003,11
2026-04-05,S026,SKU00003,10
2026-03-29,S026,SKU00003,11
2026-03-22,S026,SKU00003,10
2026-03-15,S026,SKU00003,9
2026-03-08,S026,SKU00003,11
2026-03-01,S026,SKU00003,9
2026-02-22,S026,SKU00003,12
2026-04-12,S008,SKU00024,17
2026-04-05,S008,SKU00024,15
2026-03-29,S008,SKU00024,11
2026-03-22,S008,SKU00024,19
2026-03-15,S008,SKU00024,19
2026-03-08,S008,SKU00024,20
2026-03-01,S008,SKU00024,16
2026-02-22,S008,SKU00024,17
2026-04-12,S031,SKU00016,11
2026-04-05,S031,SKU00016,13
2026-03-29,S031,SKU00016,11
2026-03-22,S031,SKU00016,7
2026-03-15,S031,SKU00016,8
2026-03-08,S031,SKU00016,12
2026-03-01,S031,SKU00016,11
2026-02-22,S031,SKU00016,8
2026-04-05,S045,SKU00035,2
2026-03-29,S045,SKU00035,4
2026-03-15,S045,SKU00035,4
2026-03-08,S045,SKU00035,1
2026-03-01,S045,SKU00035,2
2026-02-22,S045,SKU00035,4
2026-04-12,S039,SKU00028,14
2026-04-05,S039,SKU00028,7
2026-03-29,S039,SKU00028,9
2026-03-22,S039,SKU00028,16
2026-03-15,S039,SKU00028,15
2026-03-08,S039,SKU00028,12
2026-03-01,S039,SKU00028,11
2026-02-22,S039,SKU00028,10
2026-04-12,S045,SKU00030,6
2026-04-05,S045,SKU00030,10
2026-03-29,S045,SKU00030,6
2026-03-22,S045,SKU00030,13
2026-03-15,S045,SKU00030,12
2026-03-08,S045,SKU00030,14
2026-03-01,S045,SKU00030,14
2026-02-22,S045,SKU00030,9
2026-04-12,S051,SKU00020,10
2026-04-05,S051,SKU00020,3
2026-03-22,S051,SKU00020,1
2026-03-15,S051,SKU00020,5
2026-03-08,S051,SKU00020,4
2026-03-01,S051,SKU00020,10
2026-02-22,S051,SKU00020,12
2026-04-12,S009,SKU00015,7
2026-04-05,S009,SKU00015,16
2026-03-29,S009,SKU00015,14
2026-03-22,S009,SKU00015,16
2026-03-15,S009,SKU00015,9
2026-03-08,S009,SKU00015,14
2026-03-01,S009,SKU00015,16
2026-02-22,S009,SKU00015,15
2026-04-12,S009,SKU00020,15
2026-04-05,S009,SKU00020,18
2026-03-29,S009,SKU00020,17
2026-03-22,S009,SKU00020,16
2026-03-15,S009,SKU00020,18
2026-03-08,S009,SKU00020,15
2026-03-01,S009,SKU00020,18
2026-02-22,S009,SKU00020,11
2026-03-22,S009,SKU00053,1
2026-03-15,S009,SKU00053,1
2026-03-08,S009,SKU00053,1
2026-03-01,S009,SKU00053,1
2026-04-12,S012,SKU00056,1
2026-04-05,S012,SKU00056,1
2026-03-29,S012,SKU00056,1
2026-03-22,S012,SKU00056,2
2026-03-15,S012,SKU00056,1
2026-03-08,S012,SKU00056,1
2026-03-01,S012,SKU00056,1
2026-02-22,S012,SKU00056,1
2026-04-12,S038,SKU00041,8
2026-04-05,S038,SKU00041,10
2026-03-29,S038,SKU00041,13
2026-03-22,S038,SKU00041,5
2026-03-15,S038,SKU00041,10
2026-03-08,S038,SKU00041,3
2026-03-01,S038,SKU00041,9
2026-02-22,S038,SKU00041,6
2026-04-12,S050,SKU00002,8
2026-04-05,S050,SKU00002,7
2026-03-29,S050,SKU00002,9
2026-03-08,S050,SKU00002,5
2026-03-01,S050,SKU00002,11
2026-02-22,S050,SKU00002,8
2026-04-12,S020,SKU00017,16
2026-04-05,S020,SKU00017,17
2026-03-29,S020,SKU00017,15
2026-03-22,S020,SKU00017,21
2026-03-15,S020,SKU00017,17
2026-03-08,S020,SKU00017,16
2026-03-01,S020,SKU00017,17
2026-02-22,S020,SKU00017,14
2026-04-12,S035,SKU00061,1
2026-04-05,S035,SKU00061,2
2026-03-29,S035,SKU00061,2
2026-03-22,S035,SKU00061,2
2026-03-15,S035,SKU00061,1
2026-03-08,S035,SKU00061,2
2026-03-01,S035,SKU00061,2
2026-02-22,S035,SKU00061,2
2026-04-12,S019,SKU00035,21
2026-04-05,S019,SKU00035,25
2026-03-29,S019,SKU00035,15
2026-03-22,S019,SKU00035,21
2026-03-15,S019,SKU00035,20
2026-03-08,S019,SKU00035,17
2026-03-01,S019,SKU00035,14
2026-02-22,S019,SKU00035,27
2026-04-12,S059,SKU00031,8
2026-03-29,S059,SKU00031,7
2026-03-08,S059,SKU00031,6
2026-03-01,S059,SKU00031,1
2026-03-29,S060,SKU00065,1
2026-03-15,S060,SKU00065,1
2026-03-08,S060,SKU00065,1
2026-03-01,S060,SKU00065,1
2026-04-12,S004,SKU00024,2
2026-04-05,S004,SKU00024,3
2026-03-29,S004,SKU00024,4
2026-03-22,S004,SKU00024,5
2026-03-15,S004,SKU00024,4
2026-03-08,S004,SKU00024,4
2026-03-01,S004,SKU00024,6
2026-02-22,S004,SKU00024,5
2026-04-12,S015,SKU00008,20
2026-04-05,S015,SKU00008,28
2026-03-29,S015,SKU00008,26
2026-03-22,S015,SKU00008,27
2026-03-15,S015,SKU00008,28
2026-03-08,S015,SKU00008,21
2026-03-01,S015,SKU00008,30
2026-02-22,S015,SKU00008,33
2026-04-12,S019,SKU00070,5
2026-04-05,S019,SKU00070,4
2026-03-29,S019,SKU00070,5
2026-03-22,S019,SKU00070,4
2026-03-15,S019,SKU00070,4
2026-03-08,S019,SKU00070,4
2026-03-01,S019,SKU00070,4
2026-02-22,S019,SKU00070,5
2026-04-12,S015,SKU00063,3
2026-04-05,S015,SKU00063,2
2026-03-29,S015,SKU00063,2
2026-03-22,S015,SKU00063,3
2026-03-15,S015,SKU00063,3
2026-03-08,S015,SKU00063,3
2026-03-01,S015,SKU00063,1
2026-02-22,S015,SKU00063,3
2026-04-12,S029,SKU00009,3
2026-04-05,S029,SKU00009,12
2026-03-29,S029,SKU00009,6
2026-03-22,S029,SKU00009,11
2026-03-15,S029,SKU00009,10
2026-03-08,S029,SKU00009,10
2026-03-01,S029,SKU00009,12
2026-02-22,S029,SKU00009,7
2026-04-12,S042,SKU00059,2
2026-04-05,S042,SKU00059,2
2026-03-29,S042,SKU00059,2
2026-03-22,S042,SKU00059,2
2026-03-15,S042,SKU00059,1
2026-03-08,S042,SKU00059,1
2026-03-01,S042,SKU00059,2
2026-02-22,S042,SKU00059,2
2026-04-12,S001,SKU00043,9
2026-04-05,S001,SKU00043,9
2026-03-29,S001,SKU00043,10
2026-03-22,S001,SKU00043,5
2026-03-15,S001,SKU00043,8
2026-03-08,S001,SKU00043,7
2026-03-01,S001,SKU00043,8
2026-02-22,S001,SKU00043,9
2026-04-12,S008,SKU00051,3
2026-04-05,S008,SKU00051,3
2026-03-29,S008,SKU00051,3
2026-03-22,S008,SKU00051,1
2026-03-15,S008,SKU00051,1
2026-03-08,S008,SKU00051,3
2026-03-01,S008,SKU00051,2
2026-02-22,S008,SKU00051,2
2026-04-12,S007,SKU00006,10
2026-04-05,S007,SKU00006,9
2026-03-29,S007,SKU00006,9
2026-03-22,S007,SKU00006,12
2026-03-15,S007,SKU00006,9
2026-03-08,S007,SKU00006,8
2026-03-01,S007,SKU00006,9
2026-02-22,S007,SKU00006,11
2026-04-12,S039,SKU00031,13
2026-04-05,S039,SKU00031,14
2026-03-29,S039,SKU00031,15
2026-03-22,S039,SKU00031,9
2026-03-15,S039,SKU00031,14
2026-03-08,S039,SKU00031,9
2026-03-01,S039,SKU00031,11
2026-02-22,S039,SKU00031,10
2026-04-12,S011,SKU00058,2
2026-04-05,S011,SKU00058,2
2026-03-29,S011,SKU00058,2
2026-03-22,S011,SKU00058,3
2026-03-15,S011,SKU00058,2
2026-03-08,S011,SKU00058,3
2026-03-01,S011,SKU00058,1
2026-02-22,S011,SKU00058,2
2026-04-12,S008,SKU00001,21
2026-04-05,S008,SKU00001,21
2026-03-29,S008,SKU00001,19
2026-03-22,S008,SKU00001,19
2026-03-15,S008,SKU00001,19
2026-03-08,S008,SKU00001,26
2026-03-01,S008,SKU00001,28
2026-02-22,S008,SKU00001,22
2026-04-12,S013,SKU00067,3
2026-04-05,S013,SKU00067,4
2026-03-29,S013,SKU00067,3
2026-03-22,S013,SKU00067,3
2026-03-15,S013,SKU00067,4
2026-03-08,S013,SKU00067,3
2026-03-01,S013,SKU00067,2
2026-02-22,S013,SKU00067,4
2026-04-12,S003,SKU00062,1
2026-04-05,S003,SKU00062,1
2026-03-29,S003,SKU00062,1
2026-03-22,S003,SKU00062,1
2026-03-15,S003,SKU00062,1
2026-03-08,S003,SKU00062,1
2026-03-01,S003,SKU00062,1
2026-04-12,S058,SKU00041,8
2026-04-05,S058,SKU00041,13
2026-03-22,S058,SKU00041,5
2026-03-15,S058,SKU00041,4
2026-03-01,S058,SKU00041,1
2026-02-22,S058,SKU00041,2
2026-04-12,S062,SKU00028,3
2026-04-05,S062,SKU00028,3
2026-03-29,S062,SKU00028,2
2026-03-22,S062,SKU00028,1
2026-03-15,S062,SKU00028,3
2026-03-08,S062,SKU00028,3
2026-03-01,S062,SKU00028,3
2026-02-22,S062,SKU00028,4
2026-04-12,S012,SKU00019,6
2026-04-05,S012,SKU00019,7
2026-03-29,S012,SKU00019,10
2026-03-22,S012,SKU00019,8
2026-03-15,S012,SKU00019,7
2026-03-08,S012,SKU00019,7
2026-03-01,S012,SKU00019,8
2026-02-22,S012,SKU00019,10
2026-04-12,S005,SKU00035,12
2026-04-05,S005,SKU00035,11
2026-03-29,S005,SKU00035,10
2026-03-22,S005,SKU00035,12
2026-03-15,S005,SKU00035,12
2026-03-08,S005,SKU00035,12
2026-03-01,S005,SKU00035,14
2026-02-22,S005,SKU00035,13
2026-04-12,S005,SKU00030,14
2026-04-05,S005,SKU00030,13
2026-03-29,S005,SKU00030,12
2026-03-22,S005,SKU00030,17
2026-03-15,S005,SKU00030,12
2026-03-08,S005,SKU00030,10
2026-03-01,S005,SKU00030,16
2026-02-22,S005,SKU00030,5
2026-04-12,S005,SKU00070,3
2026-04-05,S005,SKU00070,3
2026-03-29,S005,SKU00070,1
2026-03-22,S005,SKU00070,2
2026-03-15,S005,SKU00070,4
2026-03-08,S005,SKU00070,2
2026-03-01,S005,SKU00070,2
2026-02-22,S005,SKU00070,2
2026-04-12,S003,SKU00042,19
2026-04-05,S003,SKU00042,14
2026-03-29,S003,SKU00042,12
2026-03-22,S003,SKU00042,18
2026-03-15,S003,SKU00042,13
2026-03-08,S003,SKU00042,21
2026-03-01,S003,SKU00042,19
2026-02-22,S003,SKU00042,27
2026-04-12,S010,SKU00037,20
2026-04-05,S010,SKU00037,28
2026-03-29,S010,SKU00037,26
2026-03-22,S010,SKU00037,19
2026-03-15,S010,SKU00037,24
2026-03-08,S010,SKU00037,21
2026-03-01,S010,SKU00037,28
2026-02-22,S010,SKU00037,31
2026-04-12,S004,SKU00046,15
2026-04-05,S004,SKU00046,19
2026-03-29,S004,SKU00046,14
2026-03-22,S004,SKU00046,14
2026-03-15,S004,SKU00046,13
2026-03-08,S004,SKU00046,15
2026-03-01,S004,SKU00046,13
2026-02-22,S004,SKU00046,17
2026-04-12,S025,SKU00052,1
2026-04-05,S025,SKU00052,1
2026-02-22,S025,SKU00052,1
2026-04-12,S057,SKU00010,6
2026-04-05,S057,SKU00010,12
2026-03-29,S057,SKU00010,6
2026-03-22,S057,SKU00010,15
2026-03-15,S057,SKU00010,14
2026-03-08,S057,SKU00010,8
2026-03-01,S057,SKU00010,11
2026-02-22,S057,SKU00010,10
2026-04-12,S058,SKU00039,4
2026-04-05,S058,SKU00039,3
2026-03-29,S058,SKU00039,3
2026-03-22,S058,SKU00039,5
2026-03-15,S058,SKU00039,2
2026-03-01,S058,SKU00039,4
2026-02-22,S058,SKU00039,2
2026-04-12,S060,SKU00044,2
2026-03-29,S060,SKU00044,5
2026-03-22,S060,SKU00044,2
2026-03-01,S060,SKU00044,5
2026-02-22,S060,SKU00044,6
2026-04-12,S002,SKU00002,4
2026-04-05,S002,SKU00002,4
2026-03-29,S002,SKU00002,4
2026-03-22,S002,SKU00002,3
2026-03-15,S002,SKU00002,4
2026-03-08,S002,SKU00002,6
2026-03-01,S002,SKU00002,4
2026-02-22,S002,SKU00002,3
2026-04-12,S010,SKU00026,23
2026-04-05,S010,SKU00026,24
2026-03-29,S010,SKU00026,21
2026-03-22,S010,SKU00026,20
2026-03-15,S010,SKU00026,18
2026-03-08,S010,SKU00026,9
2026-03-01,S010,SKU00026,13
2026-02-22,S010,SKU00026,22
2026-04-12,S011,SKU00071,3
2026-04-05,S011,SKU00071,3
2026-03-29,S011,SKU00071,3
2026-03-22,S011,SKU00071,2
2026-03-15,S011,SKU00071,3
2026-03-08,S011,SKU00071,2
2026-03-01,S011,SKU00071,3
2026-02-22,S011,SKU00071,3
2026-04-12,S034,SKU00018,11
2026-04-05,S034,SKU00018,10
2026-03-29,S034,SKU00018,9
2026-03-22,S034,SKU00018,5
2026-03-15,S034,SKU00018,7
2026-03-08,S034,SKU00018,8
2026-03-01,S034,SKU00018,9
2026-02-22,S034,SKU00018,8
2026-04-12,S028,SKU00043,12
2026-04-05,S028,SKU00043,12
2026-03-29,S028,SKU00043,11
2026-03-22,S028,SKU00043,9
2026-03-15,S028,SKU00043,18
2026-03-08,S028,SKU00043,11
2026-03-01,S028,SKU00043,9
2026-02-22,S028,SKU00043,5
2026-04-12,S040,SKU00010,3
2026-04-05,S040,SKU00010,5
2026-03-29,S040,SKU00010,4
2026-03-22,S040,SKU00010,3
2026-03-15,S040,SKU00010,4
2026-03-08,S040,SKU00010,4
2026-03-01,S040,SKU00010,4
2026-02-22,S040,SKU00010,3
2026-04-05,S062,SKU00034,7
2026-03-29,S062,SKU00034,7
2026-03-22,S062,SKU00034,10
2026-03-15,S062,SKU00034,4
2026-03-08,S062,SKU00034,9
2026-02-22,S062,SKU00034,6
2026-04-12,S038,SKU00006,2
2026-04-05,S038,SKU00006,2
2026-03-29,S038,SKU00006,1
2026-03-22,S038,SKU00006,1
2026-03-15,S038,SKU00006,2
2026-03-08,S038,SKU00006,3
2026-03-01,S038,SKU00006,2
2026-02-22,S038,SKU00006,2
2026-04-12,S041,SKU00002,3
2026-04-05,S041,SKU00002,1
2026-03-29,S041,SKU00002,2
2026-03-22,S041,SKU00002,3
2026-03-15,S041,SKU00002,3
2026-03-08,S041,SKU00002,2
2026-03-01,S041,SKU00002,2
2026-02-22,S041,SKU00002,2
2026-04-12,S003,SKU00027,9
2026-04-05,S003,SKU00027,6
2026-03-29,S003,SKU00027,11
2026-03-22,S003,SKU00027,11
2026-03-15,S003,SKU00027,9
2026-03-08,S003,SKU00027,2
2026-03-01,S003,SKU00027,8
2026-02-22,S003,SKU00027,8
2026-04-12,S017,SKU00004,7
2026-04-05,S017,SKU00004,11
2026-03-29,S017,SKU00004,9
2026-03-22,S017,SKU00004,9
2026-03-15,S017,SKU00004,11
2026-03-08,S017,SKU00004,10
2026-03-01,S017,SKU00004,10
2026-02-22,S017,SKU00004,7
2026-04-12,S008,SKU00005,21
2026-04-05,S008,SKU00005,12
2026-03-29,S008,SKU00005,15
2026-03-22,S008,SKU00005,18
2026-03-15,S008,SKU00005,26
2026-03-08,S008,SKU00005,16
2026-03-01,S008,SKU00005,16
2026-02-22,S008,SKU00005,21
2026-04-12,S065,SKU00018,6
2026-04-05,S065,SKU00018,4
2026-03-29,S065,SKU00018,2
2026-03-22,S065,SKU00018,3
2026-03-15,S065,SKU00018,4
2026-03-01,S065,SKU00018,9
2026-02-22,S065,SKU00018,6
2026-03-22,S033,SKU00071,1
2026-03-15,S033,SKU00071,1
2026-04-12,S042,SKU00047,4
2026-04-05,S042,SKU00047,10
2026-03-29,S042,SKU00047,7
2026-03-22,S042,SKU00047,6
2026-03-15,S042,SKU00047,12
2026-03-08,S042,SKU00047,8
2026-03-01,S042,SKU00047,14
2026-02-22,S042,SKU00047,13
2026-04-12,S061,SKU00025,10
2026-04-05,S061,SKU00025,5
2026-03-29,S061,SKU00025,6
2026-03-15,S061,SKU00025,10
2026-03-08,S061,SKU00025,7
2026-03-01,S061,SKU00025,6
2026-02-22,S061,SKU00025,3
2026-04-12,S037,SKU00049,6
2026-04-05,S037,SKU00049,8
2026-03-29,S037,SKU00049,3
2026-03-22,S037,SKU00049,5
2026-03-15,S037,SKU00049,5
2026-03-08,S037,SKU00049,6
2026-03-01,S037,SKU00049,5
2026-02-22,S037,SKU00049,4
2026-04-12,S019,SKU00015,5
2026-04-05,S019,SKU00015,3
2026-03-29,S019,SKU00015,4
2026-03-22,S019,SKU00015,3
2026-03-15,S019,SKU00015,3
2026-03-08,S019,SKU00015,5
2026-03-01,S019,SKU00015,4
2026-02-22,S019,SKU00015,4
2026-04-12,S019,SKU00020,14
2026-04-05,S019,SKU00020,8
2026-03-29,S019,SKU00020,17
2026-03-22,S019,SKU00020,12
2026-03-15,S019,SKU00020,11
2026-03-08,S019,SKU00020,6
2026-03-01,S019,SKU00020,13
2026-02-22,S019,SKU00020,12
2026-04-12,S019,SKU00053,2
2026-04-05,S019,SKU00053,3
2026-03-29,S019,SKU00053,2
2026-03-22,S019,SKU00053,3
2026-03-15,S019,SKU00053,2
2026-03-08,S019,SKU00053,2
2026-03-01,S019,SKU00053,2
2026-02-22,S019,SKU00053,2
2026-04-12,S043,SKU00060,1
2026-04-05,S043,SKU00060,1
2026-03-29,S043,SKU00060,1
2026-03-15,S043,SKU00060,1
2026-03-01,S043,SKU00060,1
2026-04-12,S061,SKU00007,2
2026-04-05,S061,SKU00007,4
2026-03-29,S061,SKU00007,3
2026-03-22,S061,SKU00007,2
2026-03-15,S061,SKU00007,11
2026-03-08,S061,SKU00007,12
2026-03-01,S061,SKU00007,11
2026-02-22,S061,SKU00007,10
2026-04-12,S020,SKU00032,21
2026-04-05,S020,SKU00032,22
2026-03-29,S020,SKU00032,18
2026-03-22,S020,SKU00032,17
2026-03-15,S020,SKU00032,18
2026-03-08,S020,SKU00032,15
2026-03-01,S020,SKU00032,18
2026-02-22,S020,SKU00032,16
2026-04-12,S024,SKU00023,1
2026-04-05,S024,SKU00023,3
2026-03-29,S024,SKU00023,2
2026-03-22,S024,SKU00023,3
2026-03-15,S024,SKU00023,2
2026-03-01,S024,SKU00023,2
2026-02-22,S024,SKU00023,5
2026-04-12,S031,SKU00038,2
2026-04-05,S031,SKU00038,3
2026-03-29,S031,SKU00038,1
2026-03-22,S031,SKU00038,2
2026-03-15,S031,SKU00038,2
2026-03-08,S031,SKU00038,3
2026-03-01,S031,SKU00038,2
2026-02-22,S031,SKU00038,2
2026-04-12,S004,SKU00005,11
2026-04-05,S004,SKU00005,10
2026-03-29,S004,SKU00005,10
2026-03-22,S004,SKU00005,12
2026-03-15,S004,SKU00005,9
2026-03-08,S004,SKU00005,10
2026-03-01,S004,SKU00005,11
2026-02-22,S004,SKU00005,10
2026-04-12,S013,SKU00011,14
2026-04-05,S013,SKU00011,16
2026-03-29,S013,SKU00011,13
2026-03-22,S013,SKU00011,14
2026-03-15,S013,SKU00011,14
2026-03-08,S013,SKU00011,16
2026-03-01,S013,SKU00011,14
2026-02-22,S013,SKU00011,14
2026-04-12,S046,SKU00033,1
2026-04-05,S046,SKU00033,3
2026-03-22,S046,SKU00033,1
2026-03-15,S046,SKU00033,3
2026-03-01,S046,SKU00033,2
2026-02-22,S046,SKU00033,5
2026-04-12,S031,SKU00025,11
2026-04-05,S031,SKU00025,11
2026-03-29,S031,SKU00025,13
2026-03-22,S031,SKU00025,10
2026-03-15,S031,SKU00025,18
2026-03-08,S031,SKU00025,11
2026-03-01,S031,SKU00025,8
2026-02-22,S031,SKU00025,14
2026-04-12,S029,SKU00058,2
2026-04-05,S029,SKU00058,2
2026-03-29,S029,SKU00058,3
2026-03-22,S029,SKU00058,2
2026-03-15,S029,SKU00058,2
2026-03-08,S029,SKU00058,2
2026-03-01,S029,SKU00058,2
2026-02-22,S029,SKU00058,2
2026-04-12,S020,SKU00061,4
2026-04-05,S020,SKU00061,4
2026-03-29,S020,SKU00061,4
2026-03-22,S020,SKU00061,3
2026-03-15,S020,SKU00061,3
2026-03-08,S020,SKU00061,5
2026-03-01,S020,SKU00061,4
2026-02-22,S020,SKU00061,3
2026-04-12,S011,SKU00014,16
2026-04-05,S011,SKU00014,13
2026-03-29,S011,SKU00014,15
2026-03-22,S011,SKU00014,17
2026-03-15,S011,SKU00014,16
2026-03-08,S011,SKU00014,14
2026-03-01,S011,SKU00014,16
2026-02-22,S011,SKU00014,18
2026-04-12,S006,SKU00030,16
2026-04-05,S006,SKU00030,14
2026-03-29,S006,SKU00030,21
2026-03-22,S006,SKU00030,12
2026-03-15,S006,SKU00030,15
2026-03-08,S006,SKU00030,16
2026-03-01,S006,SKU00030,20
2026-02-22,S006,SKU00030,8
2026-04-12,S016,SKU00012,15
2026-04-05,S016,SKU00012,16
2026-03-29,S016,SKU00012,13
2026-03-22,S016,SKU00012,13
2026-03-15,S016,SKU00012,19
2026-03-08,S016,SKU00012,19
2026-03-01,S016,SKU00012,14
2026-02-22,S016,SKU00012,19
2026-04-12,S024,SKU00029,5
2026-04-05,S024,SKU00029,3
2026-03-29,S024,SKU00029,4
2026-03-22,S024,SKU00029,4
2026-03-15,S024,SKU00029,5
2026-03-08,S024,SKU00029,5
2026-03-01,S024,SKU00029,3
2026-02-22,S024,SKU00029,3
2026-04-12,S014,SKU00056,3
2026-04-05,S014,SKU00056,3
2026-03-29,S014,SKU00056,3
2026-03-22,S014,SKU00056,3
2026-03-15,S014,SKU00056,3
2026-03-08,S014,SKU00056,2
2026-03-01,S014,SKU00056,4
2026-02-22,S014,SKU00056,3
2026-04-12,S033,SKU00047,14
2026-04-05,S033,SKU00047,18
2026-03-29,S033,SKU00047,16
2026-03-22,S033,SKU00047,18
2026-03-15,S033,SKU00047,16
2026-03-08,S033,SKU00047,14
2026-03-01,S033,SKU00047,17
2026-02-22,S033,SKU00047,14
2026-04-12,S005,SKU00015,15
2026-04-05,S005,SKU00015,15
2026-03-29,S005,SKU00015,16
2026-03-22,S005,SKU00015,23
2026-03-15,S005,SKU00015,14
2026-03-08,S005,SKU00015,21
2026-03-01,S005,SKU00015,12
2026-02-22,S005,SKU00015,17
2026-04-12,S005,SKU00020,9
2026-04-05,S005,SKU00020,2
2026-03-29,S005,SKU00020,6
2026-03-22,S005,SKU00020,13
2026-03-15,S005,SKU00020,7
2026-03-08,S005,SKU00020,9
2026-03-01,S005,SKU00020,7
2026-02-22,S005,SKU00020,7
2026-04-12,S005,SKU00053,1
2026-04-05,S005,SKU00053,1
2026-03-29,S005,SKU00053,1
2026-03-22,S005,SKU00053,1
2026-03-15,S005,SKU00053,2
2026-03-08,S005,SKU00053,2
2026-03-01,S005,SKU00053,2
2026-02-22,S005,SKU00053,3
2026-04-12,S002,SKU00064,2
2026-04-05,S002,SKU00064,3
2026-03-29,S002,SKU00064,4
2026-03-22,S002,SKU00064,3
2026-03-15,S002,SKU00064,2
2026-03-08,S002,SKU00064,2
2026-03-01,S002,SKU00064,3
2026-02-22,S002,SKU00064,4
2026-04-12,S010,SKU00069,2
2026-04-05,S010,SKU00069,2
2026-03-29,S010,SKU00069,1
2026-03-22,S010,SKU00069,2
2026-03-15,S010,SKU00069,2
2026-03-08,S010,SKU00069,2
2026-03-01,S010,SKU00069,2
2026-02-22,S010,SKU00069,1
2026-04-12,S034,SKU00017,13
2026-04-05,S034,SKU00017,4
2026-03-29,S034,SKU00017,14
2026-03-22,S034,SKU00017,9
2026-03-15,S034,SKU00017,10
2026-03-08,S034,SKU00017,17
2026-03-01,S034,SKU00017,7
2026-02-22,S034,SKU00017,11
2026-04-12,S012,SKU00044,9
2026-04-05,S012,SKU00044,10
2026-03-29,S012,SKU00044,10
2026-03-22,S012,SKU00044,10
2026-03-15,S012,SKU00044,8
2026-03-08,S012,SKU00044,12
2026-03-01,S012,SKU00044,11
2026-02-22,S012,SKU00044,11
2026-04-12,S059,SKU00070,1
2026-04-05,S059,SKU00070,1
2026-03-29,S059,SKU00070,1
2026-03-22,S059,SKU00070,1
2026-03-15,S059,SKU00070,1
2026-03-01,S059,SKU00070,1
2026-04-12,S041,SKU00064,1
2026-03-22,S041,SKU00064,1
2026-03-15,S041,SKU00064,2
2026-03-08,S041,SKU00064,1
2026-03-01,S041,SKU00064,1
2026-02-22,S041,SKU00064,2
2026-04-12,S039,SKU00035,11
2026-04-05,S039,SKU00035,11
2026-03-29,S039,SKU00035,9
2026-03-22,S039,SKU00035,7
2026-03-15,S039,SKU00035,6
2026-03-08,S039,SKU00035,9
2026-03-01,S039,SKU00035,6
2026-02-22,S039,SKU00035,4
2026-04-12,S002,SKU00037,20
2026-04-05,S002,SKU00037,16
2026-03-29,S002,SKU00037,16
2026-03-22,S002,SKU00037,16
2026-03-15,S002,SKU00037,19
2026-03-08,S002,SKU00037,16
2026-03-01,S002,SKU00037,18
2026-02-22,S002,SKU00037,14
2026-04-12,S029,SKU00071,2
2026-04-05,S029,SKU00071,2
2026-03-29,S029,SKU00071,3
2026-03-22,S029,SKU00071,1
2026-03-15,S029,SKU00071,2
2026-03-08,S029,SKU00071,2
2026-03-01,S029,SKU00071,1
2026-02-22,S029,SKU00071,1
2026-04-12,S008,SKU00003,24
2026-04-05,S008,SKU00003,26
2026-03-29,S008,SKU00003,21
2026-03-22,S008,SKU00003,17
2026-03-15,S008,SKU00003,25
2026-03-08,S008,SKU00003,18
2026-03-01,S008,SKU00003,25
2026-02-22,S008,SKU00003,17
2026-04-05,S051,SKU00053,1
2026-04-12,S065,SKU00017,1
2026-04-05,S065,SKU00017,6
2026-03-29,S065,SKU00017,6
2026-03-22,S065,SKU00017,2
2026-03-15,S065,SKU00017,8
2026-03-08,S065,SKU00017,4
2026-03-01,S065,SKU00017,6
2026-02-22,S065,SKU00017,3
2026-04-12,S018,SKU00002,19
2026-04-05,S018,SKU00002,21
2026-03-29,S018,SKU00002,17
2026-03-22,S018,SKU00002,19
2026-03-15,S018,SKU00002,22
2026-03-08,S018,SKU00002,21
2026-03-01,S018,SKU00002,21
2026-02-22,S018,SKU00002,20
2026-04-12,S041,SKU00037,5
2026-04-05,S041,SKU00037,5
2026-03-29,S041,SKU00037,5
2026-03-22,S041,SKU00037,5
2026-03-15,S041,SKU00037,3
2026-03-08,S041,SKU00037,3
2026-03-01,S041,SKU00037,4
2026-02-22,S041,SKU00037,5
2026-04-12,S002,SKU00026,32
2026-04-05,S002,SKU00026,22
2026-03-29,S002,SKU00026,15
2026-03-22,S002,SKU00026,26
2026-03-15,S002,SKU00026,20
2026-03-08,S002,SKU00026,25
2026-03-01,S002,SKU00026,23
2026-02-22,S002,SKU00026,26
2026-04-12,S040,SKU00018,5
2026-04-05,S040,SKU00018,7
2026-03-29,S040,SKU00018,7
2026-03-22,S040,SKU00018,1
2026-03-15,S040,SKU00018,3
2026-03-08,S040,SKU00018,5
2026-03-01,S040,SKU00018,6
2026-02-22,S040,SKU00018,6
2026-04-12,S045,SKU00064,3
2026-04-05,S045,SKU00064,1
2026-03-29,S045,SKU00064,5
2026-03-22,S045,SKU00064,4
2026-03-15,S045,SKU00064,3
2026-03-08,S045,SKU00064,3
2026-03-01,S045,SKU00064,2
2026-02-22,S045,SKU00064,3
2026-04-12,S053,SKU00019,5
2026-04-05,S053,SKU00019,8
2026-03-29,S053,SKU00019,3
2026-03-22,S053,SKU00019,15
2026-03-08,S053,SKU00019,2
2026-02-22,S053,SKU00019,1
2026-04-12,S010,SKU00009,23
2026-04-05,S010,SKU00009,35
2026-03-29,S010,SKU00009,37
2026-03-22,S010,SKU00009,32
2026-03-15,S010,SKU00009,26
2026-03-08,S010,SKU00009,28
2026-03-01,S010,SKU00009,31
2026-02-22,S010,SKU00009,28
2026-04-12,S026,SKU00030,12
2026-04-05,S026,SKU00030,10
2026-03-29,S026,SKU00030,14
2026-03-22,S026,SKU00030,10
2026-03-15,S026,SKU00030,10
2026-03-08,S026,SKU00030,9
2026-03-01,S026,SKU00030,5
2026-02-22,S026,SKU00030,5
2026-04-12,S053,SKU00055,1
2026-03-29,S053,SKU00055,1
2026-03-22,S053,SKU00055,1
2026-03-15,S053,SKU00055,1
2026-03-08,S053,SKU00055,2
2026-03-01,S053,SKU00055,1
2026-04-12,S014,SKU00019,12
2026-04-05,S014,SKU00019,10
2026-03-29,S014,SKU00019,9
2026-03-22,S014,SKU00019,7
2026-03-15,S014,SKU00019,14
2026-03-08,S014,SKU00019,10
2026-03-01,S014,SKU00019,12
2026-02-22,S014,SKU00019,7
2026-04-12,S041,SKU00026,8
2026-04-05,S041,SKU00026,8
2026-03-29,S041,SKU00026,9
2026-03-22,S041,SKU00026,8
2026-03-15,S041,SKU00026,12
2026-03-08,S041,SKU00026,9
2026-03-01,S041,SKU00026,3
2026-02-22,S041,SKU00026,9
2026-04-12,S004,SKU00003,12
2026-04-05,S004,SKU00003,14
2026-03-29,S004,SKU00003,18
2026-03-22,S004,SKU00003,21
2026-03-15,S004,SKU00003,13
2026-03-08,S004,SKU00003,15
2026-03-01,S004,SKU00003,16
2026-02-22,S004,SKU00003,22
2026-04-12,S011,SKU00049,4
2026-04-05,S011,SKU00049,3
2026-03-29,S011,SKU00049,2
2026-03-22,S011,SKU00049,2
2026-03-15,S011,SKU00049,2
2026-03-08,S011,SKU00049,2
2026-03-01,S011,SKU00049,3
2026-02-22,S011,SKU00049,3
2026-04-12,S054,SKU00050,5
2026-04-05,S054,SKU00050,4
2026-03-29,S054,SKU00050,9
2026-03-22,S054,SKU00050,5
2026-03-15,S054,SKU00050,3
2026-03-08,S054,SKU00050,4
2026-03-01,S054,SKU00050,4
2026-02-22,S054,SKU00050,4
2026-04-12,S014,SKU00055,3
2026-04-05,S014,SKU00055,3
2026-03-29,S014,SKU00055,4
2026-03-22,S014,SKU00055,3
2026-03-15,S014,SKU00055,3
2026-03-08,S014,SKU00055,3
2026-03-01,S014,SKU00055,4
2026-02-22,S014,SKU00055,3
2026-04-12,S044,SKU00023,7
2026-04-05,S044,SKU00023,6
2026-03-29,S044,SKU00023,10
2026-03-22,S044,SKU00023,7
2026-03-15,S044,SKU00023,8
2026-03-08,S044,SKU00023,7
2026-03-01,S044,SKU00023,13
2026-02-22,S044,SKU00023,9
2026-04-12,S040,SKU00021,5
2026-04-05,S040,SKU00021,9
2026-03-29,S040,SKU00021,8
2026-03-22,S040,SKU00021,4
2026-03-15,S040,SKU00021,9
2026-03-08,S040,SKU00021,5
2026-03-01,S040,SKU00021,4
2026-02-22,S040,SKU00021,4
2026-04-05,S048,SKU00019,1
2026-03-22,S048,SKU00019,1
2026-03-15,S048,SKU00019,1
2026-02-22,S048,SKU00019,4
2026-03-29,S050,SKU00074,1
2026-04-12,S010,SKU00057,1
2026-04-05,S010,SKU00057,1
2026-03-29,S010,SKU00057,1
2026-03-15,S010,SKU00057,1
2026-03-08,S010,SKU00057,1
2026-03-01,S010,SKU00057,1
2026-02-22,S010,SKU00057,1
2026-04-12,S064,SKU00023,11
2026-04-05,S064,SKU00023,6
2026-03-29,S064,SKU00023,11
2026-03-22,S064,SKU00023,3
2026-03-15,S064,SKU00023,10
2026-03-08,S064,SKU00023,4
2026-02-22,S064,SKU00023,6
2026-04-12,S029,SKU00047,22
2026-04-05,S029,SKU00047,15
2026-03-29,S029,SKU00047,11
2026-03-22,S029,SKU00047,19
2026-03-15,S029,SKU00047,19
2026-03-08,S029,SKU00047,17
2026-03-01,S029,SKU00047,11
2026-02-22,S029,SKU00047,22
2026-04-12,S033,SKU00049,10
2026-04-05,S033,SKU00049,8
2026-03-29,S033,SKU00049,10
2026-03-22,S033,SKU00049,9
2026-03-15,S033,SKU00049,8
2026-03-08,S033,SKU00049,11
2026-03-01,S033,SKU00049,3
2026-02-22,S033,SKU00049,7
2026-04-12,S006,SKU00053,3
2026-04-05,S006,SKU00053,1
2026-03-29,S006,SKU00053,2
2026-03-22,S006,SKU00053,2
2026-03-15,S006,SKU00053,2
2026-03-08,S006,SKU00053,2
2026-03-01,S006,SKU00053,2
2026-02-22,S006,SKU00053,2
2026-04-12,S050,SKU00009,7
2026-04-05,S050,SKU00009,6
2026-03-29,S050,SKU00009,2
2026-03-22,S050,SKU00009,5
2026-03-01,S050,SKU00009,9
2026-02-22,S050,SKU00009,1
2026-04-12,S009,SKU00072,1
2026-03-01,S009,SKU00072,1
2026-04-12,S013,SKU00024,10
2026-04-05,S013,SKU00024,21
2026-03-29,S013,SKU00024,26
2026-03-22,S013,SKU00024,14
2026-03-15,S013,SKU00024,17
2026-03-08,S013,SKU00024,17
2026-03-01,S013,SKU00024,21
2026-02-22,S013,SKU00024,16
2026-04-12,S032,SKU00026,4
2026-04-05,S032,SKU00026,6
2026-03-29,S032,SKU00026,9
2026-03-22,S032,SKU00026,9
2026-03-15,S032,SKU00026,7
2026-03-08,S032,SKU00026,6
2026-03-01,S032,SKU00026,8
2026-02-22,S032,SKU00026,5
2026-04-12,S062,SKU00004,1
2026-04-05,S062,SKU00004,1
2026-03-29,S062,SKU00004,2
2026-03-15,S062,SKU00004,1
2026-03-01,S062,SKU00004,1
2026-02-22,S062,SKU00004,1
2026-04-12,S034,SKU00032,13
2026-04-05,S034,SKU00032,8
2026-03-29,S034,SKU00032,15
2026-03-15,S034,SKU00032,12
2026-03-08,S034,SKU00032,6
2026-03-01,S034,SKU00032,9
2026-02-22,S034,SKU00032,8
2026-04-12,S050,SKU00057,1
2026-03-29,S050,SKU00057,1
2026-03-15,S050,SKU00057,1
2026-03-01,S050,SKU00057,1
2026-04-12,S039,SKU00015,1
2026-04-05,S039,SKU00015,2
2026-03-29,S039,SKU00015,1
2026-03-15,S039,SKU00015,3
2026-03-08,S039,SKU00015,1
2026-03-01,S039,SKU00015,1
2026-02-22,S039,SKU00015,2
2026-04-12,S015,SKU00023,10
2026-04-05,S015,SKU00023,9
2026-03-29,S015,SKU00023,11
2026-03-22,S015,SKU00023,15
2026-03-15,S015,SKU00023,12
2026-03-08,S015,SKU00023,10
2026-03-01,S015,SKU00023,16
2026-02-22,S015,SKU00023,9
2026-04-12,S027,SKU00019,17
2026-04-05,S027,SKU00019,7
2026-03-29,S027,SKU00019,15
2026-03-22,S027,SKU00019,12
2026-03-15,S027,SKU00019,11
2026-03-08,S027,SKU00019,18
2026-03-01,S027,SKU00019,10
2026-02-22,S027,SKU00019,17
2026-04-05,S036,SKU00068,1
2026-03-29,S036,SKU00068,1
2026-03-22,S036,SKU00068,1
2026-03-15,S036,SKU00068,1
2026-03-01,S036,SKU00068,1
2026-02-22,S036,SKU00068,1
2026-04-12,S013,SKU00051,3
2026-04-05,S013,SKU00051,3
2026-03-29,S013,SKU00051,2
2026-03-22,S013,SKU00051,3
2026-03-15,S013,SKU00051,3
2026-03-08,S013,SKU00051,3
2026-03-01,S013,SKU00051,3
2026-02-22,S013,SKU00051,3
2026-04-12,S017,SKU00022,17
2026-04-05,S017,SKU00022,23
2026-03-29,S017,SKU00022,26
2026-03-22,S017,SKU00022,23
2026-03-15,S017,SKU00022,24
2026-03-08,S017,SKU00022,24
2026-03-01,S017,SKU00022,17
2026-02-22,S017,SKU00022,26
2026-03-08,S054,SKU00065,1
2026-04-12,S024,SKU00034,8
2026-04-05,S024,SKU00034,5
2026-03-29,S024,SKU00034,7
2026-03-22,S024,SKU00034,4
2026-03-15,S024,SKU00034,6
2026-03-08,S024,SKU00034,5
2026-03-01,S024,SKU00034,6
2026-02-22,S024,SKU00034,10
2026-04-12,S027,SKU00055,1
2026-04-05,S027,SKU00055,1
2026-03-29,S027,SKU00055,1
2026-03-08,S027,SKU00055,2
2026-02-22,S027,SKU00055,1
2026-04-12,S049,SKU00061,1
2026-03-29,S049,SKU00061,1
2026-03-08,S049,SKU00061,1
2026-02-22,S049,SKU00061,1
2026-04-05,S034,SKU00061,1
2026-03-22,S034,SKU00061,2
2026-03-08,S034,SKU00061,1
2026-03-01,S034,SKU00061,2
2026-04-12,S013,SKU00001,4
2026-04-05,S013,SKU00001,5
2026-03-29,S013,SKU00001,3
2026-03-22,S013,SKU00001,4
2026-03-15,S013,SKU00001,3
2026-03-08,S013,SKU00001,3
2026-03-01,S013,SKU00001,5
2026-02-22,S013,SKU00001,4
2026-04-12,S018,SKU00037,9
2026-04-05,S018,SKU00037,9
2026-03-29,S018,SKU00037,7
2026-03-22,S018,SKU00037,6
2026-03-15,S018,SKU00037,7
2026-03-08,S018,SKU00037,6
2026-03-01,S018,SKU00037,6
2026-02-22,S018,SKU00037,6
2026-04-12,S002,SKU00074,3
2026-04-05,S002,SKU00074,3
2026-03-29,S002,SKU00074,3
2026-03-22,S002,SKU00074,2
2026-03-15,S002,SKU00074,3
2026-03-08,S002,SKU00074,3
2026-03-01,S002,SKU00074,3
2026-02-22,S002,SKU00074,3
2026-04-12,S023,SKU00050,14
2026-04-05,S023,SKU00050,12
2026-03-29,S023,SKU00050,14
2026-03-22,S023,SKU00050,9
2026-03-15,S023,SKU00050,13
2026-03-08,S023,SKU00050,12
2026-03-01,S023,SKU00050,5
2026-04-12,S013,SKU00046,21
2026-04-05,S013,SKU00046,10
2026-03-29,S013,SKU00046,19
2026-03-22,S013,SKU00046,18
2026-03-15,S013,SKU00046,19
2026-03-08,S013,SKU00046,15
2026-03-01,S013,SKU00046,21
2026-02-22,S013,SKU00046,18
2026-04-12,S015,SKU00027,10
2026-04-05,S015,SKU00027,12
2026-03-29,S015,SKU00027,13
2026-03-22,S015,SKU00027,14
2026-03-15,S015,SKU00027,13
2026-03-08,S015,SKU00027,14
2026-03-01,S015,SKU00027,11
2026-02-22,S015,SKU00027,14
2026-04-12,S018,SKU00026,11
2026-04-05,S018,SKU00026,13
2026-03-29,S018,SKU00026,12
2026-03-22,S018,SKU00026,11
2026-03-15,S018,SKU00026,13
2026-03-08,S018,SKU00026,12
2026-03-01,S018,SKU00026,9
2026-02-22,S018,SKU00026,10
2026-04-12,S008,SKU00048,20
2026-04-05,S008,SKU00048,14
2026-03-29,S008,SKU00048,12
2026-03-22,S008,SKU00048,23
2026-03-15,S008,SKU00048,23
2026-03-08,S008,SKU00048,14
2026-03-01,S008,SKU00048,10
2026-02-22,S008,SKU00048,19
2026-04-12,S014,SKU00063,3
2026-04-05,S014,SKU00063,1
2026-03-29,S014,SKU00063,1
2026-03-22,S014,SKU00063,2
2026-03-15,S014,SKU00063,2
2026-03-08,S014,SKU00063,2
2026-03-01,S014,SKU00063,2
2026-02-22,S014,SKU00063,3
2026-04-12,S007,SKU00056,2
2026-04-05,S007,SKU00056,2
2026-03-29,S007,SKU00056,2
2026-03-22,S007,SKU00056,2
2026-03-15,S007,SKU00056,1
2026-03-08,S007,SKU00056,1
2026-03-01,S007,SKU00056,2
2026-02-22,S007,SKU00056,2
2026-04-12,S014,SKU00044,20
2026-04-05,S014,SKU00044,8
2026-03-29,S014,SKU00044,13
2026-03-22,S014,SKU00044,18
2026-03-15,S014,SKU00044,14
2026-03-08,S014,SKU00044,13
2026-03-01,S014,SKU00044,17
2026-02-22,S014,SKU00044,20
2026-04-12,S029,SKU00049,13
2026-04-05,S029,SKU00049,14
2026-03-29,S029,SKU00049,10
2026-03-22,S029,SKU00049,12
2026-03-15,S029,SKU00049,14
2026-03-08,S029,SKU00049,10
2026-03-01,S029,SKU00049,7
2026-02-22,S029,SKU00049,12
2026-04-12,S035,SKU00054,4
2026-04-05,S035,SKU00054,3
2026-03-29,S035,SKU00054,4
2026-03-22,S035,SKU00054,3
2026-03-15,S035,SKU00054,4
2026-03-08,S035,SKU00054,2
2026-03-01,S035,SKU00054,3
2026-02-22,S035,SKU00054,2
2026-03-29,S046,SKU00014,1
2026-03-15,S046,SKU00014,2
2026-03-08,S046,SKU00014,1
2026-03-01,S046,SKU00014,2
2026-02-22,S046,SKU00014,1
2026-04-12,S022,SKU00023,14
2026-04-05,S022,SKU00023,11
2026-03-29,S022,SKU00023,15
2026-03-22,S022,SKU00023,16
2026-03-15,S022,SKU00023,12
2026-03-08,S022,SKU00023,17
2026-03-01,S022,SKU00023,16
2026-02-22,S022,SKU00023,21
2026-04-12,S010,SKU00059,3
2026-04-05,S010,SKU00059,4
2026-03-29,S010,SKU00059,3
2026-03-22,S010,SKU00059,4
2026-03-15,S010,SKU00059,3
2026-03-08,S010,SKU00059,4
2026-03-01,S010,SKU00059,3
2026-02-22,S010,SKU00059,3
2026-04-12,S048,SKU00044,1
2026-04-05,S048,SKU00044,1
2026-03-29,S048,SKU00044,2
2026-03-22,S048,SKU00044,1
2026-03-15,S048,SKU00044,2
2026-03-08,S048,SKU00044,2
2026-03-01,S048,SKU00044,3
2026-02-22,S048,SKU00044,1
2026-04-12,S016,SKU00058,3
2026-04-05,S016,SKU00058,3
2026-03-29,S016,SKU00058,1
2026-03-22,S016,SKU00058,2
2026-03-15,S016,SKU00058,2
2026-03-08,S016,SKU00058,2
2026-03-01,S016,SKU00058,3
2026-02-22,S016,SKU00058,3
2026-04-12,S004,SKU00048,25
2026-04-05,S004,SKU00048,26
2026-03-29,S004,SKU00048,16
2026-03-22,S004,SKU00048,22
2026-03-15,S004,SKU00048,18
2026-03-08,S004,SKU00048,21
2026-03-01,S004,SKU00048,21
2026-02-22,S004,SKU00048,24
2026-04-12,S001,SKU00010,10
2026-04-05,S001,SKU00010,12
2026-03-29,S001,SKU00010,10
2026-03-22,S001,SKU00010,14
2026-03-15,S001,SKU00010,13
2026-03-08,S001,SKU00010,13
2026-03-01,S001,SKU00010,16
2026-02-22,S001,SKU00010,14
2026-04-12,S006,SKU00064,1
2026-04-05,S006,SKU00064,1
2026-03-29,S006,SKU00064,1
2026-03-22,S006,SKU00064,2
2026-03-15,S006,SKU00064,1
2026-03-08,S006,SKU00064,1
2026-03-01,S006,SKU00064,1
2026-02-22,S006,SKU00064,2
2026-04-12,S007,SKU00050,3
2026-04-05,S007,SKU00050,3
2026-03-29,S007,SKU00050,3
2026-03-22,S007,SKU00050,3
2026-03-15,S007,SKU00050,3
2026-03-08,S007,SKU00050,5
2026-03-01,S007,SKU00050,2
2026-02-22,S007,SKU00050,2
2026-04-12,S054,SKU00044,5
2026-04-05,S054,SKU00044,1
2026-03-08,S054,SKU00044,3
2026-03-01,S054,SKU00044,5
2026-02-22,S054,SKU00044,1
2026-04-12,S004,SKU00004,6
2026-04-05,S004,SKU00004,8
2026-03-29,S004,SKU00004,7
2026-03-22,S004,SKU00004,7
2026-03-15,S004,SKU00004,10
2026-03-08,S004,SKU00004,9
2026-03-01,S004,SKU00004,10
2026-02-22,S004,SKU00004,10
2026-04-12,S042,SKU00043,2
2026-04-05,S042,SKU00043,2
2026-03-29,S042,SKU00043,4
2026-03-22,S042,SKU00043,2
2026-03-15,S042,SKU00043,3
2026-03-08,S042,SKU00043,3
2026-03-01,S042,SKU00043,3
2026-02-22,S042,SKU00043,4
2026-04-12,S060,SKU00024,6
2026-04-05,S060,SKU00024,3
2026-03-29,S060,SKU00024,7
2026-03-22,S060,SKU00024,10
2026-03-15,S060,SKU00024,2
2026-03-01,S060,SKU00024,3
2026-02-22,S060,SKU00024,1
2026-04-12,S044,SKU00028,12
2026-04-05,S044,SKU00028,15
2026-03-29,S044,SKU00028,17
2026-03-22,S044,SKU00028,18
2026-03-15,S044,SKU00028,20
2026-03-08,S044,SKU00028,13
2026-03-01,S044,SKU00028,11
2026-02-22,S044,SKU00028,11
2026-04-12,S013,SKU00005,8
2026-04-05,S013,SKU00005,7
2026-03-29,S013,SKU00005,6
2026-03-22,S013,SKU00005,7
2026-03-15,S013,SKU00005,7
2026-03-08,S013,SKU00005,7
2026-03-01,S013,SKU00005,5
2026-02-22,S013,SKU00005,5
2026-04-12,S022,SKU00029,15
2026-04-05,S022,SKU00029,21
2026-03-29,S022,SKU00029,26
2026-03-22,S022,SKU00029,20
2026-03-15,S022,SKU00029,20
2026-03-08,S022,SKU00029,23
2026-03-01,S022,SKU00029,17
2026-02-22,S022,SKU00029,18
2026-04-12,S063,SKU00065,1
2026-04-05,S063,SKU00065,1
2026-03-29,S063,SKU00065,1
2026-03-22,S063,SKU00065,1
2026-03-15,S063,SKU00065,1
2026-03-01,S063,SKU00065,2
2026-02-22,S063,SKU00065,1
2026-04-12,S064,SKU00028,3
2026-04-05,S064,SKU00028,9
2026-03-22,S064,SKU00028,6
2026-03-15,S064,SKU00028,4
2026-03-08,S064,SKU00028,10
2026-03-01,S064,SKU00028,9
2026-02-22,S064,SKU00028,6
2026-04-12,S019,SKU00072,4
2026-04-05,S019,SKU00072,5
2026-03-29,S019,SKU00072,4
2026-03-22,S019,SKU00072,3
2026-03-15,S019,SKU00072,4
2026-03-08,S019,SKU00072,2
2026-03-01,S019,SKU00072,2
2026-02-22,S019,SKU00072,4
2026-04-12,S043,SKU00007,8
2026-04-05,S043,SKU00007,7
2026-03-29,S043,SKU00007,5
2026-03-22,S043,SKU00007,7
2026-03-15,S043,SKU00007,7
2026-03-08,S043,SKU00007,7
2026-03-01,S043,SKU00007,8
2026-02-22,S043,SKU00007,11
2026-04-12,S023,SKU00065,2
2026-04-05,S023,SKU00065,2
2026-03-29,S023,SKU00065,2
2026-03-15,S023,SKU00065,1
2026-03-08,S023,SKU00065,3
2026-03-01,S023,SKU00065,1
2026-02-22,S023,SKU00065,3
2026-04-05,S050,SKU00059,1
2026-03-29,S050,SKU00059,1
2026-03-15,S050,SKU00059,1
2026-04-12,S032,SKU00009,6
2026-04-05,S032,SKU00009,7
2026-03-29,S032,SKU00009,8
2026-03-22,S032,SKU00009,11
2026-03-15,S032,SKU00009,9
2026-03-08,S032,SKU00009,9
2026-03-01,S032,SKU00009,14
2026-02-22,S032,SKU00009,17
2026-04-12,S003,SKU00030,9
2026-04-05,S003,SKU00030,9
2026-03-29,S003,SKU00030,7
2026-03-22,S003,SKU00030,9
2026-03-15,S003,SKU00030,10
2026-03-08,S003,SKU00030,12
2026-03-01,S003,SKU00030,9
2026-02-22,S003,SKU00030,9
2026-04-12,S018,SKU00069,2
2026-04-05,S018,SKU00069,2
2026-03-29,S018,SKU00069,4
2026-03-22,S018,SKU00069,3
2026-03-15,S018,SKU00069,2
2026-03-08,S018,SKU00069,4
2026-03-01,S018,SKU00069,2
2026-02-22,S018,SKU00069,5
2026-03-29,S027,SKU00063,1
2026-04-12,S039,SKU00022,8
2026-04-05,S039,SKU00022,2
2026-03-29,S039,SKU00022,4
2026-03-22,S039,SKU00022,2
2026-03-15,S039,SKU00022,6
2026-03-08,S039,SKU00022,7
2026-03-01,S039,SKU00022,3
2026-02-22,S039,SKU00022,5
2026-04-12,S060,SKU00046,3
2026-04-05,S060,SKU00046,5
2026-03-29,S060,SKU00046,1
2026-03-22,S060,SKU00046,4
2026-03-15,S060,SKU00046,7
2026-03-08,S060,SKU00046,5
2026-03-01,S060,SKU00046,2
2026-02-22,S060,SKU00046,3
2026-04-12,S035,SKU00008,7
2026-04-05,S035,SKU00008,10
2026-03-29,S035,SKU00008,7
2026-03-22,S035,SKU00008,8
2026-03-15,S035,SKU00008,9
2026-03-08,S035,SKU00008,9
2026-03-01,S035,SKU00008,12
2026-02-22,S035,SKU00008,8
2026-04-12,S028,SKU00010,5
2026-04-05,S028,SKU00010,6
2026-03-29,S028,SKU00010,3
2026-03-22,S028,SKU00010,6
2026-03-15,S028,SKU00010,3
2026-03-08,S028,SKU00010,4
2026-03-01,S028,SKU00010,5
2026-02-22,S028,SKU00010,6
2026-04-12,S026,SKU00064,1
2026-04-05,S026,SKU00064,1
2026-03-22,S026,SKU00064,1
2026-03-15,S026,SKU00064,1
2026-03-08,S026,SKU00064,2
2026-03-01,S026,SKU00064,1
2026-02-22,S026,SKU00064,1
2026-04-12,S032,SKU00057,2
2026-04-05,S032,SKU00057,1
2026-03-29,S032,SKU00057,2
2026-03-22,S032,SKU00057,1
2026-03-15,S032,SKU00057,1
2026-03-08,S032,SKU00057,2
2026-03-01,S032,SKU00057,2
2026-02-22,S032,SKU00057,1
2026-04-12,S038,SKU00050,8
2026-04-05,S038,SKU00050,4
2026-03-29,S038,SKU00050,6
2026-03-22,S038,SKU00050,2
2026-03-15,S038,SKU00050,12
2026-03-08,S038,SKU00050,7
2026-03-01,S038,SKU00050,12
2026-02-22,S038,SKU00050,14
2026-04-12,S043,SKU00073,3
2026-04-05,S043,SKU00073,1
2026-03-29,S043,SKU00073,2
2026-03-22,S043,SKU00073,1
2026-03-15,S043,SKU00073,1
2026-03-08,S043,SKU00073,1
2026-03-01,S043,SKU00073,2
2026-02-22,S043,SKU00073,2
2026-04-12,S036,SKU00010,7
2026-04-05,S036,SKU00010,8
2026-03-29,S036,SKU00010,7
2026-03-22,S036,SKU00010,6
2026-03-15,S036,SKU00010,12
2026-03-08,S036,SKU00010,3
2026-03-01,S036,SKU00010,8
2026-02-22,S036,SKU00010,11
2026-04-12,S018,SKU00074,3
2026-04-05,S018,SKU00074,4
2026-03-29,S018,SKU00074,3
2026-03-22,S018,SKU00074,4
2026-03-15,S018,SKU00074,3
2026-03-08,S018,SKU00074,4
2026-03-01,S018,SKU00074,4
2026-02-22,S018,SKU00074,3
2026-04-12,S025,SKU00067,2
2026-04-05,S025,SKU00067,1
2026-03-29,S025,SKU00067,2
2026-03-08,S025,SKU00067,1
2026-03-01,S025,SKU00067,2
2026-02-22,S025,SKU00067,2
2026-04-12,S010,SKU00047,9
2026-04-05,S010,SKU00047,8
2026-03-29,S010,SKU00047,9
2026-03-22,S010,SKU00047,9
2026-03-15,S010,SKU00047,7
2026-03-08,S010,SKU00047,7
2026-03-01,S010,SKU00047,8
2026-02-22,S010,SKU00047,9
2026-04-12,S007,SKU00065,1
2026-04-05,S007,SKU00065,2
2026-03-29,S007,SKU00065,2
2026-03-22,S007,SKU00065,2
2026-03-15,S007,SKU00065,1
2026-03-08,S007,SKU00065,2
2026-03-01,S007,SKU00065,2
2026-02-22,S007,SKU00065,1
2026-04-12,S012,SKU00023,8
2026-04-05,S012,SKU00023,6
2026-03-29,S012,SKU00023,6
2026-03-22,S012,SKU00023,6
2026-03-15,S012,SKU00023,6
2026-03-08,S012,SKU00023,6
2026-03-01,S012,SKU00023,5
2026-02-22,S012,SKU00023,6
2026-04-12,S020,SKU00019,3
2026-04-05,S020,SKU00019,3
2026-03-29,S020,SKU00019,3
2026-03-22,S020,SKU00019,2
2026-03-15,S020,SKU00019,3
2026-03-08,S020,SKU00019,2
2026-03-01,S020,SKU00019,1
2026-02-22,S020,SKU00019,3
2026-04-12,S040,SKU00052,1
2026-03-15,S040,SKU00052,1
2026-03-08,S040,SKU00052,1
2026-03-01,S040,SKU00052,1
2026-04-12,S018,SKU00009,8
2026-04-05,S018,SKU00009,10
2026-03-29,S018,SKU00009,7
2026-03-22,S018,SKU00009,9
2026-03-15,S018,SKU00009,5
2026-03-08,S018,SKU00009,9
2026-03-01,S018,SKU00009,11
2026-02-22,S018,SKU00009,6
2026-04-12,S024,SKU00035,10
2026-04-05,S024,SKU00035,10
2026-03-29,S024,SKU00035,9
2026-03-22,S024,SKU00035,3
2026-03-15,S024,SKU00035,9
2026-03-08,S024,SKU00035,7
2026-03-01,S024,SKU00035,4
2026-02-22,S024,SKU00035,2
2026-04-12,S053,SKU00040,2
2026-04-05,S053,SKU00040,5
2026-03-29,S053,SKU00040,5
2026-03-22,S053,SKU00040,10
2026-03-15,S053,SKU00040,5
2026-03-08,S053,SKU00040,5
2026-03-01,S053,SKU00040,6
2026-02-22,S053,SKU00040,7
2026-04-12,S013,SKU00003,9
2026-04-05,S013,SKU00003,15
2026-03-29,S013,SKU00003,12
2026-03-22,S013,SKU00003,10
2026-03-15,S013,SKU00003,11
2026-03-08,S013,SKU00003,9
2026-03-01,S013,SKU00003,16
2026-02-22,S013,SKU00003,16
2026-04-12,S024,SKU00070,1
2026-04-05,S024,SKU00070,1
2026-03-29,S024,SKU00070,1
2026-03-22,S024,SKU00070,1
2026-03-15,S024,SKU00070,1
2026-03-08,S024,SKU00070,1
2026-03-01,S024,SKU00070,1
2026-02-22,S024,SKU00070,1
2026-04-12,S021,SKU00044,1
2026-04-05,S021,SKU00044,4
2026-03-29,S021,SKU00044,6
2026-03-22,S021,SKU00044,9
2026-03-15,S021,SKU00044,5
2026-03-08,S021,SKU00044,5
2026-03-01,S021,SKU00044,5
2026-02-22,S021,SKU00044,4
2026-04-12,S061,SKU00041,5
2026-03-22,S061,SKU00041,3
2026-03-08,S061,SKU00041,1
2026-03-01,S061,SKU00041,3
2026-02-22,S061,SKU00041,2
2026-04-12,S016,SKU00014,5
2026-04-05,S016,SKU00014,8
2026-03-29,S016,SKU00014,9
2026-03-22,S016,SKU00014,7
2026-03-15,S016,SKU00014,9
2026-03-08,S016,SKU00014,9
2026-03-01,S016,SKU00014,10
2026-02-22,S016,SKU00014,11
2026-04-12,S062,SKU00022,4
2026-03-29,S062,SKU00022,4
2026-03-22,S062,SKU00022,6
2026-03-15,S062,SKU00022,2
2026-03-08,S062,SKU00022,5
2026-03-01,S062,SKU00022,2
2026-02-22,S062,SKU00022,4
2026-04-12,S020,SKU00054,3
2026-04-05,S020,SKU00054,3
2026-03-29,S020,SKU00054,3
2026-03-22,S020,SKU00054,2
2026-03-15,S020,SKU00054,2
2026-03-08,S020,SKU00054,3
2026-03-01,S020,SKU00054,2
2026-02-22,S020,SKU00054,2
2026-04-12,S043,SKU00036,6
2026-04-05,S043,SKU00036,7
2026-03-29,S043,SKU00036,5
2026-03-22,S043,SKU00036,7
2026-03-15,S043,SKU00036,5
2026-03-08,S043,SKU00036,7
2026-03-01,S043,SKU00036,7
2026-02-22,S043,SKU00036,5
2026-04-12,S051,SKU00013,7
2026-04-05,S051,SKU00013,6
2026-03-29,S051,SKU00013,5
2026-03-22,S051,SKU00013,3
2026-03-15,S051,SKU00013,6
2026-03-08,S051,SKU00013,12
2026-03-01,S051,SKU00013,6
2026-02-22,S051,SKU00013,14
2026-04-12,S058,SKU00050,5
2026-04-05,S058,SKU00050,2
2026-03-29,S058,SKU00050,1
2026-03-22,S058,SKU00050,1
2026-03-15,S058,SKU00050,2
2026-03-08,S058,SKU00050,2
2026-03-01,S058,SKU00050,2
2026-02-22,S058,SKU00050,2
2026-04-12,S061,SKU00017,4
2026-04-05,S061,SKU00017,11
2026-03-29,S061,SKU00017,6
2026-03-22,S061,SKU00017,1
2026-03-15,S061,SKU00017,1
2026-03-08,S061,SKU00017,6
2026-03-01,S061,SKU00017,5
2026-02-22,S061,SKU00017,7
2026-04-12,S017,SKU00012,15
2026-04-05,S017,SKU00012,21
2026-03-29,S017,SKU00012,17
2026-03-22,S017,SKU00012,20
2026-03-15,S017,SKU00012,18
2026-03-08,S017,SKU00012,17
2026-03-01,S017,SKU00012,25
2026-02-22,S017,SKU00012,17
2026-04-12,S037,SKU00068,2
2026-04-05,S037,SKU00068,2
2026-03-29,S037,SKU00068,1
2026-03-22,S037,SKU00068,1
2026-03-15,S037,SKU00068,2
2026-03-08,S037,SKU00068,2
2026-03-01,S037,SKU00068,3
2026-02-22,S037,SKU00068,2
2026-04-12,S001,SKU00018,22
2026-04-05,S001,SKU00018,21
2026-03-29,S001,SKU00018,21
2026-03-22,S001,SKU00018,13
2026-03-15,S001,SKU00018,16
2026-03-08,S001,SKU00018,20
2026-03-01,S001,SKU00018,19
2026-02-22,S001,SKU00018,15
2026-04-12,S061,SKU00039,3
2026-04-05,S061,SKU00039,4
2026-03-29,S061,SKU00039,5
2026-03-22,S061,SKU00039,8
2026-03-15,S061,SKU00039,8
2026-03-08,S061,SKU00039,6
2026-03-01,S061,SKU00039,2
2026-02-22,S061,SKU00039,4
2026-04-12,S029,SKU00043,11
2026-04-05,S029,SKU00043,9
2026-03-29,S029,SKU00043,8
2026-03-22,S029,SKU00043,5
2026-03-15,S029,SKU00043,7
2026-03-08,S029,SKU00043,5
2026-03-01,S029,SKU00043,7
2026-02-22,S029,SKU00043,8
2026-04-12,S007,SKU00044,3
2026-04-05,S007,SKU00044,3
2026-03-29,S007,SKU00044,2
2026-03-22,S007,SKU00044,3
2026-03-15,S007,SKU00044,2
2026-03-08,S007,SKU00044,3
2026-03-01,S007,SKU00044,3
2026-02-22,S007,SKU00044,3
2026-04-12,S003,SKU00020,5
2026-04-05,S003,SKU00020,7
2026-03-29,S003,SKU00020,6
2026-03-22,S003,SKU00020,5
2026-03-15,S003,SKU00020,5
2026-03-08,S003,SKU00020,6
2026-03-01,S003,SKU00020,6
2026-02-22,S003,SKU00020,5
2026-04-12,S003,SKU00053,1
2026-04-05,S003,SKU00053,2
2026-03-29,S003,SKU00053,1
2026-03-22,S003,SKU00053,1
2026-03-15,S003,SKU00053,2
2026-03-08,S003,SKU00053,2
2026-03-01,S003,SKU00053,1
2026-02-22,S003,SKU00053,1
2026-04-12,S017,SKU00069,2
2026-04-05,S017,SKU00069,2
2026-03-29,S017,SKU00069,2
2026-03-22,S017,SKU00069,2
2026-03-15,S017,SKU00069,1
2026-03-08,S017,SKU00069,2
2026-03-01,S017,SKU00069,2
2026-02-22,S017,SKU00069,3
2026-04-12,S025,SKU00011,9
2026-04-05,S025,SKU00011,12
2026-03-29,S025,SKU00011,12
2026-03-22,S025,SKU00011,12
2026-03-15,S025,SKU00011,8
2026-03-08,S025,SKU00011,9
2026-03-01,S025,SKU00011,9
2026-02-22,S025,SKU00011,7
2026-04-12,S006,SKU00072,2
2026-04-05,S006,SKU00072,2
2026-03-29,S006,SKU00072,2
2026-03-22,S006,SKU00072,2
2026-03-15,S006,SKU00072,2
2026-03-08,S006,SKU00072,2
2026-03-01,S006,SKU00072,3
2026-02-22,S006,SKU00072,2
2026-04-12,S022,SKU00034,8
2026-04-05,S022,SKU00034,9
2026-03-29,S022,SKU00034,8
2026-03-22,S022,SKU00034,8
2026-03-15,S022,SKU00034,7
2026-03-08,S022,SKU00034,8
2026-03-01,S022,SKU00034,9
2026-02-22,S022,SKU00034,6
2026-04-12,S022,SKU00031,4
2026-04-05,S022,SKU00031,4
2026-03-29,S022,SKU00031,4
2026-03-22,S022,SKU00031,3
2026-03-15,S022,SKU00031,3
2026-03-08,S022,SKU00031,4
2026-03-01,S022,SKU00031,6
2026-02-22,S022,SKU00031,1
2026-04-12,S016,SKU00049,8
2026-04-05,S016,SKU00049,8
2026-03-29,S016,SKU00049,9
2026-03-22,S016,SKU00049,6
2026-03-15,S016,SKU00049,8
2026-03-08,S016,SKU00049,8
2026-03-01,S016,SKU00049,7
2026-02-22,S016,SKU00049,8
2026-04-12,S056,SKU00016,2
2026-04-05,S056,SKU00016,1
2026-03-29,S056,SKU00016,4
2026-03-22,S056,SKU00016,1
2026-03-15,S056,SKU00016,2
2026-03-08,S056,SKU00016,3
2026-03-01,S056,SKU00016,2
2026-02-22,S056,SKU00016,3
2026-04-12,S008,SKU00002,4
2026-04-05,S008,SKU00002,5
2026-03-29,S008,SKU00002,4
2026-03-22,S008,SKU00002,5
2026-03-15,S008,SKU00002,3
2026-03-08,S008,SKU00002,4
2026-03-01,S008,SKU00002,4
2026-02-22,S008,SKU00002,4
2026-04-12,S019,SKU00033,17
2026-04-05,S019,SKU00033,19
2026-03-29,S019,SKU00033,15
2026-03-22,S019,SKU00033,18
2026-03-15,S019,SKU00033,18
2026-03-08,S019,SKU00033,18
2026-03-01,S019,SKU00033,17
2026-02-22,S019,SKU00033,17
2026-04-12,S028,SKU00018,14
2026-04-05,S028,SKU00018,7
2026-03-29,S028,SKU00018,15
2026-03-22,S028,SKU00018,16
2026-03-15,S028,SKU00018,11
2026-03-08,S028,SKU00018,15
2026-03-01,S028,SKU00018,9
2026-02-22,S028,SKU00018,10
2026-04-12,S002,SKU00013,10
2026-04-05,S002,SKU00013,8
2026-03-29,S002,SKU00013,8
2026-03-22,S002,SKU00013,8
2026-03-15,S002,SKU00013,8
2026-03-08,S002,SKU00013,10
2026-03-01,S002,SKU00013,11
2026-02-22,S002,SKU00013,7
2026-04-12,S017,SKU00009,6
2026-04-05,S017,SKU00009,4
2026-03-29,S017,SKU00009,5
2026-03-22,S017,SKU00009,4
2026-03-15,S017,SKU00009,6
2026-03-08,S017,SKU00009,4
2026-03-01,S017,SKU00009,5
2026-02-22,S017,SKU00009,4
2026-04-12,S020,SKU00008,11
2026-04-05,S020,SKU00008,13
2026-03-29,S020,SKU00008,10
2026-03-22,S020,SKU00008,12
2026-03-15,S020,SKU00008,7
2026-03-08,S020,SKU00008,11
2026-03-01,S020,SKU00008,11
2026-02-22,S020,SKU00008,12
2026-03-22,S020,SKU00063,1
2026-03-15,S020,SKU00063,1
2026-04-12,S030,SKU00010,13
2026-04-05,S030,SKU00010,14
2026-03-29,S030,SKU00010,18
2026-03-22,S030,SKU00010,13
2026-03-15,S030,SKU00010,14
2026-03-08,S030,SKU00010,13
2026-03-01,S030,SKU00010,8
2026-02-22,S030,SKU00010,13
2026-04-12,S035,SKU00040,12
2026-04-05,S035,SKU00040,12
2026-03-29,S035,SKU00040,13
2026-03-22,S035,SKU00040,7
2026-03-15,S035,SKU00040,7
2026-03-08,S035,SKU00040,15
2026-03-01,S035,SKU00040,16
2026-02-22,S035,SKU00040,9
2026-04-12,S041,SKU00013,11
2026-04-05,S041,SKU00013,9
2026-03-29,S041,SKU00013,15
2026-03-22,S041,SKU00013,7
2026-03-15,S041,SKU00013,10
2026-03-08,S041,SKU00013,9
2026-03-01,S041,SKU00013,8
2026-02-22,S041,SKU00013,14
2026-04-12,S058,SKU00065,2
2026-04-05,S058,SKU00065,1
2026-03-29,S058,SKU00065,2
2026-03-22,S058,SKU00065,2
2026-03-08,S058,SKU00065,1
2026-03-01,S058,SKU00065,1
2026-02-22,S058,SKU00065,1
2026-04-12,S024,SKU00015,3
2026-04-05,S024,SKU00015,2
2026-03-29,S024,SKU00015,3
2026-03-22,S024,SKU00015,3
2026-03-15,S024,SKU00015,4
2026-03-08,S024,SKU00015,2
2026-03-01,S024,SKU00015,1
2026-02-22,S024,SKU00015,4
2026-04-12,S004,SKU00002,24
2026-04-05,S004,SKU00002,24
2026-03-29,S004,SKU00002,28
2026-03-22,S004,SKU00002,30
2026-03-15,S004,SKU00002,28
2026-03-08,S004,SKU00002,23
2026-03-01,S004,SKU00002,24
2026-02-22,S004,SKU00002,21
2026-04-12,S064,SKU00030,1
2026-03-29,S064,SKU00030,1
2026-03-08,S064,SKU00030,1
2026-02-22,S064,SKU00030,1
2026-04-12,S026,SKU00072,1
2026-04-05,S026,SKU00072,1
2026-03-29,S026,SKU00072,1
2026-03-22,S026,SKU00072,1
2026-03-15,S026,SKU00072,1
2026-03-08,S026,SKU00072,1
2026-03-01,S026,SKU00072,1
2026-04-12,S012,SKU00028,15
2026-04-05,S012,SKU00028,19
2026-03-29,S012,SKU00028,15
2026-03-22,S012,SKU00028,19
2026-03-15,S012,SKU00028,24
2026-03-08,S012,SKU00028,14
2026-03-01,S012,SKU00028,17
2026-02-22,S012,SKU00028,14
2026-04-12,S036,SKU00021,2
2026-04-05,S036,SKU00021,4
2026-03-29,S036,SKU00021,1
2026-03-22,S036,SKU00021,2
2026-03-15,S036,SKU00021,2
2026-03-08,S036,SKU00021,2
2026-03-01,S036,SKU00021,4
2026-02-22,S036,SKU00021,2
2026-04-12,S059,SKU00012,3
2026-04-05,S059,SKU00012,3
2026-03-29,S059,SKU00012,2
2026-03-22,S059,SKU00012,5
2026-03-15,S059,SKU00012,3
2026-03-08,S059,SKU00012,7
2026-03-01,S059,SKU00012,4
2026-02-22,S059,SKU00012,4
2026-04-12,S005,SKU00033,6
2026-04-05,S005,SKU00033,8
2026-03-29,S005,SKU00033,8
2026-03-22,S005,SKU00033,13
2026-03-15,S005,SKU00033,10
2026-03-08,S005,SKU00033,7
2026-03-01,S005,SKU00033,7
2026-02-22,S005,SKU00033,10
2026-04-12,S031,SKU00006,14
2026-04-05,S031,SKU00006,10
2026-03-29,S031,SKU00006,15
2026-03-22,S031,SKU00006,11
2026-03-15,S031,SKU00006,11
2026-03-08,S031,SKU00006,13
2026-03-01,S031,SKU00006,4
2026-02-22,S031,SKU00006,12
2026-04-12,S053,SKU00042,1
2026-03-29,S053,SKU00042,1
2026-03-22,S053,SKU00042,1
2026-03-15,S053,SKU00042,1
2026-03-08,S053,SKU00042,1
2026-04-12,S018,SKU00059,3
2026-04-05,S018,SKU00059,3
2026-03-29,S018,SKU00059,3
2026-03-22,S018,SKU00059,2
2026-03-15,S018,SKU00059,3
2026-03-08,S018,SKU00059,4
2026-03-01,S018,SKU00059,1
2026-02-22,S018,SKU00059,3
2026-04-12,S011,SKU00068,2
2026-04-05,S011,SKU00068,2
2026-03-29,S011,SKU00068,2
2026-03-22,S011,SKU00068,3
2026-03-15,S011,SKU00068,2
2026-03-08,S011,SKU00068,3
2026-03-01,S011,SKU00068,2
2026-02-22,S011,SKU00068,1
2026-04-12,S039,SKU00012,7
2026-04-05,S039,SKU00012,5
2026-03-29,S039,SKU00012,6
2026-03-22,S039,SKU00012,5
2026-03-15,S039,SKU00012,7
2026-03-08,S039,SKU00012,5
2026-03-01,S039,SKU00012,8
2026-02-22,S039,SKU00012,11
2026-04-12,S013,SKU00048,10
2026-04-05,S013,SKU00048,8
2026-03-29,S013,SKU00048,10
2026-03-22,S013,SKU00048,9
2026-03-15,S013,SKU00048,10
2026-03-08,S013,SKU00048,10
2026-03-01,S013,SKU00048,8
2026-02-22,S013,SKU00048,12
2026-04-12,S034,SKU00019,4
2026-04-05,S034,SKU00019,8
2026-03-29,S034,SKU00019,7
2026-03-22,S034,SKU00019,7
2026-03-15,S034,SKU00019,5
2026-03-08,S034,SKU00019,8
2026-03-01,S034,SKU00019,8
2026-02-22,S034,SKU00019,9
2026-04-12,S014,SKU00023,17
2026-04-05,S014,SKU00023,12
2026-03-29,S014,SKU00023,10
2026-03-22,S014,SKU00023,13
2026-03-15,S014,SKU00023,17
2026-03-08,S014,SKU00023,14
2026-03-01,S014,SKU00023,17
2026-02-22,S014,SKU00023,18
2026-04-12,S013,SKU00004,13
2026-04-05,S013,SKU00004,6
2026-03-29,S013,SKU00004,9
2026-03-22,S013,SKU00004,9
2026-03-15,S013,SKU00004,11
2026-03-08,S013,SKU00004,10
2026-03-01,S013,SKU00004,8
2026-02-22,S013,SKU00004,9
2026-04-12,S003,SKU00064,3
2026-04-05,S003,SKU00064,3
2026-03-29,S003,SKU00064,3
2026-03-22,S003,SKU00064,3
2026-03-15,S003,SKU00064,5
2026-03-08,S003,SKU00064,3
2026-03-01,S003,SKU00064,3
2026-02-22,S003,SKU00064,4
2026-04-12,S012,SKU00031,6
2026-04-05,S012,SKU00031,6
2026-03-29,S012,SKU00031,5
2026-03-22,S012,SKU00031,6
2026-03-15,S012,SKU00031,5
2026-03-08,S012,SKU00031,7
2026-03-01,S012,SKU00031,6
2026-02-22,S012,SKU00031,6
2026-04-12,S037,SKU00010,3
2026-04-05,S037,SKU00010,4
2026-03-29,S037,SKU00010,2
2026-03-22,S037,SKU00010,3
2026-03-15,S037,SKU00010,4
2026-03-08,S037,SKU00010,5
2026-03-01,S037,SKU00010,5
2026-02-22,S037,SKU00010,5
2026-04-12,S032,SKU00047,8
2026-04-05,S032,SKU00047,4
2026-03-29,S032,SKU00047,6
2026-03-22,S032,SKU00047,6
2026-03-15,S032,SKU00047,10
2026-03-08,S032,SKU00047,9
2026-03-01,S032,SKU00047,7
2026-02-22,S032,SKU00047,7
2026-04-12,S033,SKU00068,3
2026-04-05,S033,SKU00068,2
2026-03-29,S033,SKU00068,3
2026-03-22,S033,SKU00068,1
2026-03-15,S033,SKU00068,2
2026-03-08,S033,SKU00068,3
2026-03-01,S033,SKU00068,2
2026-02-22,S033,SKU00068,2
2026-04-05,S047,SKU00052,1
2026-03-22,S047,SKU00052,1
2026-04-12,S048,SKU00023,6
2026-04-05,S048,SKU00023,5
2026-03-29,S048,SKU00023,5
2026-03-22,S048,SKU00023,4
2026-03-15,S048,SKU00023,4
2026-03-08,S048,SKU00023,7
2026-03-01,S048,SKU00023,4
2026-04-12,S058,SKU00044,6
2026-04-05,S058,SKU00044,3
2026-03-29,S058,SKU00044,6
2026-03-22,S058,SKU00044,4
2026-03-15,S058,SKU00044,7
2026-03-08,S058,SKU00044,5
2026-03-01,S058,SKU00044,4
2026-02-22,S058,SKU00044,7
2026-04-12,S015,SKU00035,12
2026-04-05,S015,SKU00035,20
2026-03-29,S015,SKU00035,14
2026-03-22,S015,SKU00035,14
2026-03-15,S015,SKU00035,13
2026-03-08,S015,SKU00035,10
2026-03-01,S015,SKU00035,9
2026-02-22,S015,SKU00035,16
2026-04-12,S015,SKU00030,7
2026-04-05,S015,SKU00030,7
2026-03-29,S015,SKU00030,5
2026-03-22,S015,SKU00030,6
2026-03-15,S015,SKU00030,6
2026-03-08,S015,SKU00030,6
2026-03-01,S015,SKU00030,5
2026-02-22,S015,SKU00030,5
2026-03-29,S015,SKU00070,1
2026-03-22,S015,SKU00070,1
2026-03-15,S015,SKU00070,1
2026-03-08,S015,SKU00070,1
2026-04-12,S049,SKU00054,1
2026-03-29,S049,SKU00054,1
2026-02-22,S049,SKU00054,1
2026-04-12,S054,SKU00023,4
2026-04-05,S054,SKU00023,3
2026-03-29,S054,SKU00023,5
2026-03-22,S054,SKU00023,2
2026-03-15,S054,SKU00023,7
2026-03-08,S054,SKU00023,8
2026-03-01,S054,SKU00023,6
2026-02-22,S054,SKU00023,3
2026-03-29,S065,SKU00055,1
2026-03-22,S065,SKU00055,1
2026-04-12,S008,SKU00037,7
2026-04-05,S008,SKU00037,10
2026-03-29,S008,SKU00037,9
2026-03-22,S008,SKU00037,9
2026-03-15,S008,SKU00037,9
2026-03-08,S008,SKU00037,9
2026-03-01,S008,SKU00037,10
2026-02-22,S008,SKU00037,4
2026-04-12,S062,SKU00012,2
2026-04-05,S062,SKU00012,3
2026-03-29,S062,SKU00012,2
2026-03-22,S062,SKU00012,4
2026-03-15,S062,SKU00012,2
2026-03-08,S062,SKU00012,10
2026-02-22,S062,SKU00012,1
2026-04-12,S055,SKU00054,1
2026-03-29,S055,SKU00054,1
2026-03-22,S055,SKU00054,2
2026-03-15,S055,SKU00054,1
2026-03-08,S055,SKU00054,1
2026-03-01,S055,SKU00054,1
2026-04-12,S008,SKU00026,4
2026-04-05,S008,SKU00026,4
2026-03-29,S008,SKU00026,5
2026-03-22,S008,SKU00026,3
2026-03-15,S008,SKU00026,4
2026-03-08,S008,SKU00026,5
2026-03-01,S008,SKU00026,5
2026-02-22,S008,SKU00026,5
2026-04-12,S044,SKU00015,7
2026-04-05,S044,SKU00015,13
2026-03-29,S044,SKU00015,8
2026-03-22,S044,SKU00015,4
2026-03-15,S044,SKU00015,4
2026-03-08,S044,SKU00015,8
2026-03-01,S044,SKU00015,6
2026-02-22,S044,SKU00015,3
2026-04-12,S044,SKU00020,2
2026-04-05,S044,SKU00020,5
2026-03-29,S044,SKU00020,4
2026-03-22,S044,SKU00020,2
2026-03-15,S044,SKU00020,4
2026-03-08,S044,SKU00020,2
2026-03-01,S044,SKU00020,4
2026-02-22,S044,SKU00020,5
2026-04-12,S056,SKU00038,3
2026-04-05,S056,SKU00038,3
2026-03-29,S056,SKU00038,5
2026-03-22,S056,SKU00038,2
2026-03-15,S056,SKU00038,1
2026-03-08,S056,SKU00038,2
2026-02-22,S056,SKU00038,2
2026-04-12,S009,SKU00060,3
2026-04-05,S009,SKU00060,5
2026-03-29,S009,SKU00060,4
2026-03-22,S009,SKU00060,4
2026-03-15,S009,SKU00060,3
2026-03-08,S009,SKU00060,4
2026-03-01,S009,SKU00060,3
2026-02-22,S009,SKU00060,5
2026-04-12,S004,SKU00037,12
2026-04-05,S004,SKU00037,11
2026-03-29,S004,SKU00037,14
2026-03-22,S004,SKU00037,10
2026-03-15,S004,SKU00037,11
2026-03-08,S004,SKU00037,14
2026-03-01,S004,SKU00037,10
2026-02-22,S004,SKU00037,15
2026-04-12,S018,SKU00047,18
2026-04-05,S018,SKU00047,18
2026-03-29,S018,SKU00047,23
2026-03-22,S018,SKU00047,23
2026-03-15,S018,SKU00047,15
2026-03-08,S018,SKU00047,23
2026-03-01,S018,SKU00047,12
2026-02-22,S018,SKU00047,19
2026-04-12,S017,SKU00058,3
2026-04-05,S017,SKU00058,5
2026-03-29,S017,SKU00058,4
2026-03-22,S017,SKU00058,4
2026-03-15,S017,SKU00058,4
2026-03-08,S017,SKU00058,6
2026-03-01,S017,SKU00058,5
2026-02-22,S017,SKU00058,5
2026-04-12,S025,SKU00051,3
2026-04-05,S025,SKU00051,3
2026-03-29,S025,SKU00051,1
2026-03-22,S025,SKU00051,2
2026-03-15,S025,SKU00051,2
2026-03-08,S025,SKU00051,3
2026-03-01,S025,SKU00051,2
2026-02-22,S025,SKU00051,4
2026-04-12,S027,SKU00023,3
2026-04-05,S027,SKU00023,3
2026-03-29,S027,SKU00023,5
2026-03-22,S027,SKU00023,3
2026-03-15,S027,SKU00023,4
2026-03-08,S027,SKU00023,3
2026-03-01,S027,SKU00023,5
2026-02-22,S027,SKU00023,3
2026-04-12,S056,SKU00025,5
2026-04-05,S056,SKU00025,6
2026-03-29,S056,SKU00025,10
2026-03-22,S056,SKU00025,1
2026-03-15,S056,SKU00025,2
2026-03-08,S056,SKU00025,4
2026-03-01,S056,SKU00025,4
2026-02-22,S056,SKU00025,4
2026-04-12,S024,SKU00022,3
2026-04-05,S024,SKU00022,3
2026-03-29,S024,SKU00022,2
2026-03-22,S024,SKU00022,3
2026-03-15,S024,SKU00022,5
2026-03-08,S024,SKU00022,3
2026-03-01,S024,SKU00022,4
2026-02-22,S024,SKU00022,2
2026-04-12,S035,SKU00042,6
2026-04-05,S035,SKU00042,9
2026-03-29,S035,SKU00042,11
2026-03-22,S035,SKU00042,6
2026-03-15,S035,SKU00042,14
2026-03-08,S035,SKU00042,9
2026-03-01,S035,SKU00042,12
2026-02-22,S035,SKU00042,11
2026-04-12,S001,SKU00032,11
2026-04-05,S001,SKU00032,13
2026-03-29,S001,SKU00032,13
2026-03-22,S001,SKU00032,11
2026-03-15,S001,SKU00032,11
2026-03-08,S001,SKU00032,15
2026-03-01,S001,SKU00032,11
2026-02-22,S001,SKU00032,11
2026-04-12,S004,SKU00026,14
2026-04-05,S004,SKU00026,13
2026-03-29,S004,SKU00026,8
2026-03-22,S004,SKU00026,10
2026-03-15,S004,SKU00026,8
2026-03-08,S004,SKU00026,12
2026-03-01,S004,SKU00026,11
2026-02-22,S004,SKU00026,10
2026-04-12,S010,SKU00043,15
2026-04-05,S010,SKU00043,17
2026-03-29,S010,SKU00043,13
2026-03-22,S010,SKU00043,16
2026-03-15,S010,SKU00043,16
2026-03-08,S010,SKU00043,17
2026-03-01,S010,SKU00043,13
2026-02-22,S010,SKU00043,17
2026-04-12,S025,SKU00001,6
2026-04-05,S025,SKU00001,10
2026-03-29,S025,SKU00001,9
2026-03-22,S025,SKU00001,7
2026-03-15,S025,SKU00001,7
2026-03-08,S025,SKU00001,7
2026-03-01,S025,SKU00001,14
2026-02-22,S025,SKU00001,11
2026-04-12,S059,SKU00033,8
2026-04-05,S059,SKU00033,6
2026-03-29,S059,SKU00033,9
2026-03-22,S059,SKU00033,5
2026-03-15,S059,SKU00033,16
2026-03-08,S059,SKU00033,10
2026-03-01,S059,SKU00033,7
2026-02-22,S059,SKU00033,14
2026-04-12,S029,SKU00068,1
2026-04-05,S029,SKU00068,1
2026-03-29,S029,SKU00068,1
2026-03-22,S029,SKU00068,1
2026-03-15,S029,SKU00068,1
2026-03-08,S029,SKU00068,1
2026-03-01,S029,SKU00068,1
2026-02-22,S029,SKU00068,2
2026-04-12,S060,SKU00004,3
2026-04-05,S060,SKU00004,2
2026-03-29,S060,SKU00004,6
2026-03-22,S060,SKU00004,6
2026-03-15,S060,SKU00004,1
2026-03-08,S060,SKU00004,11
2026-03-01,S060,SKU00004,12
2026-02-22,S060,SKU00004,3
2026-04-12,S039,SKU00033,12
2026-04-05,S039,SKU00033,6
2026-03-29,S039,SKU00033,11
2026-03-22,S039,SKU00033,10
2026-03-15,S039,SKU00033,3
2026-03-08,S039,SKU00033,4
2026-03-01,S039,SKU00033,9
2026-02-22,S039,SKU00033,11
2026-04-12,S001,SKU00061,1
2026-04-05,S001,SKU00061,1
2026-03-29,S001,SKU00061,1
2026-03-22,S001,SKU00061,1
2026-03-15,S001,SKU00061,2
2026-03-08,S001,SKU00061,1
2026-03-01,S001,SKU00061,1
2026-02-22,S001,SKU00061,2
2026-04-12,S049,SKU00008,6
2026-04-05,S049,SKU00008,4
2026-03-29,S049,SKU00008,2
2026-03-15,S049,SKU00008,3
2026-04-12,S034,SKU00008,1
2026-04-05,S034,SKU00008,2
2026-03-29,S034,SKU00008,1
2026-03-22,S034,SKU00008,1
2026-03-15,S034,SKU00008,2
2026-03-08,S034,SKU00008,2
2026-03-01,S034,SKU00008,1
2026-02-22,S034,SKU00063,1
2026-04-12,S010,SKU00016,17
2026-04-05,S010,SKU00016,18
2026-03-29,S010,SKU00016,14
2026-03-22,S010,SKU00016,24
2026-03-15,S010,SKU00016,15
2026-03-08,S010,SKU00016,16
2026-03-01,S010,SKU00016,10
2026-02-22,S010,SKU00016,18
2026-04-12,S023,SKU00023,19
2026-04-05,S023,SKU00023,18
2026-03-29,S023,SKU00023,13
2026-03-22,S023,SKU00023,14
2026-03-15,S023,SKU00023,12
2026-03-08,S023,SKU00023,19
2026-03-01,S023,SKU00023,17
2026-02-22,S023,SKU00023,23
2026-04-12,S011,SKU00010,9
2026-04-05,S011,SKU00010,11
2026-03-29,S011,SKU00010,3
2026-03-22,S011,SKU00010,10
2026-03-15,S011,SKU00010,14
2026-03-08,S011,SKU00010,9
2026-03-01,S011,SKU00010,11
2026-02-22,S011,SKU00010,8
2026-04-12,S017,SKU00071,3
2026-04-05,S017,SKU00071,3
2026-03-29,S017,SKU00071,3
2026-03-22,S017,SKU00071,3
2026-03-15,S017,SKU00071,5
2026-03-08,S017,SKU00071,3
2026-03-01,S017,SKU00071,3
2026-02-22,S017,SKU00071,4
2026-04-12,S015,SKU00015,11
2026-04-05,S015,SKU00015,12
2026-03-29,S015,SKU00015,10
2026-03-22,S015,SKU00015,7
2026-03-15,S015,SKU00015,9
2026-03-08,S015,SKU00015,11
2026-03-01,S015,SKU00015,10
2026-02-22,S015,SKU00015,8
2026-04-12,S015,SKU00020,12
2026-04-05,S015,SKU00020,15
2026-03-29,S015,SKU00020,13
2026-03-22,S015,SKU00020,11
2026-03-15,S015,SKU00020,10
2026-03-08,S015,SKU00020,15
2026-03-01,S015,SKU00020,17
2026-02-22,S015,SKU00020,11
2026-04-12,S015,SKU00053,4
2026-04-05,S015,SKU00053,3
2026-03-29,S015,SKU00053,3
2026-03-22,S015,SKU00053,4
2026-03-15,S015,SKU00053,3
2026-03-08,S015,SKU00053,3
2026-03-01,S015,SKU00053,4
2026-02-22,S015,SKU00053,3
2026-04-12,S043,SKU00041,12
2026-04-05,S043,SKU00041,4
2026-03-29,S043,SKU00041,12
2026-03-22,S043,SKU00041,6
2026-03-15,S043,SKU00041,11
2026-03-08,S043,SKU00041,12
2026-03-01,S043,SKU00041,16
2026-02-22,S043,SKU00041,15
2026-04-12,S052,SKU00010,2
2026-04-05,S052,SKU00010,2
2026-03-29,S052,SKU00010,1
2026-03-22,S052,SKU00010,1
2026-03-15,S052,SKU00010,1
2026-03-08,S052,SKU00010,2
2026-02-22,S052,SKU00010,1
2026-04-12,S056,SKU00073,2
2026-04-05,S056,SKU00073,1
2026-03-29,S056,SKU00073,3
2026-03-15,S056,SKU00073,2
2026-02-22,S056,SKU00073,1
2026-04-12,S065,SKU00008,5
2026-03-22,S065,SKU00008,9
2026-03-15,S065,SKU00008,2
2026-03-08,S065,SKU00008,6
2026-03-01,S065,SKU00008,5
2026-02-22,S065,SKU00008,6
2026-04-12,S006,SKU00013,14
2026-04-05,S006,SKU00013,10
2026-03-29,S006,SKU00013,17
2026-03-22,S006,SKU00013,14
2026-03-15,S006,SKU00013,14
2026-03-08,S006,SKU00013,14
2026-03-01,S006,SKU00013,11
2026-02-22,S006,SKU00013,11
2026-04-12,S014,SKU00028,14
2026-04-05,S014,SKU00028,13
2026-03-29,S014,SKU00028,18
2026-03-22,S014,SKU00028,10
2026-03-15,S014,SKU00028,18
2026-03-08,S014,SKU00028,12
2026-03-01,S014,SKU00028,15
2026-02-22,S014,SKU00028,16
2026-04-12,S028,SKU00032,6
2026-04-05,S028,SKU00032,7
2026-03-29,S028,SKU00032,4
2026-03-22,S028,SKU00032,8
2026-03-15,S028,SKU00032,10
2026-03-08,S028,SKU00032,6
2026-03-01,S028,SKU00032,7
2026-02-22,S028,SKU00032,6
2026-04-12,S008,SKU00069,1
2026-04-05,S008,SKU00069,2
2026-03-29,S008,SKU00069,2
2026-03-22,S008,SKU00069,2
2026-03-15,S008,SKU00069,2
2026-03-08,S008,SKU00069,1
2026-03-01,S008,SKU00069,1
2026-02-22,S008,SKU00069,2
2026-04-12,S033,SKU00010,2
2026-04-05,S033,SKU00010,2
2026-03-29,S033,SKU00010,3
2026-03-22,S033,SKU00010,1
2026-03-08,S033,SKU00010,2
2026-03-01,S033,SKU00010,2
2026-02-22,S033,SKU00010,2
2026-04-12,S043,SKU00039,9
2026-04-05,S043,SKU00039,8
2026-03-29,S043,SKU00039,8
2026-03-22,S043,SKU00039,9
2026-03-15,S043,SKU00039,9
2026-03-08,S043,SKU00039,8
2026-03-01,S043,SKU00039,8
2026-02-22,S043,SKU00039,9
2026-04-12,S023,SKU00029,7
2026-04-05,S023,SKU00029,6
2026-03-29,S023,SKU00029,11
2026-03-22,S023,SKU00029,7
2026-03-15,S023,SKU00029,4
2026-03-08,S023,SKU00029,2
2026-03-01,S023,SKU00029,8
2026-02-22,S023,SKU00029,6
2026-04-12,S025,SKU00005,10
2026-04-05,S025,SKU00005,13
2026-03-29,S025,SKU00005,11
2026-03-22,S025,SKU00005,9
2026-03-15,S025,SKU00005,9
2026-03-08,S025,SKU00005,13
2026-03-01,S025,SKU00005,11
2026-02-22,S025,SKU00005,13
2026-04-12,S040,SKU00054,2
2026-04-05,S040,SKU00054,2
2026-03-29,S040,SKU00054,1
2026-03-22,S040,SKU00054,1
2026-03-15,S040,SKU00054,2
2026-03-08,S040,SKU00054,2
2026-03-01,S040,SKU00054,2
2026-02-22,S040,SKU00054,1
2026-04-12,S003,SKU00072,2
2026-04-05,S003,SKU00072,1
2026-03-29,S003,SKU00072,1
2026-03-22,S003,SKU00072,1
2026-03-15,S003,SKU00072,1
2026-03-08,S003,SKU00072,1
2026-03-01,S003,SKU00072,1
2026-02-22,S003,SKU00072,1
2026-04-12,S037,SKU00021,6
2026-04-05,S037,SKU00021,9
2026-03-29,S037,SKU00021,6
2026-03-22,S037,SKU00021,12
2026-03-15,S037,SKU00021,10
2026-03-08,S037,SKU00021,9
2026-03-01,S037,SKU00021,5
2026-02-22,S037,SKU00021,5
2026-04-12,S062,SKU00033,14
2026-04-05,S062,SKU00033,4
2026-03-29,S062,SKU00033,11
2026-03-15,S062,SKU00033,8
2026-03-01,S062,SKU00033,9
2026-02-22,S062,SKU00033,7
2026-04-12,S012,SKU00035,16
2026-04-05,S012,SKU00035,18
2026-03-29,S012,SKU00035,18
2026-03-22,S012,SKU00035,24
2026-03-15,S012,SKU00035,19
2026-03-08,S012,SKU00035,19
2026-03-01,S012,SKU00035,21
2026-02-22,S012,SKU00035,20
2026-04-12,S004,SKU00069,1
2026-04-05,S004,SKU00069,1
2026-03-29,S004,SKU00069,1
2026-03-22,S004,SKU00069,1
2026-03-15,S004,SKU00069,1
2026-03-08,S004,SKU00069,1
2026-03-01,S004,SKU00069,1
2026-02-22,S004,SKU00069,1
2026-04-12,S007,SKU00023,14
2026-04-05,S007,SKU00023,16
2026-03-29,S007,SKU00023,16
2026-03-22,S007,SKU00023,17
2026-03-15,S007,SKU00023,15
2026-03-08,S007,SKU00023,18
2026-03-01,S007,SKU00023,16
2026-02-22,S007,SKU00023,15
2026-04-12,S054,SKU00028,10
2026-04-05,S054,SKU00028,8
2026-03-22,S054,SKU00028,9
2026-03-15,S054,SKU00028,1
2026-03-08,S054,SKU00028,7
2026-03-01,S054,SKU00028,13
2026-02-22,S054,SKU00028,6
2026-04-12,S022,SKU00015,7
2026-04-05,S022,SKU00015,9
2026-03-29,S022,SKU00015,13
2026-03-22,S022,SKU00015,12
2026-03-15,S022,SKU00015,18
2026-03-08,S022,SKU00015,21
2026-03-01,S022,SKU00015,16
2026-02-22,S022,SKU00015,12
2026-04-12,S012,SKU00070,1
2026-04-05,S012,SKU00070,1
2026-03-29,S012,SKU00070,2
2026-03-22,S012,SKU00070,2
2026-03-15,S012,SKU00070,2
2026-03-08,S012,SKU00070,1
2026-03-01,S012,SKU00070,1
2026-02-22,S012,SKU00070,2
2026-04-12,S017,SKU00047,12
2026-04-05,S017,SKU00047,12
2026-03-29,S017,SKU00047,10
2026-03-22,S017,SKU00047,11
2026-03-15,S017,SKU00047,14
2026-03-08,S017,SKU00047,15
2026-03-01,S017,SKU00047,13
2026-02-22,S017,SKU00047,11
2026-04-12,S063,SKU00046,3
2026-03-29,S063,SKU00046,3
2026-03-22,S063,SKU00046,11
2026-03-15,S063,SKU00046,7
2026-03-08,S063,SKU00046,1
2026-03-01,S063,SKU00046,8
2026-02-22,S063,SKU00046,5
2026-04-12,S021,SKU00051,3
2026-04-05,S021,SKU00051,2
2026-03-29,S021,SKU00051,2
2026-03-22,S021,SKU00051,2
2026-03-08,S021,SKU00051,2
2026-03-01,S021,SKU00051,2
2026-02-22,S021,SKU00051,2
2026-04-12,S023,SKU00046,3
2026-04-05,S023,SKU00046,4
2026-03-29,S023,SKU00046,4
2026-03-22,S023,SKU00046,6
2026-03-15,S023,SKU00046,4
2026-03-08,S023,SKU00046,4
2026-03-01,S023,SKU00046,3
2026-02-22,S023,SKU00046,5
2026-04-12,S008,SKU00009,29
2026-04-05,S008,SKU00009,27
2026-03-29,S008,SKU00009,34
2026-03-22,S008,SKU00009,15
2026-03-15,S008,SKU00009,31
2026-03-08,S008,SKU00009,25
2026-03-01,S008,SKU00009,27
2026-02-22,S008,SKU00009,32
2026-04-12,S055,SKU00011,11
2026-04-05,S055,SKU00011,15
2026-03-29,S055,SKU00011,10
2026-03-22,S055,SKU00011,8
2026-03-15,S055,SKU00011,5
2026-03-08,S055,SKU00011,11
2026-03-01,S055,SKU00011,7
2026-02-22,S055,SKU00011,12
2026-04-12,S019,SKU00060,3
2026-04-05,S019,SKU00060,3
2026-03-29,S019,SKU00060,3
2026-03-22,S019,SKU00060,2
2026-03-15,S019,SKU00060,3
2026-03-08,S019,SKU00060,2
2026-03-01,S019,SKU00060,3
2026-02-22,S019,SKU00060,4
2026-04-12,S004,SKU00074,3
2026-04-05,S004,SKU00074,2
2026-03-29,S004,SKU00074,3
2026-03-22,S004,SKU00074,4
2026-03-15,S004,SKU00074,4
2026-03-08,S004,SKU00074,3
2026-03-01,S004,SKU00074,2
2026-02-22,S004,SKU00074,3
2026-04-12,S039,SKU00058,2
2026-04-05,S039,SKU00058,3
2026-03-29,S039,SKU00058,2
2026-03-22,S039,SKU00058,1
2026-03-15,S039,SKU00058,2
2026-03-08,S039,SKU00058,2
2026-03-01,S039,SKU00058,1
2026-04-12,S017,SKU00014,6
2026-04-05,S017,SKU00014,5
2026-03-29,S017,SKU00014,3
2026-03-22,S017,SKU00014,3
2026-03-15,S017,SKU00014,4
2026-03-08,S017,SKU00014,3
2026-03-01,S017,SKU00014,5
2026-02-22,S017,SKU00014,4
2026-04-12,S035,SKU00003,18
2026-04-05,S035,SKU00003,22
2026-03-29,S035,SKU00003,21
2026-03-22,S035,SKU00003,8
2026-03-15,S035,SKU00003,24
2026-03-08,S035,SKU00003,17
2026-03-01,S035,SKU00003,24
2026-02-22,S035,SKU00003,19
2026-04-12,S020,SKU00062,1
2026-04-05,S020,SKU00062,2
2026-03-29,S020,SKU00062,2
2026-03-22,S020,SKU00062,1
2026-03-15,S020,SKU00062,2
2026-03-08,S020,SKU00062,2
2026-03-01,S020,SKU00062,2
2026-02-22,S020,SKU00062,2
2026-04-12,S007,SKU00029,6
2026-04-05,S007,SKU00029,7
2026-03-29,S007,SKU00029,5
2026-03-22,S007,SKU00029,7
2026-03-15,S007,SKU00029,5
2026-03-08,S007,SKU00029,5
2026-03-01,S007,SKU00029,6
2026-02-22,S007,SKU00029,5
2026-04-12,S013,SKU00002,18
2026-04-05,S013,SKU00002,11
2026-03-29,S013,SKU00002,16
2026-03-22,S013,SKU00002,13
2026-03-15,S013,SKU00002,15
2026-03-08,S013,SKU00002,18
2026-03-01,S013,SKU00002,15
2026-02-22,S013,SKU00002,14
2026-04-12,S011,SKU00066,2
2026-04-05,S011,SKU00066,2
2026-03-29,S011,SKU00066,1
2026-03-22,S011,SKU00066,2
2026-03-15,S011,SKU00066,1
2026-03-08,S011,SKU00066,2
2026-03-01,S011,SKU00066,2
2026-02-22,S011,SKU00066,2
2026-04-12,S004,SKU00009,7
2026-04-05,S004,SKU00009,5
2026-03-29,S004,SKU00009,6
2026-03-22,S004,SKU00009,7
2026-03-15,S004,SKU00009,8
2026-03-08,S004,SKU00009,5
2026-03-01,S004,SKU00009,5
2026-02-22,S004,SKU00009,6
2026-04-12,S008,SKU00057,5
2026-04-05,S008,SKU00057,4
2026-03-29,S008,SKU00057,3
2026-03-22,S008,SKU00057,3
2026-03-15,S008,SKU00057,4
2026-03-08,S008,SKU00057,3
2026-03-01,S008,SKU00057,4
2026-02-22,S008,SKU00057,4
2026-04-12,S027,SKU00028,9
2026-04-05,S027,SKU00028,8
2026-03-29,S027,SKU00028,12
2026-03-22,S027,SKU00028,13
2026-03-15,S027,SKU00028,7
2026-03-08,S027,SKU00028,11
2026-03-01,S027,SKU00028,11
2026-02-22,S027,SKU00028,12
2026-04-12,S020,SKU00042,18
2026-04-05,S020,SKU00042,25
2026-03-29,S020,SKU00042,18
2026-03-22,S020,SKU00042,23
2026-03-15,S020,SKU00042,18
2026-03-08,S020,SKU00042,15
2026-03-01,S020,SKU00042,23
2026-02-22,S020,SKU00042,16
2026-04-12,S042,SKU00018,6
2026-04-05,S042,SKU00018,3
2026-03-29,S042,SKU00018,5
2026-03-22,S042,SKU00018,6
2026-03-15,S042,SKU00018,4
2026-03-08,S042,SKU00018,4
2026-03-01,S042,SKU00018,2
2026-02-22,S042,SKU00018,5
2026-04-12,S063,SKU00005,1
2026-04-05,S063,SKU00005,2
2026-03-29,S063,SKU00005,2
2026-03-15,S063,SKU00005,3
2026-03-08,S063,SKU00005,2
2026-03-01,S063,SKU00005,1
2026-04-12,S029,SKU00010,4
2026-04-05,S029,SKU00010,5
2026-03-29,S029,SKU00010,5
2026-03-22,S029,SKU00010,3
2026-03-15,S029,SKU00010,6
2026-03-08,S029,SKU00010,5
2026-03-01,S029,SKU00010,4
2026-02-22,S029,SKU00010,7
2026-04-12,S007,SKU00046,12
2026-04-05,S007,SKU00046,12
2026-03-29,S007,SKU00046,16
2026-03-22,S007,SKU00046,14
2026-03-15,S007,SKU00046,13
2026-03-08,S007,SKU00046,12
2026-03-01,S007,SKU00046,14
2026-02-22,S007,SKU00046,14
2026-04-12,S002,SKU00016,19
2026-04-05,S002,SKU00016,17
2026-03-29,S002,SKU00016,11
2026-03-22,S002,SKU00016,21
2026-03-15,S002,SKU00016,6
2026-03-08,S002,SKU00016,22
2026-03-01,S002,SKU00016,22
2026-02-22,S002,SKU00016,16
2026-04-12,S025,SKU00003,8
2026-04-05,S025,SKU00003,7
2026-03-29,S025,SKU00003,4
2026-03-22,S025,SKU00003,5
2026-03-15,S025,SKU00003,2
2026-03-08,S025,SKU00003,2
2026-03-01,S025,SKU00003,7
2026-02-22,S025,SKU00003,5
2026-04-12,S038,SKU00024,12
2026-04-05,S038,SKU00024,10
2026-03-29,S038,SKU00024,15
2026-03-22,S038,SKU00024,12
2026-03-15,S038,SKU00024,11
2026-03-08,S038,SKU00024,12
2026-03-01,S038,SKU00024,11
2026-02-22,S038,SKU00024,5
2026-04-12,S020,SKU00027,21
2026-04-05,S020,SKU00027,18
2026-03-29,S020,SKU00027,20
2026-03-22,S020,SKU00027,21
2026-03-15,S020,SKU00027,20
2026-03-08,S020,SKU00027,21
2026-03-01,S020,SKU00027,23
2026-02-22,S020,SKU00027,22
2026-04-12,S034,SKU00040,10
2026-04-05,S034,SKU00040,4
2026-03-29,S034,SKU00040,12
2026-03-22,S034,SKU00040,5
2026-03-15,S034,SKU00040,9
2026-03-08,S034,SKU00040,7
2026-03-01,S034,SKU00040,8
2026-02-22,S034,SKU00040,9
2026-04-12,S021,SKU00005,1
2026-04-05,S021,SKU00005,2
2026-03-29,S021,SKU00005,1
2026-03-22,S021,SKU00005,2
2026-03-15,S021,SKU00005,3
2026-03-08,S021,SKU00005,1
2026-03-01,S021,SKU00005,2
2026-02-22,S021,SKU00005,2
2026-04-12,S061,SKU00056,1
2026-03-29,S061,SKU00056,1
2026-04-12,S023,SKU00028,2
2026-04-05,S023,SKU00028,2
2026-03-29,S023,SKU00028,1
2026-03-15,S023,SKU00028,1
2026-03-08,S023,SKU00028,1
2026-03-01,S023,SKU00028,2
2026-02-22,S023,SKU00028,2
2026-04-12,S017,SKU00049,3
2026-04-05,S017,SKU00049,3
2026-03-29,S017,SKU00049,2
2026-03-22,S017,SKU00049,3
2026-03-15,S017,SKU00049,3
2026-03-08,S017,SKU00049,4
2026-03-01,S017,SKU00049,4
2026-02-22,S017,SKU00049,3
2026-04-12,S024,SKU00012,15
2026-04-05,S024,SKU00012,14
2026-03-29,S024,SKU00012,12
2026-03-22,S024,SKU00012,8
2026-03-15,S024,SKU00012,11
2026-03-08,S024,SKU00012,10
2026-03-01,S024,SKU00012,6
2026-02-22,S024,SKU00012,9
2026-04-12,S038,SKU00029,7
2026-04-05,S038,SKU00029,3
2026-03-29,S038,SKU00029,10
2026-03-22,S038,SKU00029,11
2026-03-15,S038,SKU00029,10
2026-03-08,S038,SKU00029,13
2026-03-01,S038,SKU00029,8
2026-02-22,S038,SKU00029,6
2026-04-12,S012,SKU00015,9
2026-04-05,S012,SKU00015,16
2026-03-29,S012,SKU00015,15
2026-03-22,S012,SKU00015,14
2026-03-15,S012,SKU00015,20
2026-03-08,S012,SKU00015,10
2026-03-01,S012,SKU00015,14
2026-02-22,S012,SKU00015,15
2026-04-12,S011,SKU00021,16
2026-04-05,S011,SKU00021,20
2026-03-29,S011,SKU00021,22
2026-03-22,S011,SKU00021,20
2026-03-15,S011,SKU00021,25
2026-03-08,S011,SKU00021,21
2026-03-01,S011,SKU00021,21
2026-02-22,S011,SKU00021,19
2026-04-12,S012,SKU00020,20
2026-04-05,S012,SKU00020,24
2026-03-29,S012,SKU00020,19
2026-03-22,S012,SKU00020,22
2026-03-15,S012,SKU00020,25
2026-03-08,S012,SKU00020,18
2026-03-01,S012,SKU00020,15
2026-02-22,S012,SKU00020,24
2026-04-12,S033,SKU00018,2
2026-04-05,S033,SKU00018,3
2026-03-29,S033,SKU00018,5
2026-03-22,S033,SKU00018,3
2026-03-15,S033,SKU00018,2
2026-03-08,S033,SKU00018,3
2026-03-01,S033,SKU00018,6
2026-02-22,S033,SKU00018,4
2026-04-12,S055,SKU00040,13
2026-04-05,S055,SKU00040,7
2026-03-29,S055,SKU00040,8
2026-03-22,S055,SKU00040,13
2026-03-15,S055,SKU00040,6
2026-03-08,S055,SKU00040,7
2026-03-01,S055,SKU00040,15
2026-02-22,S055,SKU00040,16
2026-04-12,S063,SKU00034,10
2026-04-05,S063,SKU00034,8
2026-03-29,S063,SKU00034,11
2026-03-22,S063,SKU00034,8
2026-03-15,S063,SKU00034,7
2026-03-08,S063,SKU00034,9
2026-03-01,S063,SKU00034,3
2026-02-22,S063,SKU00034,6
2026-04-12,S038,SKU00051,3
2026-04-05,S038,SKU00051,2
2026-03-29,S038,SKU00051,4
2026-03-22,S038,SKU00051,2
2026-03-15,S038,SKU00051,2
2026-03-08,S038,SKU00051,2
2026-03-01,S038,SKU00051,1
2026-02-22,S038,SKU00051,1
2026-04-12,S031,SKU00056,2
2026-04-05,S031,SKU00056,1
2026-03-22,S031,SKU00056,1
2026-03-15,S031,SKU00056,1
2026-03-08,S031,SKU00056,1
2026-03-01,S031,SKU00056,2
2026-02-22,S031,SKU00056,1
2026-04-12,S058,SKU00023,1
2026-04-05,S058,SKU00023,1
2026-03-29,S058,SKU00023,2
2026-03-22,S058,SKU00023,2
2026-03-15,S058,SKU00023,4
2026-03-08,S058,SKU00023,4
2026-03-01,S058,SKU00023,2
2026-02-22,S058,SKU00023,2
2026-04-12,S040,SKU00011,2
2026-04-05,S040,SKU00011,5
2026-03-29,S040,SKU00011,2
2026-03-22,S040,SKU00011,3
2026-03-15,S040,SKU00011,5
2026-03-08,S040,SKU00011,3
2026-03-01,S040,SKU00011,3
2026-02-22,S040,SKU00011,2
2026-04-12,S059,SKU00014,1
2026-04-05,S059,SKU00014,3
2026-03-29,S059,SKU00014,2
2026-03-22,S059,SKU00014,2
2026-03-15,S059,SKU00014,3
2026-03-08,S059,SKU00014,3
2026-03-01,S059,SKU00014,1
2026-04-12,S062,SKU00071,1
2026-04-05,S062,SKU00071,2
2026-03-22,S062,SKU00071,1
2026-03-15,S062,SKU00071,2
2026-03-08,S062,SKU00071,2
2026-03-01,S062,SKU00071,2
2026-02-22,S062,SKU00071,2
2026-04-12,S023,SKU00031,8
2026-04-05,S023,SKU00031,5
2026-03-29,S023,SKU00031,6
2026-03-22,S023,SKU00031,7
2026-03-15,S023,SKU00031,7
2026-03-08,S023,SKU00031,10
2026-03-01,S023,SKU00031,8
2026-02-22,S023,SKU00031,7
2026-04-12,S038,SKU00046,2
2026-04-05,S038,SKU00046,1
2026-03-29,S038,SKU00046,2
2026-03-22,S038,SKU00046,1
2026-03-15,S038,SKU00046,1
2026-03-08,S038,SKU00046,1
2026-02-22,S038,SKU00046,1
2026-04-12,S046,SKU00010,5
2026-04-05,S046,SKU00010,1
2026-03-29,S046,SKU00010,1
2026-03-22,S046,SKU00010,8
2026-03-15,S046,SKU00010,3
2026-03-08,S046,SKU00010,6
2026-03-01,S046,SKU00010,8
2026-02-22,S046,SKU00010,1
2026-04-12,S033,SKU00021,3
2026-04-05,S033,SKU00021,5
2026-03-29,S033,SKU00021,1
2026-03-22,S033,SKU00021,2
2026-03-15,S033,SKU00021,1
2026-03-08,S033,SKU00021,4
2026-03-01,S033,SKU00021,4
2026-02-22,S033,SKU00021,5
2026-04-12,S016,SKU00068,3
2026-04-05,S016,SKU00068,4
2026-03-29,S016,SKU00068,3
2026-03-22,S016,SKU00068,2
2026-03-15,S016,SKU00068,3
2026-03-08,S016,SKU00068,4
2026-03-01,S016,SKU00068,3
2026-02-22,S016,SKU00068,3
2026-04-12,S021,SKU00034,6
2026-04-05,S021,SKU00034,2
2026-03-29,S021,SKU00034,4
2026-03-22,S021,SKU00034,7
2026-03-15,S021,SKU00034,5
2026-03-08,S021,SKU00034,5
2026-03-01,S021,SKU00034,5
2026-02-22,S021,SKU00034,3
2026-04-12,S039,SKU00014,8
2026-04-05,S039,SKU00014,15
2026-03-29,S039,SKU00014,13
2026-03-22,S039,SKU00014,17
2026-03-15,S039,SKU00014,7
2026-03-08,S039,SKU00014,12
2026-03-01,S039,SKU00014,10
2026-02-22,S039,SKU00014,15
2026-04-12,S042,SKU00017,7
2026-04-05,S042,SKU00017,12
2026-03-29,S042,SKU00017,8
2026-03-22,S042,SKU00017,8
2026-03-15,S042,SKU00017,12
2026-03-08,S042,SKU00017,2
2026-03-01,S042,SKU00017,8
2026-02-22,S042,SKU00017,13
2026-04-12,S051,SKU00038,9
2026-04-05,S051,SKU00038,7
2026-03-29,S051,SKU00038,2
2026-03-22,S051,SKU00038,1
2026-03-15,S051,SKU00038,4
2026-03-08,S051,SKU00038,6
2026-03-01,S051,SKU00038,6
2026-02-22,S051,SKU00038,9
2026-04-12,S013,SKU00037,11
2026-04-05,S013,SKU00037,14
2026-03-29,S013,SKU00037,12
2026-03-22,S013,SKU00037,16
2026-03-15,S013,SKU00037,16
2026-03-08,S013,SKU00037,18
2026-03-01,S013,SKU00037,13
2026-02-22,S013,SKU00037,10
2026-04-12,S030,SKU00052,1
2026-04-05,S030,SKU00052,1
2026-03-22,S030,SKU00052,1
2026-03-15,S030,SKU00052,1
2026-03-08,S030,SKU00052,1
2026-04-12,S008,SKU00059,3
2026-04-05,S008,SKU00059,2
2026-03-29,S008,SKU00059,1
2026-03-22,S008,SKU00059,3
2026-03-15,S008,SKU00059,2
2026-03-08,S008,SKU00059,2
2026-03-01,S008,SKU00059,2
2026-02-22,S008,SKU00059,2
2026-04-12,S029,SKU00066,1
2026-04-05,S029,SKU00066,1
2026-03-22,S029,SKU00066,1
2026-03-15,S029,SKU00066,2
2026-03-08,S029,SKU00066,1
2026-02-22,S029,SKU00066,1
2026-04-05,S058,SKU00029,2
2026-03-29,S058,SKU00029,2
2026-03-22,S058,SKU00029,2
2026-03-08,S058,SKU00029,1
2026-03-01,S058,SKU00029,1
2026-04-12,S006,SKU00060,2
2026-04-05,S006,SKU00060,2
2026-03-29,S006,SKU00060,2
2026-03-22,S006,SKU00060,2
2026-03-15,S006,SKU00060,3
2026-03-08,S006,SKU00060,2
2026-03-01,S006,SKU00060,3
2026-02-22,S006,SKU00060,2
2026-04-12,S013,SKU00026,14
2026-04-05,S013,SKU00026,11
2026-03-29,S013,SKU00026,15
2026-03-22,S013,SKU00026,12
2026-03-15,S013,SKU00026,10
2026-03-08,S013,SKU00026,13
2026-03-01,S013,SKU00026,10
2026-02-22,S013,SKU00026,16
2026-04-12,S014,SKU00035,10
2026-04-05,S014,SKU00035,6
2026-03-29,S014,SKU00035,10
2026-03-22,S014,SKU00035,14
2026-03-15,S014,SKU00035,12
2026-03-08,S014,SKU00035,9
2026-03-01,S014,SKU00035,10
2026-02-22,S014,SKU00035,11
2026-04-12,S018,SKU00043,17
2026-04-05,S018,SKU00043,13
2026-03-29,S018,SKU00043,19
2026-03-22,S018,SKU00043,17
2026-03-15,S018,SKU00043,17
2026-03-08,S018,SKU00043,15
2026-03-01,S018,SKU00043,16
2026-02-22,S018,SKU00043,13
2026-04-12,S014,SKU00030,22
2026-04-05,S014,SKU00030,18
2026-03-29,S014,SKU00030,14
2026-03-22,S014,SKU00030,16
2026-03-15,S014,SKU00030,21
2026-03-08,S014,SKU00030,23
2026-03-01,S014,SKU00030,11
2026-02-22,S014,SKU00030,18
2026-04-12,S014,SKU00070,2
2026-04-05,S014,SKU00070,3
2026-03-29,S014,SKU00070,3
2026-03-22,S014,SKU00070,5
2026-03-15,S014,SKU00070,3
2026-03-08,S014,SKU00070,2
2026-03-01,S014,SKU00070,3
2026-02-22,S014,SKU00070,2
2026-04-12,S031,SKU00019,15
2026-04-05,S031,SKU00019,3
2026-03-29,S031,SKU00019,7
2026-03-22,S031,SKU00019,10
2026-03-15,S031,SKU00019,5
2026-03-08,S031,SKU00019,13
2026-03-01,S031,SKU00019,18
2026-02-22,S031,SKU00019,1
2026-04-12,S036,SKU00050,5
2026-04-05,S036,SKU00050,9
2026-03-29,S036,SKU00050,11
2026-03-22,S036,SKU00050,6
2026-03-15,S036,SKU00050,15
2026-03-08,S036,SKU00050,7
2026-03-01,S036,SKU00050,9
2026-02-22,S036,SKU00050,13
2026-04-12,S062,SKU00047,12
2026-04-05,S062,SKU00047,7
2026-03-29,S062,SKU00047,17
2026-03-22,S062,SKU00047,9
2026-03-15,S062,SKU00047,14
2026-03-08,S062,SKU00047,15
2026-03-01,S062,SKU00047,4
2026-02-22,S062,SKU00047,6
2026-04-12,S004,SKU00059,3
2026-04-05,S004,SKU00059,3
2026-03-29,S004,SKU00059,3
2026-03-22,S004,SKU00059,3
2026-03-15,S004,SKU00059,2
2026-03-08,S004,SKU00059,2
2026-03-01,S004,SKU00059,4
2026-02-22,S004,SKU00059,2
2026-04-12,S007,SKU00031,11
2026-04-05,S007,SKU00031,11
2026-03-29,S007,SKU00031,10
2026-03-22,S007,SKU00031,10
2026-03-15,S007,SKU00031,13
2026-03-08,S007,SKU00031,12
2026-03-01,S007,SKU00031,9
2026-02-22,S007,SKU00031,11
2026-04-05,S048,SKU00035,5
2026-03-22,S048,SKU00035,6
2026-03-15,S048,SKU00035,6
2026-03-08,S048,SKU00035,1
2026-03-01,S048,SKU00035,2
2026-04-12,S058,SKU00046,1
2026-03-22,S058,SKU00046,2
2026-03-08,S058,SKU00046,5
2026-02-22,S058,SKU00046,2
2026-04-12,S029,SKU00018,6
2026-04-05,S029,SKU00018,10
2026-03-29,S029,SKU00018,4
2026-03-22,S029,SKU00018,4
2026-03-15,S029,SKU00018,6
2026-03-08,S029,SKU00018,3
2026-03-01,S029,SKU00018,10
2026-02-22,S029,SKU00018,11
2026-04-12,S018,SKU00016,22
2026-04-05,S018,SKU00016,23
2026-03-29,S018,SKU00016,20
2026-03-22,S018,SKU00016,21
2026-03-15,S018,SKU00016,12
2026-03-08,S018,SKU00016,10
2026-03-01,S018,SKU00016,17
2026-02-22,S018,SKU00016,18
2026-04-12,S038,SKU00005,6
2026-04-05,S038,SKU00005,5
2026-03-29,S038,SKU00005,2
2026-03-22,S038,SKU00005,7
2026-03-15,S038,SKU00005,4
2026-03-08,S038,SKU00005,7
2026-03-01,S038,SKU00005,6
2026-02-22,S038,SKU00005,5
2026-04-12,S049,SKU00062,1
2026-04-05,S049,SKU00062,1
2026-03-29,S049,SKU00062,1
2026-03-22,S049,SKU00062,1
2026-03-15,S049,SKU00062,1
2026-03-01,S049,SKU00062,2
2026-02-22,S049,SKU00062,1
2026-04-05,S034,SKU00062,1
2026-03-29,S034,SKU00062,1
2026-03-15,S034,SKU00062,1
2026-03-08,S034,SKU00062,1
2026-03-01,S034,SKU00062,1
2026-04-12,S050,SKU00073,1
2026-04-05,S050,SKU00073,2
2026-03-29,S050,SKU00073,2
2026-03-22,S050,SKU00073,1
2026-03-15,S050,SKU00073,2
2026-03-08,S050,SKU00073,1
2026-03-01,S050,SKU00073,1
2026-02-22,S050,SKU00073,1
2026-04-12,S062,SKU00014,5
2026-04-05,S062,SKU00014,3
2026-03-29,S062,SKU00014,4
2026-03-22,S062,SKU00014,5
2026-03-15,S062,SKU00014,6
2026-03-08,S062,SKU00014,8
2026-03-01,S062,SKU00014,11
2026-02-22,S062,SKU00014,5
2026-04-12,S040,SKU00040,11
2026-04-05,S040,SKU00040,10
2026-03-29,S040,SKU00040,15
2026-03-22,S040,SKU00040,11
2026-03-15,S040,SKU00040,14
2026-03-08,S040,SKU00040,13
2026-03-01,S040,SKU00040,12
2026-02-22,S040,SKU00040,16
2026-04-12,S002,SKU00038,5
2026-04-05,S002,SKU00038,3
2026-03-29,S002,SKU00038,5
2026-03-22,S002,SKU00038,2
2026-03-15,S002,SKU00038,4
2026-03-08,S002,SKU00038,4
2026-03-01,S002,SKU00038,4
2026-02-22,S002,SKU00038,6
2026-04-12,S024,SKU00033,6
2026-04-05,S024,SKU00033,6
2026-03-29,S024,SKU00033,6
2026-03-22,S024,SKU00033,3
2026-03-15,S024,SKU00033,6
2026-03-08,S024,SKU00033,6
2026-03-01,S024,SKU00033,7
2026-02-22,S024,SKU00033,6
2026-04-12,S034,SKU00042,6
2026-04-05,S034,SKU00042,13
2026-03-29,S034,SKU00042,11
2026-03-22,S034,SKU00042,6
2026-03-15,S034,SKU00042,12
2026-03-08,S034,SKU00042,12
2026-03-01,S034,SKU00042,15
2026-02-22,S034,SKU00042,7
2026-04-12,S037,SKU00052,2
2026-04-05,S037,SKU00052,3
2026-03-29,S037,SKU00052,4
2026-03-22,S037,SKU00052,4
2026-03-15,S037,SKU00052,2
2026-03-08,S037,SKU00052,2
2026-03-01,S037,SKU00052,3
2026-02-22,S037,SKU00052,2
2026-04-12,S049,SKU00042,1
2026-03-29,S049,SKU00042,1
2026-03-22,S049,SKU00042,4
2026-03-08,S049,SKU00042,2
2026-04-12,S015,SKU00072,3
2026-04-05,S015,SKU00072,2
2026-03-29,S015,SKU00072,3
2026-03-22,S015,SKU00072,2
2026-03-15,S015,SKU00072,3
2026-03-08,S015,SKU00072,3
2026-03-01,S015,SKU00072,3
2026-02-22,S015,SKU00072,3
2026-04-12,S002,SKU00025,8
2026-04-05,S002,SKU00025,11
2026-03-29,S002,SKU00025,8
2026-03-22,S002,SKU00025,8
2026-03-15,S002,SKU00025,12
2026-03-08,S002,SKU00025,10
2026-03-01,S002,SKU00025,7
2026-02-22,S002,SKU00025,8
2026-04-12,S004,SKU00071,1
2026-03-29,S004,SKU00071,1
2026-03-15,S004,SKU00071,1
2026-03-08,S004,SKU00071,1
2026-03-01,S004,SKU00071,1
2026-04-12,S026,SKU00060,1
2026-04-05,S026,SKU00060,1
2026-03-29,S026,SKU00060,1
2026-03-22,S026,SKU00060,1
2026-03-08,S026,SKU00060,1
2026-02-22,S026,SKU00060,1
2026-04-12,S041,SKU00038,14
2026-04-05,S041,SKU00038,21
2026-03-29,S041,SKU00038,19
2026-03-22,S041,SKU00038,13
2026-03-15,S041,SKU00038,15
2026-03-08,S041,SKU00038,6
2026-03-01,S041,SKU00038,13
2026-02-22,S041,SKU00038,8
2026-04-12,S002,SKU00007,4
2026-04-05,S002,SKU00007,4
2026-03-29,S002,SKU00007,4
2026-03-22,S002,SKU00007,3
2026-03-15,S002,SKU00007,4
2026-03-08,S002,SKU00007,4
2026-03-01,S002,SKU00007,5
2026-02-22,S002,SKU00007,3
2026-04-12,S041,SKU00025,11
2026-04-05,S041,SKU00025,7
2026-03-29,S041,SKU00025,4
2026-03-22,S041,SKU00025,2
2026-03-15,S041,SKU00025,10
2026-03-08,S041,SKU00025,9
2026-03-01,S041,SKU00025,11
2026-02-22,S041,SKU00025,9
2026-04-12,S055,SKU00042,7
2026-04-05,S055,SKU00042,3
2026-03-29,S055,SKU00042,3
2026-03-15,S055,SKU00042,5
2026-03-08,S055,SKU00042,1
2026-03-01,S055,SKU00042,8
2026-02-22,S055,SKU00042,2
2026-04-12,S027,SKU00035,6
2026-04-05,S027,SKU00035,4
2026-03-29,S027,SKU00035,7
2026-03-22,S027,SKU00035,4
2026-03-15,S027,SKU00035,8
2026-03-08,S027,SKU00035,7
2026-03-01,S027,SKU00035,8
2026-02-22,S027,SKU00035,7
2026-04-12,S038,SKU00034,2
2026-04-05,S038,SKU00034,3
2026-03-29,S038,SKU00034,3
2026-03-22,S038,SKU00034,2
2026-03-15,S038,SKU00034,2
2026-03-08,S038,SKU00034,2
2026-03-01,S038,SKU00034,3
2026-02-22,S038,SKU00034,2
2026-04-12,S038,SKU00031,5
2026-04-05,S038,SKU00031,8
2026-03-29,S038,SKU00031,6
2026-03-22,S038,SKU00031,7
2026-03-15,S038,SKU00031,5
2026-03-08,S038,SKU00031,3
2026-03-01,S038,SKU00031,3
2026-02-22,S038,SKU00031,5
2026-04-12,S041,SKU00007,1
2026-04-05,S041,SKU00007,6
2026-03-29,S041,SKU00007,2
2026-03-22,S041,SKU00007,2
2026-03-15,S041,SKU00007,6
2026-03-08,S041,SKU00007,4
2026-03-01,S041,SKU00007,8
2026-02-22,S041,SKU00007,3
2026-04-12,S008,SKU00047,13
2026-04-05,S008,SKU00047,22
2026-03-29,S008,SKU00047,19
2026-03-22,S008,SKU00047,20
2026-03-15,S008,SKU00047,23
2026-03-08,S008,SKU00047,21
2026-03-01,S008,SKU00047,18
2026-02-22,S008,SKU00047,15
2026-04-12,S013,SKU00069,3
2026-04-05,S013,SKU00069,2
2026-03-29,S013,SKU00069,4
2026-03-22,S013,SKU00069,3
2026-03-15,S013,SKU00069,2
2026-03-08,S013,SKU00069,4
2026-03-01,S013,SKU00069,3
2026-02-22,S013,SKU00069,4
2026-04-12,S009,SKU00036,3
2026-04-05,S009,SKU00036,3
2026-03-29,S009,SKU00036,4
2026-03-22,S009,SKU00036,6
2026-03-15,S009,SKU00036,3
2026-03-08,S009,SKU00036,4
2026-03-01,S009,SKU00036,4
2026-02-22,S009,SKU00036,4
2026-04-12,S056,SKU00041,3
2026-04-05,S056,SKU00041,3
2026-03-29,S056,SKU00041,2
2026-03-15,S056,SKU00041,3
2026-03-08,S056,SKU00041,1
2026-03-01,S056,SKU00041,3
2026-02-22,S056,SKU00041,3
2026-04-12,S017,SKU00043,5
2026-04-05,S017,SKU00043,3
2026-03-29,S017,SKU00043,5
2026-03-22,S017,SKU00043,3
2026-03-15,S017,SKU00043,3
2026-03-08,S017,SKU00043,4
2026-03-01,S017,SKU00043,3
2026-02-22,S017,SKU00043,5
2026-04-12,S016,SKU00010,17
2026-04-05,S016,SKU00010,23
2026-03-29,S016,SKU00010,14
2026-03-22,S016,SKU00010,18
2026-03-15,S016,SKU00010,24
2026-03-08,S016,SKU00010,24
2026-03-01,S016,SKU00010,19
2026-02-22,S016,SKU00010,24
2026-04-12,S002,SKU00073,1
2026-04-05,S002,SKU00073,2
2026-03-29,S002,SKU00073,1
2026-03-22,S002,SKU00073,1
2026-03-15,S002,SKU00073,1
2026-03-08,S002,SKU00073,1
2026-03-01,S002,SKU00073,1
2026-02-22,S002,SKU00073,2
2026-04-12,S013,SKU00074,1
2026-04-05,S013,SKU00074,1
2026-03-29,S013,SKU00074,1
2026-03-22,S013,SKU00074,1
2026-03-15,S013,SKU00074,1
2026-03-08,S013,SKU00074,1
2026-03-01,S013,SKU00074,1
2026-02-22,S013,SKU00074,1
2026-04-12,S014,SKU00015,14
2026-04-05,S014,SKU00015,9
2026-03-29,S014,SKU00015,12
2026-03-22,S014,SKU00015,12
2026-03-15,S014,SKU00015,15
2026-03-08,S014,SKU00015,10
2026-03-01,S014,SKU00015,14
2026-02-22,S014,SKU00015,9
2026-04-12,S014,SKU00020,19
2026-04-05,S014,SKU00020,12
2026-03-29,S014,SKU00020,16
2026-03-22,S014,SKU00020,15
2026-03-15,S014,SKU00020,18
2026-03-08,S014,SKU00020,19
2026-03-01,S014,SKU00020,17
2026-02-22,S014,SKU00020,15
2026-04-12,S014,SKU00053,3
2026-04-05,S014,SKU00053,3
2026-03-29,S014,SKU00053,4
2026-03-22,S014,SKU00053,4
2026-03-15,S014,SKU00053,4
2026-03-08,S014,SKU00053,4
2026-03-01,S014,SKU00053,4
2026-02-22,S014,SKU00053,3
2026-04-12,S065,SKU00027,9
2026-04-05,S065,SKU00027,7
2026-03-29,S065,SKU00027,11
2026-03-22,S065,SKU00027,5
2026-03-15,S065,SKU00027,9
2026-03-08,S065,SKU00027,9
2026-03-01,S065,SKU00027,9
2026-02-22,S065,SKU00027,2
2026-04-12,S032,SKU00025,11
2026-04-05,S032,SKU00025,10
2026-03-29,S032,SKU00025,13
2026-03-22,S032,SKU00025,20
2026-03-15,S032,SKU00025,17
2026-03-08,S032,SKU00025,12
2026-03-01,S032,SKU00025,16
2026-02-22,S032,SKU00025,15
2026-04-12,S009,SKU00045,6
2026-04-05,S009,SKU00045,5
2026-03-29,S009,SKU00045,4
2026-03-22,S009,SKU00045,6
2026-03-15,S009,SKU00045,4
2026-03-08,S009,SKU00045,5
2026-03-01,S009,SKU00045,4
2026-02-22,S009,SKU00045,5
2026-04-12,S041,SKU00073,1
2026-04-05,S041,SKU00073,1
2026-03-29,S041,SKU00073,1
2026-03-15,S041,SKU00073,1
2026-03-01,S041,SKU00073,1
2026-02-22,S041,SKU00073,2
2026-04-12,S042,SKU00061,1
2026-04-05,S042,SKU00061,3
2026-03-29,S042,SKU00061,2
2026-03-22,S042,SKU00061,2
2026-03-15,S042,SKU00061,2
2026-03-08,S042,SKU00061,3
2026-03-01,S042,SKU00061,2
2026-02-22,S042,SKU00061,1
2026-04-12,S046,SKU00021,6
2026-04-05,S046,SKU00021,10
2026-03-29,S046,SKU00021,5
2026-03-22,S046,SKU00021,8
2026-03-15,S046,SKU00021,11
2026-03-08,S046,SKU00021,10
2026-03-01,S046,SKU00021,3
2026-02-22,S046,SKU00021,5
2026-04-12,S052,SKU00032,2
2026-04-05,S052,SKU00032,3
2026-03-29,S052,SKU00032,3
2026-03-22,S052,SKU00032,2
2026-03-15,S052,SKU00032,1
2026-03-08,S052,SKU00032,3
2026-03-01,S052,SKU00032,1
2026-02-22,S052,SKU00032,1
2026-04-12,S031,SKU00044,15
2026-04-05,S031,SKU00044,5
2026-03-29,S031,SKU00044,14
2026-03-22,S031,SKU00044,17
2026-03-15,S031,SKU00044,12
2026-03-08,S031,SKU00044,5
2026-03-01,S031,SKU00044,11
2026-02-22,S031,SKU00044,15
2026-04-12,S023,SKU00070,1
2026-04-05,S023,SKU00070,1
2026-03-29,S023,SKU00070,1
2026-03-22,S023,SKU00070,2
2026-03-15,S023,SKU00070,1
2026-03-08,S023,SKU00070,1
2026-03-01,S023,SKU00070,1
2026-02-22,S023,SKU00070,2
2026-04-12,S013,SKU00009,20
2026-04-05,S013,SKU00009,14
2026-03-29,S013,SKU00009,19
2026-03-22,S013,SKU00009,20
2026-03-15,S013,SKU00009,21
2026-03-08,S013,SKU00009,21
2026-03-01,S013,SKU00009,23
2026-02-22,S013,SKU00009,24
2026-04-12,S024,SKU00058,1
2026-03-15,S024,SKU00058,1
2026-03-01,S024,SKU00058,1
2026-04-12,S058,SKU00034,1
2026-04-05,S058,SKU00034,5
2026-03-29,S058,SKU00034,3
2026-03-22,S058,SKU00034,5
2026-03-15,S058,SKU00034,5
2026-03-08,S058,SKU00034,1
2026-03-01,S058,SKU00034,7
2026-02-22,S058,SKU00034,7
2026-04-12,S054,SKU00015,4
2026-04-05,S054,SKU00015,9
2026-03-29,S054,SKU00015,9
2026-03-22,S054,SKU00015,5
2026-03-15,S054,SKU00015,5
2026-03-08,S054,SKU00015,4
2026-03-01,S054,SKU00015,5
2026-02-22,S054,SKU00015,3
2026-04-12,S040,SKU00001,2
2026-04-05,S040,SKU00001,2
2026-03-29,S040,SKU00001,9
2026-03-22,S040,SKU00001,7
2026-03-15,S040,SKU00001,3
2026-03-08,S040,SKU00001,7
2026-03-01,S040,SKU00001,5
2026-02-22,S040,SKU00001,5
2026-04-12,S058,SKU00031,6
2026-04-05,S058,SKU00031,2
2026-03-29,S058,SKU00031,7
2026-03-22,S058,SKU00031,3
2026-03-15,S058,SKU00031,13
2026-03-08,S058,SKU00031,4
2026-03-01,S058,SKU00031,9
2026-02-22,S058,SKU00031,2
